CaptureEventID,NumSpecies,Species,Count
ASG000b3xp,1,reedbuck,1
ASG000b45v,1,zebra,1
ASG000b48a,1,reedbuck,1
ASG000b4c2,1,elephant,1
ASG000b4cg,1,otherBird,1
ASG000b4k2,1,elephant,1
ASG000b4vc,1,reedbuck,2
ASG000b4y1,1,warthog,1
ASG000b4yi,1,elephant,1
ASG000b504,1,human,11-50
ASG000b50u,1,giraffe,1
ASG000b514,1,wildebeest,1
ASG000b51h,1,zebra,1
ASG000b51i,1,buffalo,1
ASG000b55k,1,guineaFowl,2
ASG000b5b4,1,zebra,8
ASG000b5bx,1,zebra,11-50
ASG000b5c4,1,zebra,9
ASG000b5d5,1,zebra,11-50
ASG000b5dm,2,wildebeest,11-50
ASG000b5dm,2,zebra,9
ASG000b5du,1,zebra,11-50
ASG000b5e4,1,warthog,1
ASG000b5e9,2,otherBird,1
ASG000b5e9,2,zebra,9
ASG000b5el,1,zebra,3
ASG000b5eu,2,wildebeest,8
ASG000b5eu,2,zebra,9
ASG000b5fh,1,zebra,11-50
ASG000b5fo,1,zebra,7
ASG000b5h1,1,zebra,11-50
ASG000b5h9,1,zebra,11-50
ASG000b5hf,1,zebra,11-50
ASG000b5hg,1,zebra,11-50
ASG000b5hn,1,zebra,7
ASG000b5ht,1,buffalo,1
ASG000b5hy,1,zebra,11-50
ASG000b5jj,1,otherBird,1
ASG000b5ky,1,zebra,11-50
ASG000b5m1,1,zebra,7
ASG000b5n9,3,human,1
ASG000b5n9,3,wildebeest,4
ASG000b5n9,3,zebra,4
ASG000b5nq,2,wildebeest,3
ASG000b5nq,2,zebra,5
ASG000b5nt,1,zebra,2
ASG000b5om,1,zebra,5
ASG000b5on,1,zebra,11-50
ASG000b5ov,1,otherBird,1
ASG000b5pi,2,wildebeest,4
ASG000b5pi,2,zebra,11-50
ASG000b5pq,1,zebra,7
ASG000b5qb,2,wildebeest,5
ASG000b5qb,2,zebra,4
ASG000b5qi,2,wildebeest,5
ASG000b5qi,2,zebra,2
ASG000b5qv,1,zebra,8
ASG000b5r1,1,zebra,1
ASG000b5s9,1,wildebeest,5
ASG000b5t5,1,koriBustard,1
ASG000b5tc,1,eland,1
ASG000b5tm,2,wildebeest,5
ASG000b5tm,2,zebra,10
ASG000b5u4,1,lionFemale,5
ASG000b5uj,1,zebra,6
ASG000b5vt,1,mongoose,2
ASG000b5w5,1,zebra,1
ASG000b5wb,1,zebra,11-50
ASG000b5wk,1,zebra,3
ASG000b5yh,1,warthog,1
ASG000b5z2,2,wildebeest,11-50
ASG000b5z2,2,zebra,6
ASG000b5ze,1,lionFemale,1
ASG000b5zn,1,zebra,6
ASG000b610,2,wildebeest,11-50
ASG000b610,2,zebra,11-50
ASG000b61j,2,wildebeest,6
ASG000b61j,2,zebra,11-50
ASG000b61s,1,eland,3
ASG000b61z,1,zebra,11-50
ASG000b620,1,lionFemale,1
ASG000b638,2,wildebeest,5
ASG000b638,2,zebra,11-50
ASG000b63n,1,wildebeest,8
ASG000b65z,2,otherBird,3
ASG000b65z,2,zebra,6
ASG000b66e,2,wildebeest,6
ASG000b66e,2,zebra,11-50
ASG000b66u,1,zebra,4
ASG000b66x,1,zebra,8
ASG000b681,2,wildebeest,11-50
ASG000b681,2,zebra,5
ASG000b68k,1,zebra,11-50
ASG000b694,1,hyenaSpotted,1
ASG000b6a5,1,zebra,1
ASG000b6al,1,zebra,3
ASG000b6ax,1,zebra,10
ASG000b6bn,2,wildebeest,11-50
ASG000b6bn,2,zebra,11-50
ASG000b6cd,1,jackal,1
ASG000b6co,1,zebra,1
ASG000b74s,1,impossible,
ASG000b7ey,1,buffalo,4
ASG000b7m6,1,zebra,2
ASG000b7nd,2,wildebeest,1
ASG000b7nd,2,zebra,3
ASG000b7nl,1,zebra,1
ASG000b7qq,2,wildebeest,3
ASG000b7qq,2,zebra,1
ASG000b7rk,1,otherBird,1
ASG000b7ug,1,zebra,1
ASG000b7ur,3,otherBird,2
ASG000b7ur,3,wildebeest,6
ASG000b7ur,3,zebra,3
ASG000b7yr,1,zebra,2
ASG000b8df,1,reedbuck,1
ASG000b8iq,1,wildebeest,3
ASG000b8j8,1,wildebeest,2
ASG000b8ji,1,impala,7
ASG000b8jp,1,zebra,4
ASG000b8ky,1,wildebeest,1
ASG000b8lk,1,giraffe,1
ASG000b8ny,1,elephant,1
ASG000b8o0,1,elephant,2
ASG000b8o3,1,impala,3
ASG000b90n,1,zebra,2
ASG000b9ep,1,wildebeest,11-50
ASG000b9zw,2,otherBird,1
ASG000b9zw,2,wildebeest,3
ASG000baqo,1,buffalo,1
ASG000baxg,1,giraffe,1
ASG000baz0,1,wildebeest,8
ASG000bb5t,1,wildebeest,1
ASG000bb8x,1,wildebeest,2
ASG000bbc5,1,wildebeest,6
ASG000bbcl,1,wildebeest,1
ASG000bbcm,1,giraffe,1
ASG000bbj3,1,giraffe,1
ASG000bbl7,1,baboon,1
ASG000bbla,1,human,1
ASG000bblr,1,giraffe,1
ASG000bbn0,1,giraffe,1
ASG000bbne,1,wildebeest,1
ASG000bboi,1,hippopotamus,1
ASG000bbqx,1,wildebeest,10
ASG000bbrz,1,giraffe,1
ASG000bbtk,1,warthog,1
ASG000bbtl,1,baboon,1
ASG000bbto,1,warthog,1
ASG000bbu0,1,giraffe,1
ASG000bbu6,1,warthog,2
ASG000bbu9,1,buffalo,2
ASG000bbuq,1,warthog,1
ASG000bbv4,1,warthog,1
ASG000bbva,1,warthog,1
ASG000bbvi,1,warthog,2
ASG000bbw7,1,buffalo,7
ASG000bbw8,1,warthog,1
ASG000bbwf,1,warthog,1
ASG000bbwi,1,warthog,1
ASG000bbwl,1,buffalo,6
ASG000bbws,1,zebra,1
ASG000bbwy,1,human,1
ASG000bbxe,1,wildebeest,1
ASG000bby4,1,leopard,1
ASG000bby5,1,wildebeest,3
ASG000bbye,1,wildebeest,1
ASG000bbz7,1,wildebeest,3
ASG000bbzv,1,wildebeest,1
ASG000bc1u,1,zebra,1
ASG000bc2e,1,zebra,1
ASG000bc2x,1,wildebeest,2
ASG000bc3o,1,wildebeest,1
ASG000bc4n,1,wildebeest,1
ASG000bc4s,1,wildebeest,4
ASG000bc50,2,wildebeest,2
ASG000bc50,2,zebra,1
ASG000bc5l,1,wildebeest,1
ASG000bc5n,1,wildebeest,1
ASG000bc5y,1,wildebeest,2
ASG000bc65,1,wildebeest,1
ASG000bc6m,1,wildebeest,1
ASG000bc7w,1,buffalo,1
ASG000bc7x,1,guineaFowl,11-50
ASG000bc8u,1,wildebeest,1
ASG000bc90,2,wildebeest,3
ASG000bc90,2,zebra,1
ASG000bc9c,1,elephant,1
ASG000bcac,1,wildebeest,1
ASG000bcb1,2,wildebeest,2
ASG000bcb1,2,zebra,1
ASG000bcd2,1,wildebeest,2
ASG000bcei,1,wildebeest,4
ASG000bcel,1,warthog,1
ASG000bcfu,1,wildebeest,1
ASG000bcgp,1,wildebeest,1
ASG000bcgr,1,wildebeest,1
ASG000bcgv,1,zebra,1
ASG000bchf,1,baboon,1
ASG000bchq,1,wildebeest,1
ASG000bci4,1,reedbuck,1
ASG000bciw,2,wildebeest,5
ASG000bciw,2,zebra,3
ASG000bcja,1,wildebeest,2
ASG000bck6,1,wildebeest,4
ASG000bcka,1,zebra,5
ASG000bcld,1,wildebeest,6
ASG000bcm3,1,zebra,2
ASG000bcmq,1,baboon,1
ASG000bcmw,1,zebra,4
ASG000bcmy,1,elephant,1
ASG000bcnc,1,zebra,4
ASG000bcnh,1,wildebeest,6
ASG000bcnn,2,wildebeest,1
ASG000bcnn,2,zebra,1
ASG000bcp9,1,zebra,1
ASG000bcpy,1,baboon,1
ASG000bctx,1,wildebeest,7
ASG000bcvg,2,wildebeest,5
ASG000bcvg,2,zebra,4
ASG000bcxa,1,wildebeest,10
ASG000bd2a,1,buffalo,4
ASG000bd35,1,hippopotamus,1
ASG000bd3h,1,hippopotamus,1
ASG000bd46,1,hippopotamus,1
ASG000bd4o,1,wildebeest,11-50
ASG000bd8q,1,wildebeest,11-50
ASG000bd93,1,gazelleGrants,1
ASG000bdbn,1,zebra,2
ASG000bdca,1,wildebeest,11-50
ASG000bdcp,1,zebra,2
ASG000bdeg,1,warthog,2
ASG000bdex,1,zebra,5
ASG000bdf2,1,zebra,2
ASG000bdfk,1,gazelleThomsons,11-50
ASG000bdfw,1,human,1
ASG000bdgu,1,zebra,1
ASG000bdik,1,wildebeest,1
ASG000bdin,1,wildebeest,2
ASG000bdjo,1,hyenaSpotted,1
ASG000bdl9,1,gazelleThomsons,8
ASG000bdm7,1,human,1
ASG000bdmc,2,wildebeest,1
ASG000bdmc,2,zebra,1
ASG000bdos,1,zebra,3
ASG000bdph,1,wildebeest,11-50
ASG000bdr5,1,warthog,1
ASG000bdrt,1,zebra,1
ASG000bdsm,1,wildebeest,3
ASG000bdsx,1,reedbuck,2
ASG000bdta,1,jackal,1
ASG000bduo,1,zebra,2
ASG000bdwh,1,giraffe,4
ASG000bdwi,1,gazelleGrants,1
ASG000bdwz,1,gazelleGrants,1
ASG000bdxs,1,wildebeest,2
ASG000bdy0,1,zebra,1
ASG000bdyh,1,buffalo,4
ASG000bdyk,1,buffalo,2
ASG000bdzu,1,buffalo,2
ASG000be04,1,buffalo,2
ASG000be0y,1,wildebeest,4
ASG000be1l,1,buffalo,1
ASG000be1s,1,wildebeest,2
ASG000be28,1,buffalo,2
ASG000be2x,1,wildebeest,1
ASG000be3y,1,buffalo,1
ASG000be4s,1,buffalo,11-50
ASG000be4t,1,buffalo,3
ASG000be5n,1,zebra,3
ASG000be6g,1,otherBird,1
ASG000be7b,1,wildebeest,3
ASG000be7c,1,wildebeest,2
ASG000be7n,1,wildebeest,5
ASG000be7q,1,secretaryBird,1
ASG000be8c,1,zebra,4
ASG000be8q,1,human,1
ASG000be8z,1,wildebeest,1
ASG000be9e,1,wildebeest,2
ASG000be9m,1,giraffe,1
ASG000be9w,1,wildebeest,1
ASG000bebs,1,zebra,1
ASG000bec4,1,zebra,1
ASG000becr,1,wildebeest,5
ASG000becw,1,impossible,
ASG000bedh,1,wildebeest,3
ASG000bees,1,otherBird,1
ASG000befw,2,warthog,1
ASG000befw,2,wildebeest,11-50
ASG000beh4,1,mongoose,2
ASG000beh9,1,guineaFowl,4
ASG000bek5,1,hyenaSpotted,1
ASG000belp,1,hyenaSpotted,1
ASG000bepl,1,guineaFowl,7
ASG000bes1,1,guineaFowl,1
ASG000besm,1,wildebeest,11-50
ASG000betc,1,wildebeest,11-50
ASG000beuc,1,wildebeest,11-50
ASG000beuf,1,wildebeest,11-50
ASG000bex1,1,guineaFowl,4
ASG000bezk,1,wildebeest,11-50
ASG000bf0k,1,wildebeest,11-50
ASG000bf0x,1,warthog,1
ASG000bf1k,1,giraffe,1
ASG000bf2a,1,wildebeest,11-50
ASG000bf5b,1,wildebeest,11-50
ASG000bf7n,1,wildebeest,5
ASG000bf8z,1,zebra,7
ASG000bf91,3,gazelleGrants,1
ASG000bf91,3,otherBird,1
ASG000bf91,3,warthog,1
ASG000bf99,1,zebra,1
ASG000bfa9,1,wildebeest,5
ASG000bfbe,1,zebra,3
ASG000bfcg,1,hartebeest,2
ASG000bfcm,1,wildebeest,1
ASG000bfdm,1,secretaryBird,1
ASG000bfe9,1,gazelleThomsons,1
ASG000bfea,1,wildebeest,6
ASG000bfec,1,guineaFowl,1
ASG000bfeu,1,wildebeest,7
ASG000bfex,1,wildebeest,6
ASG000bffh,1,topi,5
ASG000bfgi,1,wildebeest,3
ASG000bfgu,1,hartebeest,5
ASG000bfhv,1,warthog,1
ASG000bfid,1,wildebeest,3
ASG000bfj9,1,zebra,2
ASG000bfjr,1,wildebeest,2
ASG000bfkq,1,wildebeest,1
ASG000bflr,1,wildebeest,7
ASG000bfly,1,hartebeest,1
ASG000bfmb,1,giraffe,2
ASG000bfme,1,wildebeest,7
ASG000bfmk,1,giraffe,1
ASG000bfmr,1,wildebeest,5
ASG000bfnc,1,wildebeest,6
ASG000bfnm,1,wildebeest,4
ASG000bfoa,1,hartebeest,4
ASG000bfow,1,wildebeest,1
ASG000bfp1,1,wildebeest,11-50
ASG000bfp6,1,wildebeest,4
ASG000bfpb,1,wildebeest,5
ASG000bfpx,1,elephant,1
ASG000bfq1,1,wildebeest,3
ASG000bfq7,1,zebra,2
ASG000bfr3,2,wildebeest,8
ASG000bfr3,2,zebra,7
ASG000bfr4,1,zebra,8
ASG000bfr8,1,wildebeest,2
ASG000bfrh,1,wildebeest,5
ASG000bfrq,1,wildebeest,5
ASG000bfs6,1,zebra,1
ASG000bfsg,1,zebra,2
ASG000bft9,1,zebra,2
ASG000bftn,1,warthog,1
ASG000bfu7,1,wildebeest,2
ASG000bfug,1,zebra,3
ASG000bfui,1,hartebeest,1
ASG000bfzc,1,human,1
ASG000bfzu,1,buffalo,11-50
ASG000bg3m,1,giraffe,1
ASG000bg3o,1,zebra,5
ASG000bgdj,1,elephant,1
ASG000bgjl,1,buffalo,9
ASG000bglu,2,wildebeest,3
ASG000bglu,2,zebra,4
ASG000bglz,1,zebra,11-50
ASG000bgm3,1,wildebeest,1
ASG000bgn0,1,zebra,1
ASG000bgn1,1,zebra,5
ASG000bgnq,1,warthog,1
ASG000bgnx,1,wildebeest,1
ASG000bgoj,1,zebra,4
ASG000bgok,2,wildebeest,4
ASG000bgok,2,zebra,1
ASG000bgol,1,warthog,1
ASG000bgom,1,wildebeest,5
ASG000bgpx,2,wildebeest,1
ASG000bgpx,2,zebra,2
ASG000bgqa,1,wildebeest,4
ASG000bgqg,1,warthog,1
ASG000bgqu,1,wildebeest,11-50
ASG000bgr3,1,wildebeest,1
ASG000bgri,1,wildebeest,7
ASG000bgrz,1,wildebeest,10
ASG000bgsa,1,wildebeest,2
ASG000bgsb,2,wildebeest,1
ASG000bgsb,2,zebra,5
ASG000bgu0,1,zebra,1
ASG000bgu7,1,human,1
ASG000bgup,1,warthog,1
ASG000bgv1,2,wildebeest,2
ASG000bgv1,2,zebra,5
ASG000bgvu,1,zebra,1
ASG000bgw3,2,otherBird,1
ASG000bgw3,2,zebra,2
ASG000bgwa,1,zebra,3
ASG000bgwf,1,otherBird,1
ASG000bgxv,1,wildebeest,2
ASG000bgym,1,zebra,1
ASG000bgz3,1,zebra,2
ASG000bgzp,1,zebra,1
ASG000bgzs,1,zebra,3
ASG000bh15,1,wildebeest,1
ASG000bh1b,1,zebra,2
ASG000bh1o,1,hyenaSpotted,1
ASG000bh20,1,zebra,1
ASG000bh22,1,zebra,2
ASG000bh2n,2,wildebeest,3
ASG000bh2n,2,zebra,5
ASG000bh4n,1,zebra,2
ASG000bh5c,1,zebra,3
ASG000bh5m,1,wildebeest,2
ASG000bh67,1,wildebeest,1
ASG000bh7i,1,ostrich,1
ASG000bh7k,2,wildebeest,6
ASG000bh7k,2,zebra,1
ASG000bh88,1,zebra,11-50
ASG000bh8n,1,zebra,4
ASG000bh9b,1,zebra,4
ASG000bha7,1,zebra,2
ASG000bhgh,1,buffalo,5
ASG000bhgo,2,buffalo,7
ASG000bhgo,2,otherBird,3
ASG000bhpv,1,buffalo,2
ASG000bhsc,1,zebra,7
ASG000bht0,2,buffalo,4
ASG000bht0,2,otherBird,1
ASG000bhwp,1,buffalo,11-50
ASG000bhxy,1,buffalo,3
ASG000bi3a,1,zebra,1
ASG000bi6l,1,zebra,3
ASG000bi70,2,wildebeest,10
ASG000bi70,2,zebra,2
ASG000bi75,2,otherBird,2
ASG000bi75,2,wildebeest,11-50
ASG000bi7r,1,wildebeest,8
ASG000bi8c,1,wildebeest,3
ASG000bi92,2,otherBird,2
ASG000bi92,2,wildebeest,9
ASG000bi9e,1,wildebeest,1
ASG000bi9h,1,giraffe,2
ASG000bib2,1,hyenaSpotted,1
ASG000bib9,1,wildebeest,2
ASG000bibm,2,otherBird,3
ASG000bibm,2,wildebeest,7
ASG000bico,1,wildebeest,6
ASG000bicr,1,wildebeest,1
ASG000biff,1,wildebeest,1
ASG000bifi,1,wildebeest,3
ASG000bifm,2,otherBird,1
ASG000bifm,2,wildebeest,11-50
ASG000big4,1,wildebeest,6
ASG000bigs,2,otherBird,1
ASG000bigs,2,wildebeest,6
ASG000bih7,1,wildebeest,5
ASG000bihn,1,wildebeest,5
ASG000bihu,1,wildebeest,6
ASG000bii6,2,otherBird,1
ASG000bii6,2,wildebeest,3
ASG000biio,1,wildebeest,4
ASG000bij2,1,wildebeest,4
ASG000bijm,1,elephant,3
ASG000bikc,1,wildebeest,4
ASG000bikp,1,wildebeest,1
ASG000bikq,2,otherBird,1
ASG000bikq,2,wildebeest,3
ASG000bill,1,wildebeest,11-50
ASG000bilw,2,otherBird,4
ASG000bilw,2,wildebeest,5
ASG000bims,2,otherBird,1
ASG000bims,2,wildebeest,7
ASG000binj,1,wildebeest,11-50
ASG000bioc,1,elephant,1
ASG000bip6,1,warthog,1
ASG000bipc,1,buffalo,1
ASG000bipz,1,buffalo,1
ASG000biq2,1,buffalo,1
ASG000biq3,1,wildebeest,5
ASG000biq6,1,buffalo,1
ASG000biqj,1,buffalo,1
ASG000biqk,1,wildebeest,4
ASG000biqx,1,wildebeest,2
ASG000bir2,1,wildebeest,3
ASG000birx,1,wildebeest,7
ASG000biry,1,zebra,3
ASG000bit3,1,wildebeest,3
ASG000bit5,1,wildebeest,6
ASG000bit6,1,wildebeest,1
ASG000biu5,1,wildebeest,1
ASG000biub,1,wildebeest,11-50
ASG000biuc,1,wildebeest,11-50
ASG000bivt,1,wildebeest,1
ASG000biwm,1,wildebeest,11-50
ASG000bix5,1,wildebeest,3
ASG000bixo,1,wildebeest,7
ASG000bixw,1,wildebeest,1
ASG000biy5,1,wildebeest,2
ASG000biyb,1,wildebeest,1
ASG000biyx,2,wildebeest,7
ASG000biyx,2,zebra,1
ASG000biz5,1,wildebeest,1
ASG000bizn,1,wildebeest,3
ASG000bj02,1,wildebeest,11-50
ASG000bj0r,1,wildebeest,4
ASG000bj1l,1,hartebeest,2
ASG000bj2k,1,wildebeest,6
ASG000bj37,1,wildebeest,4
ASG000bj3j,1,wildebeest,4
ASG000bj3m,1,wildebeest,1
ASG000bj3u,1,wildebeest,3
ASG000bj45,1,hartebeest,1
ASG000bj4g,1,hartebeest,1
ASG000bj5i,1,wildebeest,4
ASG000bj5o,1,wildebeest,8
ASG000bj66,1,hartebeest,2
ASG000bj7e,1,wildebeest,6
ASG000bj82,1,wildebeest,10
ASG000bj8a,1,wildebeest,11-50
ASG000bj8i,1,wildebeest,11-50
ASG000bj8j,1,hartebeest,1
ASG000bj9b,2,wildebeest,1
ASG000bj9b,2,zebra,1
ASG000bj9c,1,wildebeest,11-50
ASG000bj9p,1,hartebeest,2
ASG000bja6,1,hartebeest,1
ASG000bjaf,1,wildebeest,1
ASG000bjb3,1,wildebeest,5
ASG000bjb5,1,hartebeest,1
ASG000bjbd,2,wildebeest,1
ASG000bjbd,2,zebra,2
ASG000bjbw,1,wildebeest,2
ASG000bjc5,1,wildebeest,7
ASG000bjcn,1,wildebeest,3
ASG000bjcp,1,hartebeest,2
ASG000bjda,1,wildebeest,4
ASG000bjdg,1,wildebeest,1
ASG000bjdx,1,zebra,9
ASG000bje8,1,wildebeest,4
ASG000bjev,1,hartebeest,2
ASG000bjez,1,human,1
ASG000bjf9,1,wildebeest,4
ASG000bjfb,1,wildebeest,4
ASG000bjfh,1,wildebeest,11-50
ASG000bjwa,1,wildebeest,5
ASG000bjy5,1,zebra,1
ASG000bjyt,1,elephant,1
ASG000bjz7,1,zebra,6
ASG000bk0g,1,zebra,1
ASG000bk2c,1,eland,8
ASG000bk3g,1,eland,1
ASG000bk3l,2,wildebeest,2
ASG000bk3l,2,zebra,4
ASG000bk4r,1,wildebeest,11-50
ASG000bk67,1,zebra,6
ASG000bk7j,1,wildebeest,1
ASG000bk7q,1,zebra,1
ASG000bk97,1,zebra,3
ASG000bkgn,2,buffalo,9
ASG000bkgn,2,otherBird,1
ASG000bkgw,2,buffalo,9
ASG000bkgw,2,otherBird,6
ASG000bkil,1,buffalo,10
ASG000bkj0,1,buffalo,1
ASG000bkjq,1,buffalo,3
ASG000bkk8,1,zebra,3
ASG000bklc,1,buffalo,1
ASG000bkll,2,buffalo,9
ASG000bkll,2,otherBird,2
ASG000bklq,1,impossible,
ASG000bkm8,2,buffalo,11-50
ASG000bkm8,2,otherBird,3
ASG000bkmb,2,buffalo,1
ASG000bkmb,2,otherBird,1
ASG000bkmd,1,buffalo,6
ASG000bkme,2,buffalo,2
ASG000bkme,2,otherBird,3
ASG000bkmz,1,hyenaSpotted,1
ASG000bkob,1,buffalo,7
ASG000bkpx,1,buffalo,2
ASG000bkqh,1,buffalo,6
ASG000bkr8,1,elephant,1
ASG000bkss,1,buffalo,2
ASG000bktg,2,buffalo,9
ASG000bktg,2,otherBird,6
ASG000bku7,1,buffalo,1
ASG000bkv0,1,buffalo,10
ASG000bkvg,2,buffalo,1
ASG000bkvg,2,otherBird,1
ASG000bkwe,1,buffalo,4
ASG000bkxt,1,buffalo,2
ASG000bkxz,2,buffalo,3
ASG000bkxz,2,otherBird,1
ASG000bkyg,1,buffalo,4
ASG000bkz9,1,buffalo,1
ASG000bkzs,2,buffalo,10
ASG000bkzs,2,otherBird,2
ASG000bkzt,1,buffalo,2
ASG000bkzv,1,buffalo,11-50
ASG000bl12,1,buffalo,1
ASG000bl1f,1,buffalo,1
ASG000bl1m,1,buffalo,7
ASG000bl2o,1,elephant,1
ASG000bl38,2,buffalo,7
ASG000bl38,2,otherBird,5
ASG000bl3n,1,elephant,3
ASG000bl43,1,buffalo,5
ASG000bl4e,1,buffalo,4
ASG000bl4m,1,buffalo,3
ASG000bl4v,2,buffalo,5
ASG000bl4v,2,otherBird,2
ASG000bl5c,1,elephant,1
ASG000bl5f,1,elephant,1
ASG000bl62,1,giraffe,1
ASG000bl6a,1,buffalo,11-50
ASG000bl6r,1,hyenaSpotted,1
ASG000blap,1,elephant,1
ASG000blct,1,zebra,10
ASG000blh8,1,elephant,2
ASG000bljv,1,elephant,2
ASG000blk8,1,zebra,6
ASG000blkd,1,giraffe,1
ASG000bllc,1,zebra,1
ASG000blo6,1,zebra,1
ASG000bloh,1,zebra,1
ASG000bloq,1,zebra,2
ASG000blp5,1,elephant,1
ASG000blpa,1,zebra,1
ASG000blpf,1,zebra,4
ASG000blqm,1,zebra,2
ASG000blqt,1,human,1
ASG000blr2,1,zebra,1
ASG000bls8,1,buffalo,1
ASG000blup,1,wildebeest,11-50
ASG000blux,1,wildebeest,6
ASG000blva,1,wildebeest,4
ASG000blvi,1,wildebeest,2
ASG000blvu,1,buffalo,1
ASG000blvv,1,wildebeest,11-50
ASG000bly2,1,wildebeest,11-50
ASG000blym,1,wildebeest,1
ASG000blz0,1,buffalo,1
ASG000blz3,1,wildebeest,4
ASG000blzk,1,wildebeest,2
ASG000blzt,2,wildebeest,2
ASG000blzt,2,zebra,2
ASG000blzv,1,impossible,
ASG000bm0f,1,wildebeest,5
ASG000bm0p,1,wildebeest,2
ASG000bm19,1,wildebeest,3
ASG000bm1e,1,zebra,7
ASG000bm1m,1,wildebeest,11-50
ASG000bm1t,1,wildebeest,9
ASG000bm1u,1,wildebeest,11-50
ASG000bm1w,1,giraffe,1
ASG000bm2r,1,zebra,3
ASG000bm3g,1,zebra,1
ASG000bm49,1,wildebeest,3
ASG000bm4b,1,elephant,2
ASG000bm4n,1,wildebeest,4
ASG000bm9a,1,wildebeest,11-50
ASG000bmaa,1,wildebeest,4
ASG000bmg1,2,wildebeest,2
ASG000bmg1,2,zebra,1
ASG000bmjb,1,wildebeest,7
ASG000bmv3,1,wildebeest,11-50
ASG000bn5j,1,warthog,1
ASG000bnfm,2,wildebeest,2
ASG000bnfm,2,zebra,5
ASG000bnha,1,wildebeest,11-50
ASG000bniv,1,gazelleGrants,1
ASG000bnke,1,wildebeest,2
ASG000bnln,1,impala,1
ASG000bnls,1,hartebeest,1
ASG000bnm9,1,hartebeest,1
ASG000bno7,1,wildebeest,11-50
ASG000bnoi,1,wildebeest,11-50
ASG000bnp5,1,wildebeest,3
ASG000bnp6,1,giraffe,1
ASG000bns1,1,giraffe,1
ASG000bnsc,1,buffalo,1
ASG000bnte,1,buffalo,1
ASG000bnuk,1,buffalo,1
ASG000bnuu,1,buffalo,1
ASG000bnv0,1,buffalo,1
ASG000bnwb,1,elephant,1
ASG000bnwx,1,zebra,3
ASG000bnxa,1,zebra,5
ASG000bnxo,1,zebra,1
ASG000bnxp,1,zebra,5
ASG000bo2j,1,impossible,
ASG000bo2z,1,zebra,2
ASG000bo3w,1,zebra,1
ASG000bo46,1,wildebeest,6
ASG000bo4c,1,wildebeest,1
ASG000bo4j,1,wildebeest,10
ASG000bo5s,1,zebra,4
ASG000bo63,1,wildebeest,1
ASG000bo6l,1,zebra,7
ASG000bo6u,1,wildebeest,5
ASG000bo7f,1,buffalo,3
ASG000bo7k,1,wildebeest,8
ASG000bo7l,1,impossible,
ASG000bo8m,1,wildebeest,7
ASG000bo9j,1,zebra,1
ASG000bo9k,1,wildebeest,5
ASG000boa0,1,wildebeest,1
ASG000boao,1,wildebeest,6
ASG000bobw,1,buffalo,5
ASG000bodb,1,zebra,3
ASG000bofe,2,buffalo,4
ASG000bofe,2,otherBird,8
ASG000bogm,2,buffalo,1
ASG000bogm,2,otherBird,5
ASG000boj7,2,buffalo,1
ASG000boj7,2,otherBird,5
ASG000bony,2,buffalo,3
ASG000bony,2,otherBird,5
ASG000bopo,2,buffalo,9
ASG000bopo,2,otherBird,8
ASG000boq6,2,buffalo,2
ASG000boq6,2,otherBird,11-50
ASG000borq,1,warthog,1
ASG000bovx,2,buffalo,2
ASG000bovx,2,otherBird,10
ASG000boxb,1,wildebeest,11-50
ASG000boxi,1,wildebeest,11-50
ASG000boxr,1,wildebeest,11-50
ASG000bp04,2,wildebeest,4
ASG000bp04,2,zebra,4
ASG000bp19,1,wildebeest,5
ASG000bp24,1,wildebeest,11-50
ASG000bp3w,1,wildebeest,9
ASG000bp43,1,wildebeest,11-50
ASG000bp48,1,wildebeest,11-50
ASG000bp5k,1,zebra,2
ASG000bp8c,1,baboon,2
ASG000bp8p,1,warthog,1
ASG000bp8u,1,baboon,1
ASG000bp8v,1,elephant,2
ASG000bp8y,1,impala,1
ASG000bp9g,1,elephant,1
ASG000bpa8,1,buffalo,1
ASG000bpad,1,buffalo,1
ASG000bpaq,1,buffalo,1
ASG000bpbo,1,hyenaSpotted,1
ASG000bpca,1,porcupine,1
ASG000bpcb,1,rodent,3
ASG000bpcv,1,buffalo,2
ASG000bpd4,1,warthog,1
ASG000bpe8,1,buffalo,2
ASG000bptu,1,zebra,4
ASG000bpyo,1,zebra,5
ASG000bqvw,1,zebra,2
ASG000bqwh,1,wildebeest,3
ASG000bqxt,1,zebra,2
ASG000bqy9,1,wildebeest,1
ASG000bqyf,2,wildebeest,2
ASG000bqyf,2,zebra,1
ASG000bqyn,1,wildebeest,2
ASG000bqzc,1,baboon,2
ASG000bqzm,1,wildebeest,2
ASG000br0u,1,impala,11-50
ASG000br0y,1,wildebeest,1
ASG000br16,1,wildebeest,8
ASG000bsc5,1,wildebeest,6
ASG000bti6,1,ostrich,1
ASG000btig,1,gazelleThomsons,1
ASG000btik,1,impala,1
ASG000btj4,1,human,1
ASG000btk0,1,lionFemale,1
ASG000btmi,1,wildebeest,11-50
ASG000btn1,1,otherBird,1
ASG000btn5,1,wildebeest,5
ASG000btun,1,wildebeest,5
ASG000btyq,1,wildebeest,1
ASG000bu0z,1,wildebeest,7
ASG000bu91,1,wildebeest,4
ASG000buhj,1,wildebeest,8
ASG000buru,1,wildebeest,2
ASG000buzj,1,hartebeest,1
ASG000bv69,1,hyenaSpotted,1
ASG000bv6m,1,zebra,1
ASG000bv7b,1,zebra,1
ASG000bv7h,1,zebra,1
ASG000bv82,1,hartebeest,1
ASG000bv9f,1,giraffe,2
ASG000bv9r,1,zebra,2
ASG000bvba,1,zebra,1
ASG000bvbc,1,zebra,1
ASG000bvcz,1,wildebeest,7
ASG000bvdb,1,wildebeest,1
ASG000bve9,1,zebra,3
ASG000bved,1,giraffe,1
ASG000bvee,1,wildebeest,2
ASG000bvem,2,eland,1
ASG000bvem,2,topi,3
ASG000bvfh,2,otherBird,1
ASG000bvfh,2,wildebeest,8
ASG000bvfq,1,wildebeest,5
ASG000bvgj,1,zebra,2
ASG000bvht,1,giraffe,1
ASG000bvio,1,ostrich,1
ASG000bvod,1,dikDik,1
ASG000bw51,1,dikDik,1
ASG000bw5f,1,bushbuck,1
ASG000bw76,1,reedbuck,1
ASG000bwa5,1,bushbuck,1
ASG000bwe7,1,bushbuck,1
ASG000bweu,1,human,1
ASG000bwfw,1,elephant,1
ASG000bwmu,1,otherBird,1
ASG000bwnf,1,wildebeest,11-50
ASG000bwts,1,hyenaSpotted,1
ASG000bwvw,1,impala,1
ASG000bwxo,1,human,1
ASG000bwxz,1,warthog,1
ASG000bwy4,1,warthog,1
ASG000bx0b,1,impala,1
ASG000bx0x,1,impala,1
ASG000bx1n,1,impala,2
ASG000bx25,1,impala,1
ASG000bx31,1,warthog,1
ASG000bx5d,1,warthog,3
ASG000bx5e,1,warthog,1
ASG000bx6h,1,warthog,2
ASG000bx6l,1,warthog,3
ASG000bx6s,1,human,1
ASG000bx87,1,buffalo,1
ASG000bx8h,1,impala,1
ASG000bx91,1,buffalo,2
ASG000bx97,1,giraffe,1
ASG000bx9p,1,warthog,1
ASG000bxc6,1,buffalo,11-50
ASG000bxe1,1,warthog,3
ASG000bxef,1,buffalo,3
ASG000bxfm,1,buffalo,5
ASG000bxj3,1,impala,2
ASG000bxkd,1,impala,11-50
ASG000bxkg,1,buffalo,2
ASG000bxmd,1,buffalo,4
ASG000bxn3,1,zebra,2
ASG000bxn7,1,zebra,2
ASG000bxn8,1,impala,1
ASG000bxnd,1,impala,1
ASG000bxnh,1,zebra,1
ASG000bxo6,1,zebra,5
ASG000bxok,1,wildebeest,2
ASG000bxon,1,zebra,4
ASG000bxp3,1,zebra,4
ASG000bxp4,1,zebra,2
ASG000bxp5,1,zebra,6
ASG000bxqf,1,zebra,11-50
ASG000bxre,1,wildebeest,5
ASG000bxs4,1,impala,2
ASG000bxsd,1,zebra,3
ASG000bxsg,1,impossible,
ASG000bxst,1,wildebeest,1
ASG000bxsx,1,zebra,7
ASG000bxt3,1,zebra,2
ASG000bxt7,1,zebra,2
ASG000bxte,1,impala,1
ASG000bxu0,1,zebra,1
ASG000bxux,1,zebra,1
ASG000bxv5,1,impala,3
ASG000bxva,2,wildebeest,2
ASG000bxva,2,zebra,4
ASG000bxvv,2,wildebeest,3
ASG000bxvv,2,zebra,3
ASG000bxws,1,impala,1
ASG000bxx1,1,zebra,6
ASG000bxz1,2,wildebeest,1
ASG000bxz1,2,zebra,4
ASG000bxz3,1,zebra,2
ASG000bxzj,1,zebra,4
ASG000bxzm,1,impala,3
ASG000bxzu,1,zebra,1
ASG000bxzw,1,wildebeest,1
ASG000bxzx,1,impala,4
ASG000by02,1,zebra,4
ASG000by0f,1,zebra,3
ASG000by1u,1,zebra,6
ASG000by2c,1,zebra,2
ASG000by2g,1,impala,1
ASG000by2q,2,wildebeest,1
ASG000by2q,2,zebra,1
ASG000by2s,1,impala,2
ASG000by38,1,impala,1
ASG000by3a,2,wildebeest,1
ASG000by3a,2,zebra,6
ASG000by3q,2,wildebeest,1
ASG000by3q,2,zebra,4
ASG000by3x,1,impala,1
ASG000by4w,1,impala,1
ASG000by5e,1,zebra,2
ASG000by5s,1,impala,2
ASG000by60,1,zebra,2
ASG000by6r,1,impala,3
ASG000by6x,1,impala,1
ASG000by71,1,zebra,4
ASG000by75,2,mongoose,1
ASG000by75,2,zebra,1
ASG000by7o,2,wildebeest,3
ASG000by7o,2,zebra,1
ASG000by7r,1,zebra,6
ASG000by7u,1,impala,1
ASG000by7v,1,zebra,2
ASG000by8p,1,wildebeest,2
ASG000by99,1,zebra,6
ASG000by9m,1,wildebeest,2
ASG000by9v,1,giraffe,1
ASG000bya0,1,zebra,7
ASG000byar,1,zebra,6
ASG000byb1,2,wildebeest,1
ASG000byb1,2,zebra,3
ASG000byc9,1,wildebeest,3
ASG000byd6,1,zebra,3
ASG000bydg,1,zebra,1
ASG000bye2,1,hyenaSpotted,1
ASG000byes,1,wildebeest,1
ASG000byff,1,zebra,6
ASG000byfn,1,zebra,5
ASG000byfp,1,impala,1
ASG000bygb,1,impala,6
ASG000bygx,1,zebra,2
ASG000byhm,1,wildebeest,1
ASG000byhp,1,zebra,8
ASG000byi4,1,impala,2
ASG000byi7,1,zebra,9
ASG000byik,1,giraffe,3
ASG000byir,1,zebra,2
ASG000byit,1,zebra,4
ASG000byj6,2,wildebeest,3
ASG000byj6,2,zebra,1
ASG000byjv,1,hyenaSpotted,1
ASG000byl0,1,impala,3
ASG000bymn,1,impossible,
ASG000bymt,1,impala,1
ASG000bymu,1,giraffe,1
ASG000bymw,1,vervetMonkey,1
ASG000byn0,1,impala,1
ASG000byno,1,warthog,1
ASG000bynu,1,topi,2
ASG000bynv,1,impala,1
ASG000bynx,1,impala,4
ASG000byol,1,impala,1
ASG000byom,1,impala,4
ASG000byop,1,warthog,1
ASG000byp9,1,zebra,3
ASG000bypi,1,impala,1
ASG000byql,1,impala,2
ASG000byqp,1,guineaFowl,1
ASG000bys8,1,impala,1
ASG000bysy,1,impala,1
ASG000byu3,1,impala,2
ASG000byuy,1,impala,1
ASG000byvu,1,giraffe,2
ASG000bywu,1,impala,1
ASG000byx4,1,impala,2
ASG000byy7,1,impala,3
ASG000byz7,1,impala,1
ASG000byz8,1,impala,2
ASG000bz2u,1,impala,3
ASG000bz2y,1,impala,2
ASG000bz39,2,dikDik,1
ASG000bz39,2,vervetMonkey,1
ASG000bz3f,1,impala,1
ASG000bz4v,1,impala,1
ASG000bz5x,1,impala,1
ASG000bz6m,1,impala,2
ASG000bz6u,1,giraffe,1
ASG000bz76,1,impala,2
ASG000bza4,1,gazelleThomsons,3
ASG000bzaj,1,wildebeest,1
ASG000bzb0,1,gazelleThomsons,6
ASG000bzbs,1,wildebeest,1
ASG000bzct,1,zebra,6
ASG000bzdg,1,gazelleThomsons,5
ASG000bzdk,1,wildebeest,1
ASG000bzdy,1,gazelleThomsons,4
ASG000bze6,1,gazelleThomsons,8
ASG000bzeo,1,gazelleThomsons,8
ASG000bzep,1,gazelleThomsons,1
ASG000bzew,1,zebra,11-50
ASG000bzf1,2,wildebeest,1
ASG000bzf1,2,zebra,1
ASG000bzfp,1,gazelleThomsons,5
ASG000bzgi,1,gazelleThomsons,2
ASG000bzgw,1,gazelleThomsons,1
ASG000bzh7,1,gazelleThomsons,2
ASG000bzhc,1,gazelleThomsons,2
ASG000bzhh,1,wildebeest,1
ASG000bzht,1,gazelleThomsons,9
ASG000bzi3,1,wildebeest,3
ASG000bzjq,1,gazelleThomsons,1
ASG000bzjx,1,gazelleThomsons,3
ASG000bzke,1,gazelleThomsons,2
ASG000bzko,1,gazelleThomsons,1
ASG000bzl6,1,wildebeest,1
ASG000bzlp,1,gazelleThomsons,5
ASG000bzme,2,gazelleThomsons,10
ASG000bzme,2,otherBird,1
ASG000bzmk,1,wildebeest,2
ASG000bzml,1,wildebeest,1
ASG000bzmu,1,gazelleThomsons,2
ASG000bzn5,1,gazelleThomsons,2
ASG000bznh,1,wildebeest,2
ASG000bzor,1,wildebeest,1
ASG000bzow,1,gazelleThomsons,6
ASG000bzoz,1,gazelleThomsons,11-50
ASG000bzp2,1,gazelleThomsons,1
ASG000bzp4,1,gazelleThomsons,6
ASG000bzpj,1,eland,1
ASG000bzpy,1,gazelleThomsons,1
ASG000bzq2,1,gazelleThomsons,7
ASG000bzru,1,gazelleThomsons,7
ASG000bzsc,1,gazelleThomsons,7
ASG000bzsf,1,gazelleThomsons,1
ASG000bzsk,1,gazelleThomsons,2
ASG000bzss,1,gazelleThomsons,6
ASG000bzst,1,gazelleThomsons,2
ASG000bzsx,1,wildebeest,4
ASG000bztd,1,gazelleThomsons,1
ASG000bzu5,1,gazelleThomsons,10
ASG000bzum,1,gazelleThomsons,7
ASG000bzuz,1,gazelleThomsons,3
ASG000bzv3,1,gazelleThomsons,4
ASG000bzv4,1,gazelleThomsons,7
ASG000bzvc,1,gazelleThomsons,9
ASG000bzvd,1,gazelleThomsons,7
ASG000bzvz,1,gazelleThomsons,4
ASG000bzw0,1,wildebeest,8
ASG000bzwa,1,gazelleThomsons,5
ASG000bzwp,1,zebra,4
ASG000bzws,1,wildebeest,2
ASG000bzx9,1,gazelleThomsons,1
ASG000c005,1,gazelleThomsons,3
ASG000c00f,1,gazelleThomsons,8
ASG000c00l,1,gazelleThomsons,9
ASG000c00o,1,wildebeest,1
ASG000c01s,1,gazelleThomsons,7
ASG000c02w,1,gazelleThomsons,5
ASG000c04f,1,gazelleThomsons,11-50
ASG000c05b,1,gazelleThomsons,7
ASG000c05d,1,gazelleThomsons,4
ASG000c05s,1,wildebeest,1
ASG000c06h,1,wildebeest,7
ASG000c06u,1,gazelleThomsons,11-50
ASG000c079,2,gazelleThomsons,3
ASG000c079,2,hartebeest,2
ASG000c07q,1,gazelleThomsons,9
ASG000c080,1,gazelleThomsons,4
ASG000c08w,1,zebra,8
ASG000c095,1,gazelleThomsons,1
ASG000c09l,1,gazelleThomsons,1
ASG000c0ag,1,wildebeest,1
ASG000c0br,1,gazelleThomsons,6
ASG000c0er,1,gazelleThomsons,3
ASG000c0et,1,gazelleThomsons,11-50
ASG000c0fv,2,gazelleThomsons,1
ASG000c0fv,2,hartebeest,2
ASG000c0gi,1,gazelleThomsons,4
ASG000c0gp,1,buffalo,1
ASG000c0hi,2,wildebeest,8
ASG000c0hi,2,zebra,6
ASG000c0hl,1,wildebeest,1
ASG000c0ih,1,gazelleThomsons,8
ASG000c0j5,1,wildebeest,4
ASG000c0ji,1,gazelleThomsons,5
ASG000c0kh,1,gazelleThomsons,7
ASG000c0km,1,gazelleThomsons,6
ASG000c0la,1,giraffe,1
ASG000c1gl,1,warthog,2
ASG000c1v4,1,elephant,2
ASG000c2e8,1,hippopotamus,1
ASG000c2lp,1,gazelleThomsons,4
ASG000c2m9,1,gazelleThomsons,2
ASG000c2n2,1,otherBird,1
ASG000c2nm,2,wildebeest,6
ASG000c2nm,2,zebra,7
ASG000c2pj,2,otherBird,1
ASG000c2pj,2,wildebeest,1
ASG000c2r1,2,wildebeest,1
ASG000c2r1,2,zebra,1
ASG000c2t2,1,zebra,2
ASG000c2tm,1,wildebeest,1
ASG000c2tv,1,gazelleThomsons,1
ASG000c2u8,1,zebra,5
ASG000c2uj,1,gazelleThomsons,11-50
ASG000c2vh,1,wildebeest,1
ASG000c2wa,1,zebra,2
ASG000c2wg,1,zebra,4
ASG000c2wh,1,gazelleThomsons,11-50
ASG000c2wj,2,gazelleGrants,1
ASG000c2wj,2,gazelleThomsons,6
ASG000c2wl,1,wildebeest,1
ASG000c2y1,1,gazelleThomsons,7
ASG000c2yo,1,gazelleThomsons,11-50
ASG000c2z7,1,gazelleThomsons,11-50
ASG000c2zb,1,gazelleThomsons,1
ASG000c2zu,1,zebra,4
ASG000c301,2,gazelleGrants,2
ASG000c301,2,gazelleThomsons,3
ASG000c318,1,gazelleThomsons,1
ASG000c31p,1,gazelleThomsons,1
ASG000c31z,1,gazelleThomsons,9
ASG000c32m,1,gazelleThomsons,5
ASG000c34u,1,wildebeest,11-50
ASG000c34v,1,gazelleThomsons,1
ASG000c39h,1,mongoose,3
ASG000c3al,1,gazelleThomsons,1
ASG000c3ch,1,gazelleThomsons,11-50
ASG000c3cp,1,zebra,1
ASG000c3ds,1,wildebeest,6
ASG000c3eo,1,gazelleThomsons,11-50
ASG000c3fr,1,wildebeest,2
ASG000c3fw,1,gazelleThomsons,2
ASG000c3g3,1,zebra,1
ASG000c3g5,2,otherBird,1
ASG000c3g5,2,wildebeest,4
ASG000c3it,1,gazelleThomsons,9
ASG000c3lb,1,wildebeest,3
ASG000c3lz,1,gazelleGrants,10
ASG000c3nx,1,gazelleThomsons,1
ASG000c3oz,2,wildebeest,1
ASG000c3oz,2,zebra,2
ASG000c3q5,1,zebra,6
ASG000c3rl,1,gazelleThomsons,4
ASG000c3ru,2,gazelleThomsons,1
ASG000c3ru,2,otherBird,1
ASG000c3ua,1,gazelleThomsons,1
ASG000c3v7,1,mongoose,1
ASG000c3vg,1,gazelleThomsons,2
ASG000c3y2,1,gazelleThomsons,1
ASG000c3yo,1,impossible,
ASG000c3zr,1,gazelleThomsons,7
ASG000c463,1,koriBustard,1
ASG000c469,1,gazelleThomsons,9
ASG000c471,1,gazelleThomsons,7
ASG000c479,1,gazelleThomsons,8
ASG000c47z,1,gazelleThomsons,10
ASG000c48m,1,hyenaSpotted,1
ASG000c48r,1,gazelleThomsons,11-50
ASG000c498,1,wildebeest,2
ASG000c49c,1,gazelleThomsons,1
ASG000c49e,1,gazelleThomsons,11-50
ASG000c4bj,1,gazelleThomsons,1
ASG000c4gv,1,elephant,1
ASG000c4hb,1,zebra,1
ASG000c4mz,1,wildebeest,11-50
ASG000c4nm,1,wildebeest,6
ASG000c4nu,1,zebra,4
ASG000c4o7,1,wildebeest,11-50
ASG000c4o9,1,wildebeest,4
ASG000c4oa,1,wildebeest,11-50
ASG000c4od,2,wildebeest,3
ASG000c4od,2,zebra,1
ASG000c4p4,1,wildebeest,9
ASG000c4p7,1,wildebeest,1
ASG000c4pq,1,wildebeest,1
ASG000c4q3,1,wildebeest,1
ASG000c4qg,1,wildebeest,11-50
ASG000c4qo,1,wildebeest,5
ASG000c4re,1,zebra,3
ASG000c4rn,2,otherBird,1
ASG000c4rn,2,zebra,1
ASG000c4rp,1,wildebeest,4
ASG000c4sa,1,wildebeest,3
ASG000c4sc,1,wildebeest,11-50
ASG000c4sf,2,wildebeest,1
ASG000c4sf,2,zebra,1
ASG000c4sl,1,wildebeest,1
ASG000c4tr,1,zebra,1
ASG000c4u5,1,buffalo,8
ASG000c4ud,2,otherBird,2
ASG000c4ud,2,wildebeest,7
ASG000c4uo,2,buffalo,1
ASG000c4uo,2,zebra,1
ASG000c4vg,1,wildebeest,2
ASG000c4vs,1,zebra,1
ASG000c4ws,1,giraffe,1
ASG000c4xg,1,wildebeest,1
ASG000c4y1,1,warthog,1
ASG000c4yb,1,zebra,3
ASG000c4yo,1,wildebeest,7
ASG000c4zl,2,wildebeest,5
ASG000c4zl,2,zebra,3
ASG000c50c,1,wildebeest,4
ASG000c516,1,elephant,1
ASG000c54a,1,otherBird,1
ASG000c562,1,otherBird,1
ASG000c6uw,1,otherBird,1
ASG000c6x1,1,otherBird,2
ASG000c6zg,1,human,1
ASG000c77r,1,wildebeest,1
ASG000c77w,1,wildebeest,4
ASG000c78l,1,wildebeest,4
ASG000c79e,1,gazelleThomsons,1
ASG000c79w,1,wildebeest,4
ASG000c7a0,2,wildebeest,2
ASG000c7a0,2,zebra,3
ASG000c7bt,1,wildebeest,1
ASG000c7bv,1,elephant,1
ASG000c7cl,1,human,1
ASG000c7cs,1,wildebeest,2
ASG000c7di,1,wildebeest,2
ASG000c7ex,1,wildebeest,6
ASG000c7gc,1,wildebeest,2
ASG000c7gf,1,wildebeest,5
ASG000c7gm,2,wildebeest,11-50
ASG000c7gm,2,zebra,1
ASG000c7hb,1,wildebeest,3
ASG000c7hr,1,wildebeest,8
ASG000c7hw,1,wildebeest,6
ASG000c7i0,1,wildebeest,3
ASG000c7j8,1,wildebeest,5
ASG000c7k8,1,wildebeest,1
ASG000c7ko,1,wildebeest,1
ASG000c7lc,1,wildebeest,3
ASG000c7lr,1,wildebeest,1
ASG000c7m0,1,wildebeest,7
ASG000c7m6,1,wildebeest,7
ASG000c7m7,1,wildebeest,2
ASG000c7mo,1,wildebeest,3
ASG000c7mt,1,wildebeest,10
ASG000c7nc,1,wildebeest,11-50
ASG000c7np,1,wildebeest,3
ASG000c7nq,1,wildebeest,8
ASG000c7o3,1,wildebeest,9
ASG000c7ok,1,wildebeest,2
ASG000c7ou,1,wildebeest,3
ASG000c7po,1,zebra,2
ASG000c7q0,1,wildebeest,4
ASG000c7qi,1,wildebeest,1
ASG000c7u4,1,otherBird,1
ASG000c7u8,1,buffalo,5
ASG000c7u9,1,buffalo,1
ASG000c7ub,1,buffalo,4
ASG000c7ul,1,buffalo,3
ASG000c7uo,1,buffalo,1
ASG000c7vl,1,buffalo,1
ASG000c7wj,1,buffalo,4
ASG000c7yr,1,hartebeest,1
ASG000c7ze,1,gazelleThomsons,1
ASG000c7zj,1,hartebeest,1
ASG000c801,1,hartebeest,1
ASG000c802,1,hartebeest,1
ASG000c805,1,hartebeest,1
ASG000c80l,1,gazelleThomsons,1
ASG000c816,1,hartebeest,1
ASG000c827,1,gazelleThomsons,1
ASG000c829,1,gazelleThomsons,1
ASG000c834,1,hartebeest,1
ASG000c83x,1,hartebeest,1
ASG000c84f,1,eland,3
ASG000c870,1,hartebeest,1
ASG000c882,1,buffalo,4
ASG000c88e,1,buffalo,2
ASG000c88t,1,wildebeest,7
ASG000c88x,1,wildebeest,11-50
ASG000c89p,1,zebra,3
ASG000c89u,1,wildebeest,3
ASG000c89z,1,aardvark,1
ASG000c8a5,1,human,3
ASG000c8b0,1,wildebeest,3
ASG000c8bi,1,zebra,3
ASG000c8bx,1,zebra,9
ASG000c8c8,1,zebra,2
ASG000c8cj,1,giraffe,1
ASG000c8ct,1,human,2
ASG000c8dg,1,zebra,5
ASG000c8dz,1,wildebeest,11-50
ASG000c8er,1,wildebeest,1
ASG000c8f6,1,wildebeest,1
ASG000c8f7,1,buffalo,1
ASG000c8fw,1,zebra,4
ASG000c8gb,1,human,1
ASG000c8i9,1,wildebeest,9
ASG000c8ij,1,wildebeest,9
ASG000c8jf,1,wildebeest,9
ASG000c8k2,1,serval,1
ASG000c8mh,1,buffalo,2
ASG000c8nn,1,buffalo,1
ASG000c8pm,1,buffalo,1
ASG000c8pr,1,buffalo,1
ASG000c8pt,1,buffalo,1
ASG000c8ra,1,buffalo,1
ASG000c8t5,1,buffalo,1
ASG000c8tr,1,lionFemale,1
ASG000c8xm,1,buffalo,2
ASG000c8xr,1,zebra,11-50
ASG000c8xt,1,elephant,1
ASG000c8ya,1,zebra,8
ASG000c8z6,1,buffalo,1
ASG000c90a,1,buffalo,1
ASG000c90j,1,buffalo,1
ASG000c91k,1,zebra,6
ASG000c93g,1,buffalo,1
ASG000c93o,1,buffalo,1
ASG000c969,1,impossible,
ASG000c96r,1,zebra,2
ASG000c986,1,zebra,11-50
ASG000c98g,1,lionFemale,1
ASG000c990,1,wildebeest,1
ASG000c992,1,wildebeest,1
ASG000c9ad,1,zebra,3
ASG000c9aj,1,zebra,6
ASG000c9ay,1,warthog,1
ASG000c9ba,1,zebra,2
ASG000c9bm,2,wildebeest,5
ASG000c9bm,2,zebra,1
ASG000c9ch,1,wildebeest,4
ASG000c9co,1,zebra,3
ASG000c9do,1,lionFemale,4
ASG000c9ff,1,lionFemale,4
ASG000c9hq,1,wildebeest,11-50
ASG000c9ig,1,wildebeest,9
ASG000c9j2,1,wildebeest,10
ASG000c9jk,1,wildebeest,2
ASG000c9jw,1,wildebeest,11-50
ASG000c9kr,1,wildebeest,6
ASG000c9m6,1,human,1
ASG000c9mt,1,wildebeest,5
ASG000c9mv,1,wildebeest,1
ASG000c9n9,1,wildebeest,1
ASG000c9nm,1,wildebeest,9
ASG000c9od,1,wildebeest,11-50
ASG000c9oj,1,wildebeest,11-50
ASG000c9on,1,wildebeest,4
ASG000c9ov,1,wildebeest,7
ASG000c9q2,1,zebra,9
ASG000c9qe,1,zebra,4
ASG000c9qf,1,zebra,7
ASG000c9qn,1,hyenaSpotted,1
ASG000c9qw,1,wildebeest,2
ASG000cbt9,1,buffalo,1
ASG000cbtd,1,buffalo,2
ASG000cbtw,2,buffalo,3
ASG000cbtw,2,otherBird,3
ASG000cbu6,1,buffalo,1
ASG000cbvq,1,wildebeest,1
ASG000cbwf,1,wildebeest,1
ASG000cbwr,1,porcupine,1
ASG000cbx6,1,zebra,11-50
ASG000cbyn,1,wildebeest,2
ASG000cbys,2,wildebeest,3
ASG000cbys,2,zebra,1
ASG000cbzr,1,wildebeest,2
ASG000cbzv,1,topi,1
ASG000cc2g,1,wildebeest,1
ASG000cc33,1,elephant,2
ASG000cc3d,1,wildebeest,2
ASG000cc3i,1,wildebeest,2
ASG000cc3j,1,human,1
ASG000cc3v,2,otherBird,1
ASG000cc3v,2,wildebeest,2
ASG000cc5c,1,hippopotamus,1
ASG000cc5j,1,hippopotamus,1
ASG000cc5o,1,porcupine,1
ASG000cc60,2,wildebeest,9
ASG000cc60,2,zebra,1
ASG000cc6b,1,wildebeest,6
ASG000cc6s,1,wildebeest,3
ASG000cc74,1,wildebeest,2
ASG000cc7e,2,wildebeest,3
ASG000cc7e,2,zebra,2
ASG000cc7h,1,wildebeest,3
ASG000cc86,1,wildebeest,1
ASG000cc88,1,zebra,2
ASG000cc8l,1,wildebeest,11-50
ASG000cc8m,2,wildebeest,5
ASG000cc8m,2,zebra,2
ASG000cc93,1,wildebeest,1
ASG000ccix,1,topi,2
ASG000cdkq,1,impala,1
ASG000cdmo,1,wildebeest,11-50
ASG000cdn8,1,impala,1
ASG000cdor,2,wildebeest,3
ASG000cdor,2,zebra,3
ASG000cdp1,2,wildebeest,10
ASG000cdp1,2,zebra,2
ASG000cdq5,2,wildebeest,2
ASG000cdq5,2,zebra,2
ASG000cdq6,1,impala,4
ASG000cdqd,1,zebra,1
ASG000cdr8,1,zebra,1
ASG000cdra,1,zebra,3
ASG000cdrn,1,zebra,3
ASG000cdsg,1,impala,2
ASG000cdsj,1,zebra,4
ASG000cdt0,1,zebra,1
ASG000cdt8,1,zebra,2
ASG000cdti,2,wildebeest,2
ASG000cdti,2,zebra,1
ASG000cdw3,1,zebra,5
ASG000cdwa,2,wildebeest,1
ASG000cdwa,2,zebra,1
ASG000cdwe,1,wildebeest,3
ASG000cdxh,1,zebra,1
ASG000cdxw,1,wildebeest,11-50
ASG000cdy8,1,zebra,4
ASG000cdyy,1,zebra,3
ASG000cdz3,2,wildebeest,3
ASG000cdz3,2,zebra,2
ASG000ce06,1,impala,3
ASG000ce0h,1,zebra,4
ASG000ce14,1,zebra,1
ASG000ce1c,1,zebra,4
ASG000ce1i,1,wildebeest,3
ASG000ce1u,1,zebra,1
ASG000ce24,1,zebra,4
ASG000ce2h,2,wildebeest,2
ASG000ce2h,2,zebra,3
ASG000ce2z,1,zebra,1
ASG000ce36,1,zebra,1
ASG000ce39,1,zebra,3
ASG000ce3n,1,zebra,2
ASG000ce3q,1,wildebeest,3
ASG000ce3x,1,zebra,4
ASG000ce4r,1,zebra,1
ASG000ce4s,1,zebra,4
ASG000ce4x,1,zebra,1
ASG000ce5n,1,wildebeest,8
ASG000ce6t,1,zebra,1
ASG000ce6w,1,zebra,1
ASG000ce7e,1,wildebeest,11-50
ASG000ce7y,2,wildebeest,2
ASG000ce7y,2,zebra,4
ASG000ce89,1,zebra,3
ASG000ce8b,1,zebra,2
ASG000ce8r,1,wildebeest,6
ASG000ce8v,1,wildebeest,2
ASG000cea3,1,zebra,1
ASG000cea8,1,zebra,2
ASG000ceap,1,zebra,2
ASG000cebw,1,zebra,1
ASG000cecr,1,zebra,2
ASG000ceee,1,wildebeest,1
ASG000ceez,1,gazelleGrants,1
ASG000cefq,1,eland,1
ASG000cegl,1,gazelleThomsons,1
ASG000ceoc,1,zebra,11-50
ASG000ceoj,1,zebra,7
ASG000ceor,1,zebra,3
ASG000cepw,1,zebra,11-50
ASG000ceqh,3,human,1
ASG000ceqh,3,wildebeest,1
ASG000ceqh,3,zebra,3
ASG000ceqj,1,wildebeest,11-50
ASG000ceqt,1,wildebeest,5
ASG000ceqw,1,warthog,3
ASG000cerf,1,zebra,5
ASG000cerj,1,zebra,2
ASG000cerr,1,zebra,1
ASG000cesh,1,elephant,2
ASG000cest,1,cheetah,1
ASG000cet7,1,zebra,1
ASG000cete,2,topi,2
ASG000cete,2,warthog,2
ASG000cetl,1,wildebeest,11-50
ASG000cetm,2,wildebeest,10
ASG000cetm,2,zebra,8
ASG000cetn,1,wildebeest,3
ASG000ceu5,1,wildebeest,1
ASG000cev9,2,otherBird,1
ASG000cev9,2,zebra,3
ASG000cevf,1,baboon,1
ASG000cewa,1,zebra,1
ASG000cex6,2,wildebeest,3
ASG000cex6,2,zebra,9
ASG000ceyd,1,zebra,11-50
ASG000cez1,1,topi,1
ASG000cezl,1,topi,2
ASG000cf7p,1,wildebeest,1
ASG000cfcl,1,otherBird,3
ASG000cfeb,1,topi,2
ASG000cfge,1,wildebeest,2
ASG000cfgj,1,warthog,2
ASG000cfni,1,wildebeest,11-50
ASG000cfoy,1,wildebeest,1
ASG000cfqu,1,wildebeest,1
ASG000cfwi,1,wildebeest,1
ASG000cfz3,1,wildebeest,1
ASG000cg33,1,wildebeest,5
ASG000cg9v,1,wildebeest,9
ASG000cgfr,1,wildebeest,4
ASG000cggr,1,wildebeest,1
ASG000cghf,2,wildebeest,3
ASG000cghf,2,zebra,4
ASG000cghw,1,wildebeest,2
ASG000cgke,1,wildebeest,2
ASG000cgqu,1,wildebeest,6
ASG000cgwf,1,wildebeest,10
ASG000cgyw,1,wildebeest,7
ASG000ch12,1,wildebeest,8
ASG000ch4e,1,gazelleGrants,1
ASG000ch4w,1,wildebeest,11-50
ASG000ch7o,1,wildebeest,3
ASG000ch8w,1,gazelleGrants,1
ASG000chc2,1,wildebeest,1
ASG000chet,1,wildebeest,1
ASG000chf4,1,wildebeest,5
ASG000chj9,1,zebra,2
ASG000chso,1,wildebeest,2
ASG000chtq,1,wildebeest,1
ASG000chtr,1,wildebeest,4
ASG000chul,1,wildebeest,11-50
ASG000chwf,1,wildebeest,6
ASG000ci0d,1,wildebeest,2
ASG000cia1,1,wildebeest,10
ASG000cigf,1,wildebeest,3
ASG000cih6,1,wildebeest,3
ASG000cij2,1,wildebeest,1
ASG000cilr,1,vervetMonkey,1
ASG000cim4,1,elephant,1
ASG000cinn,1,impala,1
ASG000cio0,1,buffalo,4
ASG000cith,1,warthog,1
ASG000ciu1,1,warthog,2
ASG000ciwq,1,impala,6
ASG000cixh,1,buffalo,1
ASG000ciy8,1,wildebeest,1
ASG000ciyd,1,zebra,1
ASG000ciyo,1,wildebeest,6
ASG000ciz6,1,wildebeest,7
ASG000cizs,1,wildebeest,5
ASG000cizu,1,wildebeest,3
ASG000cizv,1,zebra,6
ASG000cizz,1,zebra,2
ASG000cj0r,1,wildebeest,11-50
ASG000cj0y,1,wildebeest,11-50
ASG000cj1f,1,wildebeest,4
ASG000cj1o,1,zebra,2
ASG000cj2f,1,wildebeest,2
ASG000cj3d,2,wildebeest,5
ASG000cj3d,2,zebra,1
ASG000cj3l,1,wildebeest,4
ASG000cj47,2,wildebeest,4
ASG000cj47,2,zebra,3
ASG000cj4d,1,wildebeest,3
ASG000cj4k,1,wildebeest,6
ASG000cj5d,1,wildebeest,3
ASG000cj5v,1,wildebeest,2
ASG000cj6i,1,zebra,10
ASG000cj7m,1,wildebeest,1
ASG000cj86,1,zebra,4
ASG000cj8a,1,wildebeest,11-50
ASG000cj92,2,wildebeest,4
ASG000cj92,2,zebra,1
ASG000cj9m,1,wildebeest,8
ASG000cjbg,1,wildebeest,8
ASG000cjdf,1,impala,1
ASG000cjdh,1,wildebeest,11-50
ASG000cjfa,1,wildebeest,7
ASG000cjgj,1,zebra,5
ASG000cjgk,1,wildebeest,1
ASG000cjgs,1,wildebeest,11-50
ASG000cjgu,2,wildebeest,1
ASG000cjgu,2,zebra,1
ASG000cjhb,1,wildebeest,5
ASG000cjhg,1,wildebeest,7
ASG000cjhi,1,wildebeest,4
ASG000cjhr,1,baboon,1
ASG000cjih,1,wildebeest,5
ASG000cjj5,1,zebra,1
ASG000cjjq,1,wildebeest,4
ASG000cjjr,1,zebra,1
ASG000cjjs,1,wildebeest,3
ASG000cjkc,1,impala,1
ASG000cjkn,1,wildebeest,3
ASG000cjl4,1,wildebeest,2
ASG000cjl7,1,wildebeest,3
ASG000cjlk,1,giraffe,1
ASG000cjly,1,wildebeest,5
ASG000cjm7,1,wildebeest,2
ASG000cjmc,1,wildebeest,5
ASG000cjmm,1,impala,1
ASG000cjmr,1,zebra,1
ASG000cjmu,1,baboon,2
ASG000cjn4,1,zebra,2
ASG000cjn5,1,wildebeest,6
ASG000cjna,1,wildebeest,3
ASG000cjnq,1,wildebeest,11-50
ASG000cjnt,2,wildebeest,5
ASG000cjnt,2,zebra,2
ASG000cjo2,1,wildebeest,4
ASG000cjox,1,wildebeest,3
ASG000cjpp,1,wildebeest,6
ASG000cjq1,1,warthog,1
ASG000cjq8,1,wildebeest,3
ASG000cjqw,1,wildebeest,7
ASG000cjr8,1,zebra,4
ASG000cjr9,1,wildebeest,2
ASG000cjrz,1,wildebeest,11-50
ASG000cjsc,1,wildebeest,3
ASG000cjsz,1,zebra,8
ASG000cju3,1,wildebeest,4
ASG000cjui,1,zebra,1
ASG000cjvy,1,wildebeest,3
ASG000cjwa,1,wildebeest,11-50
ASG000cjwl,1,wildebeest,4
ASG000cjwz,1,wildebeest,6
ASG000cjx7,1,wildebeest,5
ASG000cjxt,1,zebra,11-50
ASG000cjy3,1,zebra,7
ASG000cjyd,1,wildebeest,8
ASG000cjyh,1,wildebeest,1
ASG000cjyx,1,wildebeest,11-50
ASG000cjz9,1,wildebeest,8
ASG000ck07,2,impala,1
ASG000ck07,2,otherBird,1
ASG000ck09,1,zebra,4
ASG000ck0l,1,wildebeest,6
ASG000ck0y,1,zebra,1
ASG000ck15,1,wildebeest,8
ASG000ck16,1,wildebeest,3
ASG000ck2z,1,wildebeest,2
ASG000ck3b,1,wildebeest,6
ASG000ck41,1,wildebeest,4
ASG000ck49,1,impala,5
ASG000ck63,1,wildebeest,11-50
ASG000ck67,1,impala,2
ASG000ck6c,1,wildebeest,6
ASG000ck6h,1,wildebeest,6
ASG000ck6t,2,wildebeest,7
ASG000ck6t,2,zebra,1
ASG000ck6w,2,wildebeest,4
ASG000ck6w,2,zebra,4
ASG000ck6y,1,zebra,5
ASG000ck8g,2,wildebeest,6
ASG000ck8g,2,zebra,1
ASG000ck8u,1,wildebeest,10
ASG000ckax,1,wildebeest,5
ASG000ckb3,1,wildebeest,6
ASG000ckbb,1,impala,3
ASG000ckbc,1,wildebeest,11-50
ASG000ckbq,1,wildebeest,3
ASG000ckbz,1,zebra,3
ASG000ckc3,1,zebra,1
ASG000ckcv,1,wildebeest,7
ASG000ckd4,1,wildebeest,9
ASG000ckdd,1,wildebeest,6
ASG000ckdo,1,zebra,4
ASG000ckeb,1,wildebeest,7
ASG000ckfo,1,wildebeest,3
ASG000ckft,1,wildebeest,5
ASG000ckga,1,wildebeest,4
ASG000ckge,1,wildebeest,5
ASG000ckhu,1,wildebeest,4
ASG000ckhw,1,wildebeest,11-50
ASG000cki6,1,wildebeest,1
ASG000ckia,1,wildebeest,5
ASG000ckiy,1,zebra,5
ASG000ckiz,1,wildebeest,11-50
ASG000ckjj,1,zebra,1
ASG000ckk9,1,zebra,1
ASG000ckl3,1,impala,1
ASG000ckln,1,wildebeest,11-50
ASG000ckm9,1,wildebeest,11-50
ASG000ckml,1,wildebeest,11-50
ASG000ckmz,1,wildebeest,6
ASG000cknp,1,wildebeest,10
ASG000ckok,1,zebra,1
ASG000ckox,1,wildebeest,11-50
ASG000ckoz,1,zebra,1
ASG000ckpx,1,warthog,2
ASG000ckq0,1,wildebeest,2
ASG000ckq2,1,wildebeest,11-50
ASG000ckrf,1,zebra,1
ASG000ckru,1,wildebeest,11-50
ASG000cks1,1,wildebeest,1
ASG000cks3,1,wildebeest,6
ASG000cksw,1,wildebeest,4
ASG000ckt6,1,wildebeest,6
ASG000ckua,1,wildebeest,11-50
ASG000ckul,1,wildebeest,1
ASG000ckut,1,wildebeest,1
ASG000ckv1,1,zebra,1
ASG000ckvv,1,wildebeest,8
ASG000ckvx,1,wildebeest,4
ASG000ckvz,1,giraffe,1
ASG000ckw2,1,wildebeest,11-50
ASG000ckwh,1,wildebeest,11-50
ASG000cky3,1,zebra,2
ASG000ckz1,1,wildebeest,11-50
ASG000ckzc,1,wildebeest,11-50
ASG000cl0c,1,wildebeest,7
ASG000cl0u,1,zebra,2
ASG000cl1p,1,wildebeest,5
ASG000cl2k,1,wildebeest,11-50
ASG000cl3g,1,wildebeest,2
ASG000cl4j,1,wildebeest,6
ASG000cl5h,1,zebra,1
ASG000cl6h,1,wildebeest,11-50
ASG000cl6j,1,wildebeest,11-50
ASG000cl6p,1,secretaryBird,1
ASG000cl7k,1,wildebeest,7
ASG000cl7l,1,zebra,1
ASG000cl7o,1,wildebeest,11-50
ASG000cl8o,1,human,1
ASG000cl9c,1,wildebeest,11-50
ASG000cl9j,1,wildebeest,11-50
ASG000cl9w,1,hyenaSpotted,1
ASG000cl9y,1,wildebeest,2
ASG000cl9z,1,wildebeest,10
ASG000cla5,1,wildebeest,11-50
ASG000cla8,1,baboon,2
ASG000clcb,1,wildebeest,11-50
ASG000clck,1,zebra,2
ASG000clcm,1,wildebeest,11-50
ASG000cld6,1,zebra,2
ASG000clde,1,wildebeest,2
ASG000cldq,1,wildebeest,6
ASG000cldr,1,zebra,8
ASG000cle3,1,wildebeest,1
ASG000cle9,1,zebra,2
ASG000clgt,1,buffalo,1
ASG000clhp,1,gazelleGrants,1
ASG000cli8,1,wildebeest,10
ASG000cliv,1,wildebeest,11-50
ASG000cljc,1,giraffe,1
ASG000clk1,1,giraffe,2
ASG000clli,1,baboon,1
ASG000clpp,1,giraffe,1
ASG000clpv,1,warthog,3
ASG000clqp,1,warthog,1
ASG000clr1,1,otherBird,1
ASG000clsm,1,wildebeest,11-50
ASG000cltp,1,wildebeest,11-50
ASG000clv7,1,wildebeest,11-50
ASG000clzh,1,wildebeest,9
ASG000cm06,1,hartebeest,1
ASG000cm32,1,gazelleGrants,1
ASG000cm4i,1,wildebeest,11-50
ASG000cm4k,1,wildebeest,11-50
ASG000cm4l,1,wildebeest,11-50
ASG000cm4w,1,wildebeest,9
ASG000cm5i,1,wildebeest,11-50
ASG000cm93,1,buffalo,1
ASG000cman,1,buffalo,4
ASG000cmbd,1,buffalo,1
ASG000cmg1,1,buffalo,1
ASG000cmg9,1,buffalo,1
ASG000cmji,1,warthog,1
ASG000cmkc,1,warthog,1
ASG000cml0,1,topi,2
ASG000cmll,1,zebra,1
ASG000cmno,1,warthog,1
ASG000cmoh,1,zebra,1
ASG000cmr7,1,buffalo,1
ASG000cmsf,1,warthog,1
ASG000cmuw,1,elephant,7
ASG000cmx6,1,guineaFowl,1
ASG000cn7o,1,elephant,3
ASG000cn97,1,impossible,
ASG000cncb,1,guineaFowl,2
ASG000cndq,1,hartebeest,1
ASG000cndw,1,wildebeest,6
ASG000cnfr,1,wildebeest,1
ASG000cng5,1,wildebeest,11-50
ASG000cni3,1,wildebeest,1
ASG000cnip,1,wildebeest,11-50
ASG000cnkd,1,wildebeest,2
ASG000cnnz,1,wildebeest,1
ASG000cnol,1,wildebeest,1
ASG000cnpt,1,wildebeest,4
ASG000cnrl,1,wildebeest,6
ASG000cns3,1,wildebeest,11-50
ASG000cnuh,1,wildebeest,51+
ASG000cnus,1,hartebeest,1
ASG000cnva,1,wildebeest,51+
ASG000cnvb,1,hartebeest,1
ASG000cnvq,1,hartebeest,1
ASG000cnvv,1,hartebeest,2
ASG000cnwl,1,hartebeest,3
ASG000cnww,1,hartebeest,1
ASG000cnxc,1,wildebeest,11-50
ASG000cnxi,1,hartebeest,1
ASG000cnxw,1,hartebeest,1
ASG000cnyd,1,wildebeest,11-50
ASG000cnzd,1,hartebeest,2
ASG000cnzl,1,hartebeest,1
ASG000co01,1,wildebeest,51+
ASG000co05,1,hartebeest,2
ASG000co06,1,hartebeest,1
ASG000co2r,1,hartebeest,2
ASG000co3e,1,hartebeest,2
ASG000co3k,1,hartebeest,1
ASG000co4p,2,guineaFowl,1
ASG000co4p,2,mongoose,4
ASG000co51,1,hartebeest,1
ASG000co54,1,hartebeest,1
ASG000co5p,1,hartebeest,1
ASG000co6q,1,hartebeest,2
ASG000co6x,1,hartebeest,1
ASG000co7a,1,wildebeest,1
ASG000co7q,1,hartebeest,2
ASG000co9x,1,hartebeest,1
ASG000coa0,1,hartebeest,1
ASG000coa2,1,hartebeest,2
ASG000cob6,1,gazelleGrants,1
ASG000cobm,1,hartebeest,1
ASG000coc1,1,hartebeest,2
ASG000codb,1,impossible,
ASG000codc,1,hartebeest,1
ASG000codn,1,hartebeest,1
ASG000codu,1,hartebeest,1
ASG000coec,1,hartebeest,1
ASG000coed,1,hartebeest,1
ASG000coep,1,hartebeest,1
ASG000coew,1,hartebeest,2
ASG000cof4,1,hartebeest,1
ASG000cogj,1,hartebeest,1
ASG000cogp,1,hartebeest,1
ASG000coi6,1,hartebeest,1
ASG000coi9,1,hartebeest,4
ASG000coj1,1,hartebeest,1
ASG000coka,1,hartebeest,1
ASG000cokk,1,hartebeest,1
ASG000cokv,1,hartebeest,1
ASG000col9,1,hartebeest,1
ASG000com1,1,hartebeest,1
ASG000com6,1,hartebeest,1
ASG000como,1,hartebeest,1
ASG000cop3,1,hartebeest,1
ASG000copo,1,hartebeest,1
ASG000copu,1,hartebeest,1
ASG000coqf,1,hartebeest,2
ASG000coqk,1,hartebeest,2
ASG000cos7,1,hartebeest,1
ASG000cos8,1,hartebeest,1
ASG000cot6,1,hartebeest,1
ASG000covc,1,hartebeest,1
ASG000covd,1,hartebeest,1
ASG000covr,1,hartebeest,1
ASG000cow1,1,hartebeest,1
ASG000coxh,1,hartebeest,1
ASG000coxv,1,hartebeest,1
ASG000coyi,1,hartebeest,1
ASG000coyk,1,hartebeest,1
ASG000cp04,1,gazelleGrants,1
ASG000cp0c,1,hartebeest,1
ASG000cp0h,1,hartebeest,2
ASG000cp0u,1,hartebeest,3
ASG000cp14,1,hartebeest,1
ASG000cp16,1,hartebeest,2
ASG000cp25,1,guineaFowl,2
ASG000cp2i,1,hartebeest,1
ASG000cp2p,1,wildebeest,11-50
ASG000cp2t,1,hartebeest,2
ASG000cp2x,1,hartebeest,1
ASG000cp3h,1,wildebeest,11-50
ASG000cp3o,1,hartebeest,1
ASG000cp4i,1,hartebeest,1
ASG000cp4q,1,hartebeest,2
ASG000cp4x,1,hartebeest,1
ASG000cp58,1,hartebeest,1
ASG000cp5e,1,hartebeest,1
ASG000cp5i,1,hartebeest,1
ASG000cp7d,1,hartebeest,1
ASG000cp7z,2,guineaFowl,1
ASG000cp7z,2,otherBird,2
ASG000cp89,1,wildebeest,1
ASG000cp8g,1,hartebeest,1
ASG000cp8i,1,hartebeest,1
ASG000cp9e,1,hartebeest,1
ASG000cp9i,1,hartebeest,1
ASG000cp9r,1,hartebeest,2
ASG000cp9z,1,hartebeest,1
ASG000cpad,1,hartebeest,1
ASG000cpao,1,hartebeest,1
ASG000cpbb,1,wildebeest,3
ASG000cpbo,1,hartebeest,1
ASG000cpdk,1,hartebeest,1
ASG000cpf8,1,hartebeest,1
ASG000cpfu,1,hartebeest,1
ASG000cpgu,1,hartebeest,1
ASG000cphk,1,hartebeest,1
ASG000cpi4,1,hartebeest,1
ASG000cpjq,1,guineaFowl,2
ASG000cpjs,1,hartebeest,1
ASG000cpjv,1,hartebeest,1
ASG000cpk7,1,topi,1
ASG000cpki,1,hartebeest,1
ASG000cpkq,1,hartebeest,1
ASG000cpkz,1,hartebeest,1
ASG000cpld,1,hartebeest,1
ASG000cpm9,1,hartebeest,1
ASG000cpn1,1,hartebeest,1
ASG000cpn9,1,hartebeest,1
ASG000cpo2,1,guineaFowl,1
ASG000cpo7,1,guineaFowl,2
ASG000cppa,1,hartebeest,1
ASG000cppb,1,hartebeest,1
ASG000cppj,1,hartebeest,1
ASG000cpqn,1,hartebeest,1
ASG000cprq,1,hartebeest,1
ASG000cps5,1,hartebeest,2
ASG000cpsg,1,hartebeest,1
ASG000cpub,1,hartebeest,1
ASG000cpux,1,hartebeest,1
ASG000cpvy,1,hartebeest,2
ASG000cpwa,1,hartebeest,1
ASG000cpwd,1,hartebeest,1
ASG000cpwj,1,hartebeest,2
ASG000cpx6,1,gazelleGrants,1
ASG000cpx8,1,hartebeest,1
ASG000cpxj,1,hartebeest,1
ASG000cpxn,1,hartebeest,1
ASG000cpy3,1,hartebeest,1
ASG000cpzl,1,hartebeest,1
ASG000cq09,1,hartebeest,1
ASG000cq0b,1,hartebeest,1
ASG000cq0k,1,hartebeest,1
ASG000cq0n,1,topi,1
ASG000cq0o,1,gazelleThomsons,1
ASG000cq0r,1,hartebeest,2
ASG000cq1d,1,hartebeest,1
ASG000cq1j,1,hartebeest,1
ASG000cq1k,1,hartebeest,1
ASG000cq22,1,hartebeest,1
ASG000cq2d,1,hartebeest,1
ASG000cq2g,1,impossible,
ASG000cq2q,1,hartebeest,1
ASG000cq30,1,hartebeest,1
ASG000cq3p,1,hartebeest,2
ASG000cq3x,1,hartebeest,1
ASG000cq4l,1,buffalo,11-50
ASG000cq4q,1,hartebeest,1
ASG000cq4r,1,hartebeest,1
ASG000cq4w,1,hartebeest,1
ASG000cq52,1,hartebeest,2
ASG000cq57,1,hartebeest,1
ASG000cq7e,1,hartebeest,1
ASG000cq8x,1,hartebeest,1
ASG000cq8y,1,hartebeest,1
ASG000cq9q,1,hartebeest,1
ASG000cqa6,1,hartebeest,1
ASG000cqbs,1,hartebeest,1
ASG000cqbu,1,hartebeest,1
ASG000cqbv,1,hartebeest,1
ASG000cqch,1,hartebeest,1
ASG000cqdb,1,hartebeest,1
ASG000cqdf,1,hartebeest,1
ASG000cqdu,1,hartebeest,1
ASG000cqej,1,buffalo,2
ASG000cqes,1,hartebeest,1
ASG000cqfi,1,hartebeest,1
ASG000cqfv,1,hartebeest,1
ASG000cqh2,1,hartebeest,1
ASG000cqh4,1,hartebeest,1
ASG000cqhb,1,hartebeest,1
ASG000cqi8,1,hartebeest,1
ASG000cqil,1,hartebeest,1
ASG000cqio,1,hartebeest,1
ASG000cqj2,1,hartebeest,1
ASG000cqji,1,hartebeest,1
ASG000cqks,1,hartebeest,1
ASG000cqku,1,hartebeest,1
ASG000cqld,1,hartebeest,1
ASG000cqlo,1,buffalo,5
ASG000cqm8,1,hartebeest,1
ASG000cqmf,1,hartebeest,1
ASG000cqni,1,hartebeest,1
ASG000cqnq,1,hartebeest,1
ASG000cr4v,1,otherBird,1
ASG000crck,1,hyenaSpotted,2
ASG000crn4,1,buffalo,1
ASG000crn8,1,hartebeest,1
ASG000croy,1,buffalo,1
ASG000crqc,1,hartebeest,1
ASG000crqg,1,hippopotamus,1
ASG000crqi,1,buffalo,1
ASG000crqm,1,buffalo,1
ASG000crqr,1,hyenaSpotted,1
ASG000crr0,1,wildebeest,11-50
ASG000crr2,1,wildebeest,51+
ASG000crs3,1,porcupine,1
ASG000crs7,1,wildebeest,4
ASG000crss,1,wildebeest,10
ASG000crt8,1,wildebeest,51+
ASG000crta,1,wildebeest,51+
ASG000crtc,1,warthog,1
ASG000crtf,1,wildebeest,10
ASG000crtg,1,wildebeest,11-50
ASG000crtj,1,wildebeest,11-50
ASG000crtk,1,wildebeest,3
ASG000crtv,1,wildebeest,11-50
ASG000cruw,1,wildebeest,51+
ASG000crwj,1,wildebeest,51+
ASG000crwn,1,elephant,2
ASG000crwr,1,wildebeest,4
ASG000crxd,1,wildebeest,5
ASG000crxq,1,wildebeest,11-50
ASG000crxw,1,wildebeest,1
ASG000cry0,1,wildebeest,51+
ASG000cry2,1,wildebeest,11-50
ASG000cryi,1,giraffe,4
ASG000crz3,1,wildebeest,51+
ASG000crzn,1,wildebeest,5
ASG000cs32,1,hyenaSpotted,1
ASG000cs3n,1,otherBird,1
ASG000cs3u,1,elephant,1
ASG000cs4b,1,zebra,1
ASG000cs4i,1,human,1
ASG000cs4x,1,wildebeest,7
ASG000cs50,1,wildebeest,2
ASG000cs5d,2,wildebeest,1
ASG000cs5d,2,zebra,3
ASG000cs6y,1,zebra,3
ASG000cs7e,1,elephant,2
ASG000cs7f,1,zebra,6
ASG000cs8d,1,human,1
ASG000cs8g,1,rhinoceros,1
ASG000cs96,2,wildebeest,5
ASG000cs96,2,zebra,2
ASG000cs9d,1,reedbuck,2
ASG000csh6,1,otherBird,1
ASG000csis,1,otherBird,1
ASG000csq1,1,otherBird,1
ASG000csr5,1,otherBird,1
ASG000cssd,1,wildebeest,2
ASG000cstm,1,otherBird,2
ASG000csuh,1,guineaFowl,4
ASG000csui,1,guineaFowl,4
ASG000cszg,1,otherBird,1
ASG000ct17,1,guineaFowl,9
ASG000ct3l,1,guineaFowl,11-50
ASG000ct57,1,guineaFowl,4
ASG000ct5g,1,guineaFowl,3
ASG000ct5s,1,otherBird,3
ASG000ct6a,1,otherBird,2
ASG000ct9g,1,guineaFowl,3
ASG000cta2,1,otherBird,2
ASG000ctav,1,human,1
ASG000ctbl,1,guineaFowl,4
ASG000ctfy,1,otherBird,1
ASG000ctgs,1,otherBird,5
ASG000cthh,1,otherBird,3
ASG000ctmt,1,buffalo,1
ASG000ctng,1,wildebeest,2
ASG000ctno,2,buffalo,11-50
ASG000ctno,2,otherBird,1
ASG000ctnz,1,zebra,4
ASG000cto3,1,zebra,3
ASG000ctog,1,wildebeest,2
ASG000ctpd,1,zebra,2
ASG000ctqe,1,wildebeest,2
ASG000ctrj,1,human,1
ASG000cttn,1,wildebeest,2
ASG000ctty,1,wildebeest,1
ASG000ctx7,1,wildebeest,3
ASG000ctxe,1,wildebeest,1
ASG000cty1,1,wildebeest,4
ASG000ctyf,1,wildebeest,11-50
ASG000ctz9,1,impossible,
ASG000cu12,1,wildebeest,8
ASG000cu22,1,buffalo,11-50
ASG000cu2n,1,wildebeest,2
ASG000cu2t,1,zebra,5
ASG000cu38,2,buffalo,1
ASG000cu38,2,otherBird,2
ASG000cu3d,1,wildebeest,1
ASG000cu5o,1,wildebeest,8
ASG000cu7m,1,wildebeest,1
ASG000cuaq,1,warthog,1
ASG000cud8,1,wildebeest,1
ASG000cuey,1,wildebeest,1
ASG000cuf3,1,wildebeest,2
ASG000cufr,1,zebra,4
ASG000cugk,1,zebra,1
ASG000cuoe,1,wildebeest,1
ASG000cupg,1,zebra,2
ASG000cuqt,1,wildebeest,1
ASG000cuqw,1,zebra,3
ASG000cur0,1,zebra,1
ASG000cura,1,zebra,1
ASG000curx,1,wildebeest,2
ASG000cus6,1,wildebeest,1
ASG000cush,1,wildebeest,8
ASG000cut1,1,wildebeest,3
ASG000cuti,1,buffalo,11-50
ASG000cutk,1,zebra,2
ASG000cutz,1,buffalo,1
ASG000cuws,1,impossible,
ASG000cuy2,1,wildebeest,5
ASG000cuy8,1,wildebeest,1
ASG000cuyd,1,zebra,2
ASG000cuzg,1,wildebeest,1
ASG000cuzh,1,zebra,2
ASG000cuzz,1,wildebeest,1
ASG000cv00,1,zebra,3
ASG000cv8h,1,otherBird,1
ASG000cv8o,1,human,1
ASG000cv9k,1,otherBird,11-50
ASG000cwwu,1,otherBird,2
ASG000cwy5,1,wildebeest,3
ASG000cx2w,1,wildebeest,3
ASG000cx3d,1,wildebeest,1
ASG000cx49,1,zebra,2
ASG000cx4d,1,zebra,1
ASG000cx6k,1,otherBird,1
ASG000cxar,1,human,1
ASG000cxbn,1,otherBird,1
ASG000cxcr,2,wildebeest,1
ASG000cxcr,2,zebra,4
ASG000cxls,1,cheetah,1
ASG000cxnr,2,wildebeest,1
ASG000cxnr,2,zebra,2
ASG000cxtx,1,guineaFowl,1
ASG000cy3f,1,wildebeest,2
ASG000cy3i,1,otherBird,1
ASG000cy60,1,wildebeest,8
ASG000cy6e,1,wildebeest,2
ASG000cy6o,2,wildebeest,4
ASG000cy6o,2,zebra,1
ASG000cy7q,1,wildebeest,1
ASG000cy7y,1,wildebeest,5
ASG000cy9d,1,wildebeest,1
ASG000cy9t,1,wildebeest,6
ASG000cyaf,1,wildebeest,6
ASG000cyaj,1,wildebeest,7
ASG000cyb5,1,buffalo,11-50
ASG000cybq,1,wildebeest,3
ASG000cybr,1,wildebeest,6
ASG000cyc9,1,wildebeest,6
ASG000cyd9,1,wildebeest,6
ASG000cyde,1,wildebeest,7
ASG000cyep,1,wildebeest,3
ASG000cyg2,1,wildebeest,3
ASG000cyib,1,wildebeest,4
ASG000cyie,1,wildebeest,1
ASG000cyig,1,wildebeest,10
ASG000cyj9,1,wildebeest,7
ASG000cyjp,1,wildebeest,5
ASG000cylc,1,wildebeest,2
ASG000cymr,1,wildebeest,4
ASG000cynp,1,wildebeest,3
ASG000cynt,1,wildebeest,5
ASG000cyoc,1,zebra,2
ASG000cyod,1,wildebeest,8
ASG000cyof,1,zebra,3
ASG000cyow,1,wildebeest,11-50
ASG000cyoz,1,wildebeest,11-50
ASG000cypa,1,wildebeest,11-50
ASG000cyqt,1,wildebeest,6
ASG000cyqx,1,wildebeest,1
ASG000cyrp,1,wildebeest,4
ASG000cys9,1,warthog,4
ASG000cyt8,1,giraffe,1
ASG000cyth,1,wildebeest,1
ASG000cytu,1,zebra,1
ASG000cytw,1,wildebeest,3
ASG000cytz,1,zebra,1
ASG000cyuq,1,human,1
ASG000cyvf,1,wildebeest,9
ASG000cywl,1,hartebeest,1
ASG000cywy,1,wildebeest,7
ASG000cyzv,1,hartebeest,5
ASG000cyzw,1,gazelleGrants,1
ASG000cz02,1,zebra,3
ASG000cz0w,1,hartebeest,1
ASG000cz0y,1,gazelleThomsons,9
ASG000cz23,1,hartebeest,3
ASG000cz2a,1,hartebeest,6
ASG000cz2e,1,hartebeest,3
ASG000cz2g,1,elephant,1
ASG000cz43,1,hartebeest,6
ASG000cz44,1,hartebeest,7
ASG000cz4q,1,hartebeest,6
ASG000cz57,1,hartebeest,1
ASG000cz5d,1,wildebeest,9
ASG000cz6n,1,gazelleGrants,1
ASG000cz6v,1,hartebeest,1
ASG000cz7k,1,wildebeest,2
ASG000cz7q,1,elephant,1
ASG000cz7v,1,hartebeest,2
ASG000cz8r,1,wildebeest,10
ASG000czb6,1,gazelleGrants,1
ASG000czb7,1,gazelleThomsons,5
ASG000czbb,1,hartebeest,1
ASG000czc3,1,hartebeest,3
ASG000czd3,1,hartebeest,1
ASG000czdm,1,hartebeest,2
ASG000czdp,1,wildebeest,6
ASG000czeo,1,zebra,11-50
ASG000czfe,1,zebra,11-50
ASG000czfm,1,zebra,3
ASG000czfq,1,eland,4
ASG000czis,1,buffalo,1
ASG000czk3,1,zebra,11-50
ASG000czkb,1,zebra,11-50
ASG000czke,1,zebra,3
ASG000czkh,1,zebra,6
ASG000czkq,1,zebra,3
ASG000czkv,1,warthog,1
ASG000czm2,1,zebra,11-50
ASG000czm7,1,hartebeest,1
ASG000czm9,2,wildebeest,7
ASG000czm9,2,zebra,11-50
ASG000czma,1,zebra,6
ASG000czo6,1,elephant,1
ASG000d07o,1,warthog,1
ASG000d0cb,1,human,1
ASG000d0ok,1,elephant,1
ASG000d0w6,1,elephant,1
ASG000d11s,1,wildebeest,5
ASG000d168,1,wildebeest,6
ASG000d1mi,1,otherBird,1
ASG000d1zb,1,wildebeest,3
ASG000d2xk,1,wildebeest,5
ASG000d2xl,1,wildebeest,3
ASG000d2xt,1,wildebeest,11-50
ASG000d2zp,1,buffalo,1
ASG000d30v,1,wildebeest,10
ASG000d31e,1,wildebeest,11-50
ASG000d31j,1,wildebeest,4
ASG000d32a,1,wildebeest,11-50
ASG000d346,1,wildebeest,11-50
ASG000d3ah,1,impala,4
ASG000d3az,1,impala,4
ASG000d3b5,1,impala,4
ASG000d3be,1,wildebeest,11-50
ASG000d3bh,1,zebra,2
ASG000d3c8,1,impala,1
ASG000d3d8,1,topi,1
ASG000d3ex,1,wildebeest,4
ASG000d3f3,1,wildebeest,1
ASG000d3fe,1,buffalo,1
ASG000d3ft,1,baboon,1
ASG000d3ge,1,impala,1
ASG000d3gi,1,human,1
ASG000d3h6,1,impala,3
ASG000d3i3,1,impala,2
ASG000d3id,1,topi,1
ASG000d3jj,1,hartebeest,1
ASG000d3lv,1,giraffe,1
ASG000d3m8,1,buffalo,11-50
ASG000d3mg,1,human,1
ASG000d3mr,1,impala,5
ASG000d3mw,1,giraffe,1
ASG000d3n9,2,giraffe,1
ASG000d3n9,2,otherBird,2
ASG000d3nz,1,zebra,11-50
ASG000d3o1,1,impala,7
ASG000d3oe,1,hippopotamus,1
ASG000d3ok,1,hippopotamus,2
ASG000d3ox,1,wildebeest,6
ASG000d3pr,1,wildebeest,1
ASG000d3r7,1,wildebeest,11-50
ASG000d3rs,1,buffalo,7
ASG000d3rz,1,wildebeest,5
ASG000d3s1,2,buffalo,8
ASG000d3s1,2,warthog,2
ASG000d3sm,1,zebra,3
ASG000d3t8,1,warthog,1
ASG000d3tp,1,baboon,2
ASG000d3up,1,wildebeest,3
ASG000d3uq,1,zebra,4
ASG000d3wh,1,wildebeest,4
ASG000d3x0,1,wildebeest,1
ASG000d3xa,1,buffalo,11-50
ASG000d3xt,1,zebra,4
ASG000d3yd,1,wildebeest,11-50
ASG000d3z3,1,zebra,2
ASG000d3zn,1,wildebeest,9
ASG000d3zp,1,hyenaSpotted,1
ASG000d41a,1,wildebeest,7
ASG000d41s,1,wildebeest,6
ASG000d42h,1,wildebeest,3
ASG000d42r,1,wildebeest,4
ASG000d42x,1,zebra,3
ASG000d433,1,wildebeest,4
ASG000d43q,1,zebra,5
ASG000d44f,1,impala,3
ASG000d44x,1,buffalo,11-50
ASG000d45d,1,buffalo,1
ASG000d45r,1,hippopotamus,1
ASG000d460,1,wildebeest,4
ASG000d47g,1,wildebeest,2
ASG000d47v,1,zebra,2
ASG000d488,1,wildebeest,11-50
ASG000d49f,1,human,1
ASG000d49g,1,wildebeest,11-50
ASG000d49s,1,wildebeest,9
ASG000d4a5,1,wildebeest,5
ASG000d4ak,1,wildebeest,7
ASG000d4av,1,wildebeest,11-50
ASG000d4b0,1,wildebeest,5
ASG000d4bj,1,wildebeest,6
ASG000d4bu,1,zebra,1
ASG000d4bv,1,wildebeest,11-50
ASG000d4bz,1,wildebeest,11-50
ASG000d4d1,1,wildebeest,11-50
ASG000d4d6,2,wildebeest,10
ASG000d4d6,2,zebra,2
ASG000d4es,1,wildebeest,6
ASG000d4ex,2,wildebeest,8
ASG000d4ex,2,zebra,1
ASG000d4f3,1,wildebeest,11-50
ASG000d4g6,1,wildebeest,11-50
ASG000d4gt,1,wildebeest,11-50
ASG000d4gx,1,wildebeest,2
ASG000d4h6,1,hartebeest,1
ASG000d4hw,1,reedbuck,1
ASG000d4i3,1,wildebeest,11-50
ASG000d4ia,1,reedbuck,1
ASG000d4ih,1,wildebeest,11-50
ASG000d4ij,1,wildebeest,9
ASG000d4l7,1,gazelleThomsons,1
ASG000d4lg,1,wildebeest,3
ASG000d4m1,1,wildebeest,1
ASG000d4mu,1,wildebeest,6
ASG000d4my,1,wildebeest,3
ASG000d4n6,1,wildebeest,5
ASG000d4ng,1,otherBird,10
ASG000d4nh,1,wildebeest,3
ASG000d4oe,1,otherBird,1
ASG000d4or,1,wildebeest,8
ASG000d4p0,1,wildebeest,2
ASG000d4ph,1,wildebeest,2
ASG000d4r6,1,wildebeest,1
ASG000d4rd,1,wildebeest,11-50
ASG000d4ro,1,wildebeest,1
ASG000d4sh,1,wildebeest,11-50
ASG000d4sy,1,wildebeest,10
ASG000d4up,1,wildebeest,5
ASG000d4v8,1,cheetah,1
ASG000d4wi,1,wildebeest,2
ASG000d4wj,1,otherBird,11-50
ASG000d4wp,1,wildebeest,1
ASG000d4y2,1,wildebeest,3
ASG000d4yh,1,impossible,
ASG000d4z7,2,wildebeest,1
ASG000d4z7,2,zebra,2
ASG000d4zs,1,wildebeest,4
ASG000d501,1,otherBird,6
ASG000d506,1,wildebeest,1
ASG000d507,1,wildebeest,1
ASG000d50r,1,wildebeest,4
ASG000d516,1,gazelleThomsons,2
ASG000d51g,1,wildebeest,11-50
ASG000d51j,1,wildebeest,2
ASG000d51x,1,zebra,5
ASG000d529,1,wildebeest,1
ASG000d52v,1,wildebeest,1
ASG000d52z,1,wildebeest,11-50
ASG000d53t,1,zebra,1
ASG000d55m,1,wildebeest,1
ASG000d55p,1,wildebeest,6
ASG000d55z,1,wildebeest,2
ASG000d561,1,wildebeest,1
ASG000d56t,1,hippopotamus,1
ASG000d56u,3,otherBird,11-50
ASG000d56u,3,wildebeest,7
ASG000d56u,3,zebra,2
ASG000d56y,1,warthog,1
ASG000d56z,1,gazelleThomsons,1
ASG000d572,1,wildebeest,2
ASG000d578,1,wildebeest,3
ASG000d57d,1,wildebeest,11-50
ASG000d57r,1,wildebeest,4
ASG000d57w,1,wildebeest,4
ASG000d580,1,wildebeest,3
ASG000d583,1,gazelleThomsons,1
ASG000d589,1,wildebeest,1
ASG000d58h,1,wildebeest,7
ASG000d59m,1,wildebeest,2
ASG000d5ak,1,wildebeest,11-50
ASG000d5av,1,wildebeest,9
ASG000d5bt,1,cheetah,1
ASG000d5c3,1,wildebeest,2
ASG000d5cm,1,wildebeest,1
ASG000d5dd,1,gazelleThomsons,1
ASG000d5dr,1,wildebeest,3
ASG000d5du,1,wildebeest,2
ASG000d5g5,2,wildebeest,1
ASG000d5g5,2,zebra,2
ASG000d5jr,1,wildebeest,3
ASG000d5k0,1,wildebeest,2
ASG000d5kp,1,gazelleThomsons,11-50
ASG000d5of,1,wildebeest,11-50
ASG000d5r8,2,wildebeest,3
ASG000d5r8,2,zebra,1
ASG000d5rv,1,wildebeest,11-50
ASG000d5tl,1,gazelleThomsons,11-50
ASG000d5vs,1,wildebeest,1
ASG000d5w4,1,gazelleThomsons,8
ASG000d5w8,1,wildebeest,1
ASG000d5wm,1,wildebeest,1
ASG000d5xr,1,wildebeest,1
ASG000d5yy,1,wildebeest,11-50
ASG000d61g,1,wildebeest,5
ASG000d61i,1,wildebeest,11-50
ASG000d61s,2,wildebeest,2
ASG000d61s,2,zebra,1
ASG000d64l,2,wildebeest,1
ASG000d64l,2,zebra,1
ASG000d66g,1,gazelleThomsons,1
ASG000d66n,1,gazelleThomsons,7
ASG000d66x,1,wildebeest,3
ASG000d675,1,wildebeest,11-50
ASG000d676,1,gazelleThomsons,3
ASG000d67g,1,wildebeest,1
ASG000d67u,1,wildebeest,7
ASG000d689,1,gazelleThomsons,11-50
ASG000d68w,1,wildebeest,1
ASG000d6b0,1,wildebeest,1
ASG000d6co,1,wildebeest,3
ASG000d6es,1,wildebeest,9
ASG000d6fr,1,zebra,1
ASG000d6gx,1,wildebeest,3
ASG000d6gy,1,gazelleThomsons,2
ASG000d6hc,2,wildebeest,11-50
ASG000d6hc,2,zebra,5
ASG000d6ig,1,wildebeest,6
ASG000d6jg,2,wildebeest,4
ASG000d6jg,2,zebra,1
ASG000d6ka,1,wildebeest,1
ASG000d6kd,1,gazelleThomsons,1
ASG000d6l2,1,zebra,6
ASG000d6l8,1,zebra,6
ASG000d6mq,1,wildebeest,11-50
ASG000d6nu,1,wildebeest,2
ASG000d6qy,1,wildebeest,1
ASG000d6sh,1,wildebeest,11-50
ASG000d6sm,1,wildebeest,3
ASG000d6ss,1,wildebeest,1
ASG000d6uk,1,wildebeest,2
ASG000d6uz,1,wildebeest,5
ASG000d6vw,1,wildebeest,2
ASG000d6wp,1,wildebeest,11-50
ASG000d6y0,2,wildebeest,1
ASG000d6y0,2,zebra,8
ASG000d6y9,1,gazelleThomsons,2
ASG000d71i,1,wildebeest,2
ASG000d72l,1,wildebeest,5
ASG000d746,1,wildebeest,1
ASG000d748,1,wildebeest,9
ASG000d74c,1,wildebeest,4
ASG000d74h,1,wildebeest,1
ASG000d76e,1,wildebeest,1
ASG000d7a6,1,wildebeest,3
ASG000d7dg,2,wildebeest,6
ASG000d7dg,2,zebra,4
ASG000d7do,1,wildebeest,9
ASG000d7dw,1,wildebeest,4
ASG000d7er,1,wildebeest,1
ASG000d7gk,1,wildebeest,2
ASG000d7h9,2,wildebeest,11-50
ASG000d7h9,2,zebra,2
ASG000d7ij,1,gazelleThomsons,2
ASG000d7kw,1,gazelleThomsons,7
ASG000d7l6,1,gazelleThomsons,5
ASG000d7lm,1,gazelleThomsons,2
ASG000d7ly,1,gazelleThomsons,1
ASG000d7m8,1,zebra,3
ASG000d7mn,1,gazelleThomsons,6
ASG000d7mq,1,gazelleThomsons,7
ASG000d7o9,2,gazelleGrants,1
ASG000d7o9,2,gazelleThomsons,11-50
ASG000d7oa,1,zebra,1
ASG000d7og,1,gazelleThomsons,2
ASG000d7pk,1,gazelleThomsons,11-50
ASG000d7pm,1,cheetah,1
ASG000d7q1,1,gazelleThomsons,2
ASG000d7qe,1,gazelleThomsons,8
ASG000d7re,1,lionFemale,1
ASG000d7s0,1,hartebeest,1
ASG000d7sj,1,gazelleThomsons,11-50
ASG000d7te,1,human,1
ASG000d7tr,1,zebra,2
ASG000d7tz,2,eland,1
ASG000d7tz,2,otherBird,2
ASG000d7uj,1,gazelleThomsons,11-50
ASG000d7uq,1,gazelleGrants,2
ASG000d7uw,1,gazelleThomsons,5
ASG000d7vb,1,zebra,1
ASG000d7vj,1,zebra,1
ASG000d7wt,1,gazelleThomsons,11-50
ASG000d7xz,1,gazelleThomsons,11-50
ASG000d7y8,1,gazelleThomsons,1
ASG000d7y9,1,gazelleThomsons,1
ASG000d7yf,1,gazelleThomsons,9
ASG000d7yn,1,zebra,2
ASG000d8i0,1,impala,1
ASG000d8ml,1,impala,1
ASG000d8xa,1,dikDik,1
ASG000d8yd,1,dikDik,1
ASG000d90h,1,impala,1
ASG000d91l,1,impala,1
ASG000d97i,1,impala,1
ASG000d99t,1,human,1
ASG000d9a1,1,zebra,2
ASG000d9a3,1,zebra,2
ASG000d9ac,1,hyenaSpotted,1
ASG000d9b5,1,wildebeest,1
ASG000d9dg,2,wildebeest,3
ASG000d9dg,2,zebra,3
ASG000d9e0,1,zebra,1
ASG000d9fi,1,impala,1
ASG000d9g9,1,zebra,2
ASG000d9gi,1,elephant,1
ASG000d9hm,1,lionFemale,2
ASG000d9ii,1,lionFemale,2
ASG000d9im,1,elephant,2
ASG000d9iu,1,elephant,1
ASG000d9k2,1,lionFemale,1
ASG000d9l8,1,reedbuck,1
ASG000d9m0,1,zebra,3
ASG000d9md,1,zebra,4
ASG000d9mt,1,guineaFowl,1
ASG000d9mx,1,zebra,3
ASG000d9n7,1,wildebeest,2
ASG000d9ny,1,zebra,5
ASG000d9o7,1,zebra,3
ASG000d9ob,1,zebra,3
ASG000d9og,1,zebra,1
ASG000d9pm,2,wildebeest,2
ASG000d9pm,2,zebra,7
ASG000d9q2,1,zebra,3
ASG000d9qq,1,zebra,2
ASG000d9tc,1,giraffe,1
ASG000d9xk,1,hartebeest,3
ASG000dam9,1,gazelleThomsons,1
ASG000darr,1,gazelleGrants,1
ASG000db3i,1,hyenaSpotted,1
ASG000db3n,1,hyenaSpotted,1
ASG000db7t,1,gazelleGrants,2
ASG000dbau,1,gazelleGrants,2
ASG000dbc5,1,wildebeest,11-50
ASG000dbcr,1,zebra,5
ASG000dbdf,1,gazelleThomsons,3
ASG000dbds,1,gazelleThomsons,1
ASG000dbe0,1,gazelleThomsons,3
ASG000dbeq,1,gazelleThomsons,6
ASG000dbes,1,gazelleGrants,2
ASG000dbev,2,wildebeest,6
ASG000dbev,2,zebra,4
ASG000dbey,1,gazelleGrants,2
ASG000dbez,1,gazelleGrants,2
ASG000dbg0,1,impossible,
ASG000dbgu,1,zebra,3
ASG000dbh8,1,gazelleGrants,3
ASG000dbi6,1,hartebeest,2
ASG000dbi7,1,gazelleGrants,4
ASG000dbiu,1,gazelleGrants,1
ASG000dbj5,1,gazelleGrants,9
ASG000dbl2,1,zebra,9
ASG000dbl7,1,zebra,5
ASG000dblf,1,gazelleThomsons,1
ASG000dblg,1,gazelleGrants,6
ASG000dbmb,1,gazelleGrants,11-50
ASG000dbmp,1,wildebeest,11-50
ASG000dbng,1,gazelleThomsons,1
ASG000dbns,1,gazelleGrants,1
ASG000dc12,1,human,1
ASG000dcb7,2,buffalo,3
ASG000dcb7,2,otherBird,1
ASG000dcbh,1,buffalo,1
ASG000dcc7,1,warthog,1
ASG000dcds,1,buffalo,1
ASG000dcj9,1,guineaFowl,7
ASG000dck6,1,zebra,5
ASG000dcl6,1,porcupine,1
ASG000dcof,1,lionFemale,1
ASG000dcp4,1,zebra,2
ASG000dcz8,1,buffalo,1
ASG000ddmn,1,wildebeest,5
ASG000de99,1,human,1
ASG000dea3,1,wildebeest,4
ASG000dea6,1,wildebeest,1
ASG000deca,1,zebra,4
ASG000def3,1,wildebeest,1
ASG000deft,1,wildebeest,3
ASG000degd,1,wildebeest,2
ASG000degs,1,wildebeest,2
ASG000deh2,1,zebra,10
ASG000dehq,1,zebra,1
ASG000dein,1,wildebeest,5
ASG000dek8,1,wildebeest,6
ASG000dekp,2,wildebeest,1
ASG000dekp,2,zebra,1
ASG000dem5,1,wildebeest,1
ASG000dem7,1,wildebeest,2
ASG000demh,1,zebra,8
ASG000den4,1,wildebeest,3
ASG000deni,1,zebra,1
ASG000denj,1,wildebeest,1
ASG000denq,1,wildebeest,7
ASG000denv,1,wildebeest,6
ASG000deog,1,zebra,2
ASG000deqd,1,wildebeest,6
ASG000dero,1,wildebeest,6
ASG000derp,1,zebra,1
ASG000derz,1,wildebeest,2
ASG000detf,1,otherBird,1
ASG000deto,1,wildebeest,2
ASG000deuh,1,zebra,1
ASG000deux,1,zebra,2
ASG000devb,1,wildebeest,4
ASG000devm,1,wildebeest,1
ASG000dexz,1,wildebeest,8
ASG000dey0,1,wildebeest,1
ASG000dey1,1,wildebeest,5
ASG000deya,1,zebra,4
ASG000deye,1,impossible,
ASG000dezl,1,wildebeest,4
ASG000df05,1,wildebeest,2
ASG000df09,1,wildebeest,8
ASG000df0d,1,wildebeest,9
ASG000df0m,1,zebra,1
ASG000df0u,1,wildebeest,2
ASG000df0w,1,wildebeest,4
ASG000df10,1,wildebeest,3
ASG000df2e,1,zebra,1
ASG000df37,1,wildebeest,4
ASG000df3l,1,wildebeest,9
ASG000df4g,1,wildebeest,1
ASG000df4v,1,zebra,2
ASG000df69,1,zebra,4
ASG000df6k,1,wildebeest,1
ASG000df7y,1,wildebeest,11-50
ASG000df8d,1,wildebeest,1
ASG000df8h,1,wildebeest,1
ASG000df8w,1,wildebeest,1
ASG000df99,2,wildebeest,8
ASG000df99,2,zebra,5
ASG000df9b,2,gazelleGrants,3
ASG000df9b,2,wildebeest,11-50
ASG000df9i,1,wildebeest,11-50
ASG000df9j,1,wildebeest,9
ASG000df9s,1,zebra,9
ASG000dfa0,1,wildebeest,2
ASG000dfal,1,zebra,3
ASG000dfat,1,wildebeest,11-50
ASG000dfax,1,wildebeest,2
ASG000dfb3,1,wildebeest,3
ASG000dfbo,1,wildebeest,5
ASG000dfbr,1,wildebeest,2
ASG000dfc3,1,wildebeest,6
ASG000dfcv,1,wildebeest,11-50
ASG000dfd0,1,wildebeest,2
ASG000dfd9,1,wildebeest,11-50
ASG000dfdx,1,zebra,3
ASG000dfe4,1,wildebeest,6
ASG000dfe6,1,wildebeest,1
ASG000dfe8,2,wildebeest,6
ASG000dfe8,2,zebra,6
ASG000dfem,1,zebra,11-50
ASG000dfen,1,wildebeest,11-50
ASG000dfez,2,wildebeest,1
ASG000dfez,2,zebra,4
ASG000dffj,1,wildebeest,6
ASG000dffl,1,gazelleGrants,1
ASG000dffw,1,wildebeest,11-50
ASG000dffy,1,wildebeest,7
ASG000dfg7,1,gazelleGrants,1
ASG000dfgu,1,wildebeest,2
ASG000dfgv,1,warthog,1
ASG000dfhy,1,warthog,1
ASG000dfj8,1,wildebeest,11-50
ASG000dfjv,1,wildebeest,6
ASG000dfkt,1,wildebeest,11-50
ASG000dfl7,1,wildebeest,11-50
ASG000dfm5,1,zebra,2
ASG000dfme,1,wildebeest,4
ASG000dfmp,1,wildebeest,3
ASG000dfn0,1,wildebeest,5
ASG000dfn9,1,elephant,1
ASG000dfno,1,elephant,1
ASG000dfnw,1,elephant,1
ASG000dfpa,1,elephant,1
ASG000dfq0,1,elephant,3
ASG000dfq7,1,elephant,2
ASG000dg8x,1,human,1
ASG000dgcb,1,zebra,2
ASG000dgdy,1,wildebeest,5
ASG000dgf0,1,wildebeest,1
ASG000dh6d,1,wildebeest,7
ASG000dh6p,1,zebra,2
ASG000dh74,1,elephant,1
ASG000dh7u,1,eland,1
ASG000dh86,1,eland,1
ASG000dh8r,1,eland,1
ASG000dha3,1,eland,1
ASG000dhai,1,elephant,2
ASG000dhax,1,eland,1
ASG000dhbc,1,eland,1
ASG000dhci,1,wildebeest,1
ASG000dhdj,1,impossible,
ASG000dhe6,1,elephant,1
ASG000dhih,1,wildebeest,5
ASG000dhn0,1,wildebeest,4
ASG000dhn8,2,wildebeest,5
ASG000dhn8,2,zebra,2
ASG000dhpb,1,wildebeest,1
ASG000dhpi,2,wildebeest,3
ASG000dhpi,2,zebra,6
ASG000dhpl,1,wildebeest,6
ASG000dhq2,1,wildebeest,4
ASG000dhqh,1,wildebeest,11-50
ASG000dhqw,1,wildebeest,4
ASG000dhsw,1,wildebeest,6
ASG000dhti,1,zebra,6
ASG000dhto,1,zebra,1
ASG000dhua,1,wildebeest,4
ASG000dhvn,1,zebra,5
ASG000dhvt,1,zebra,11-50
ASG000dhvy,1,wildebeest,2
ASG000dhx0,1,wildebeest,7
ASG000dhyb,1,wildebeest,2
ASG000dhyd,1,wildebeest,3
ASG000dhyx,1,wildebeest,4
ASG000dhzg,1,wildebeest,2
ASG000di15,1,wildebeest,3
ASG000di1j,1,zebra,8
ASG000di1q,1,wildebeest,6
ASG000di5c,1,zebra,11-50
ASG000di62,1,gazelleThomsons,3
ASG000di6h,1,gazelleThomsons,5
ASG000di6k,1,zebra,2
ASG000di6z,1,zebra,1
ASG000di7b,1,hyenaSpotted,1
ASG000di7g,1,gazelleThomsons,1
ASG000di7l,1,zebra,4
ASG000di7v,1,gazelleThomsons,2
ASG000di8b,1,gazelleThomsons,4
ASG000di8h,1,zebra,2
ASG000di9y,1,gazelleThomsons,2
ASG000dic0,1,zebra,1
ASG000dic3,1,gazelleThomsons,4
ASG000dic7,1,gazelleThomsons,7
ASG000dicg,1,human,1
ASG000dick,1,zebra,5
ASG000dicn,1,gazelleThomsons,1
ASG000did1,1,zebra,1
ASG000didu,1,gazelleThomsons,5
ASG000dien,1,zebra,1
ASG000difh,1,zebra,1
ASG000digw,1,otherBird,1
ASG000dih8,1,zebra,1
ASG000diha,1,gazelleThomsons,4
ASG000dihh,1,zebra,1
ASG000dijk,1,zebra,4
ASG000dike,2,wildebeest,1
ASG000dike,2,zebra,5
ASG000diku,1,eland,2
ASG000dikv,1,zebra,5
ASG000dild,1,eland,2
ASG000dili,1,zebra,2
ASG000dilu,1,guineaFowl,1
ASG000dim1,1,warthog,1
ASG000dimo,1,giraffe,1
ASG000din7,1,human,1
ASG000dioz,1,hippopotamus,1
ASG000dip0,1,baboon,1
ASG000dipb,1,hippopotamus,1
ASG000dire,1,warthog,1
ASG000dis5,1,hippopotamus,1
ASG000dis6,1,hippopotamus,1
ASG000dis9,1,hippopotamus,1
ASG000disk,1,hippopotamus,1
ASG000dizu,1,warthog,2
ASG000dj1t,1,giraffe,1
ASG000dj6g,1,zebra,2
ASG000dj7w,1,wildebeest,3
ASG000dj8z,1,giraffe,1
ASG000djgf,1,giraffe,3
ASG000djji,1,topi,1
ASG000djoa,1,topi,1
ASG000djrq,1,giraffe,1
ASG000djvh,1,zebra,1
ASG000djx2,1,wildebeest,1
ASG000djx9,1,buffalo,1
ASG000djz4,2,wildebeest,1
ASG000djz4,2,zebra,2
ASG000dk0a,1,buffalo,1
ASG000dk3s,1,buffalo,3
ASG000dkaw,1,zebra,2
ASG000dkjr,1,zebra,1
ASG000dkk8,1,zebra,2
ASG000dkrr,1,wildebeest,2
ASG000dlaq,1,otherBird,1
ASG000dlax,1,zebra,1
ASG000dlr7,1,wildebeest,3
ASG000dlyx,1,wildebeest,4
ASG000dm1u,1,wildebeest,2
ASG000dn8k,1,human,1
ASG000dnxl,1,zebra,4
ASG000dnyr,1,zebra,1
ASG000dnz4,1,zebra,2
ASG000dnzi,1,gazelleGrants,6
ASG000do08,1,gazelleThomsons,2
ASG000do1c,2,otherBird,1
ASG000do1c,2,zebra,2
ASG000do1w,1,zebra,1
ASG000do2h,1,gazelleGrants,1
ASG000do3d,1,zebra,5
ASG000do41,1,hartebeest,1
ASG000do4y,1,gazelleGrants,1
ASG000do6k,1,gazelleGrants,1
ASG000do79,1,zebra,4
ASG000do7s,1,zebra,10
ASG000do7y,1,gazelleGrants,6
ASG000do8b,1,zebra,3
ASG000do8v,1,zebra,7
ASG000do93,1,zebra,4
ASG000do9n,1,zebra,9
ASG000doa2,1,gazelleThomsons,1
ASG000doa6,1,zebra,3
ASG000dod9,1,gazelleGrants,2
ASG000dodb,1,gazelleThomsons,3
ASG000doe8,2,wildebeest,11-50
ASG000doe8,2,zebra,11-50
ASG000doeh,1,zebra,1
ASG000doeu,1,aardwolf,1
ASG000dofk,1,zebra,1
ASG000dofm,1,zebra,3
ASG000dofw,1,zebra,2
ASG000dosc,1,wildebeest,4
ASG000dosr,1,wildebeest,1
ASG000dote,1,wildebeest,2
ASG000doto,1,wildebeest,3
ASG000doyf,1,human,1
ASG000dp0f,1,wildebeest,8
ASG000dp37,1,zebra,2
ASG000dp3f,1,wildebeest,8
ASG000dp3g,1,wildebeest,2
ASG000dp3o,1,wildebeest,5
ASG000dp49,1,wildebeest,3
ASG000dp4r,1,wildebeest,7
ASG000dp6j,1,wildebeest,6
ASG000dpcx,1,wildebeest,3
ASG000dpjo,1,wildebeest,6
ASG000dpmr,1,wildebeest,6
ASG000dpmt,1,zebra,3
ASG000dpo3,1,wildebeest,11-50
ASG000dpp1,1,wildebeest,7
ASG000dpsb,1,wildebeest,7
ASG000dpt3,1,wildebeest,3
ASG000dpto,1,wildebeest,11-50
ASG000dpu4,1,wildebeest,3
ASG000dpu8,1,wildebeest,8
ASG000dpwy,1,wildebeest,3
ASG000dpy3,1,wildebeest,6
ASG000dpy7,1,wildebeest,11-50
ASG000dpyi,1,reedbuck,1
ASG000dpyx,1,zebra,1
ASG000dq1b,1,otherBird,1
ASG000dq6s,1,eland,1
ASG000dq7w,1,wildebeest,11-50
ASG000dqa9,1,otherBird,1
ASG000dqfk,2,wildebeest,11-50
ASG000dqfk,2,zebra,5
ASG000dqhx,1,wildebeest,3
ASG000dqjv,2,wildebeest,11-50
ASG000dqjv,2,zebra,1
ASG000dqlc,1,wildebeest,11-50
ASG000dqmw,1,otherBird,1
ASG000dqng,2,wildebeest,4
ASG000dqng,2,zebra,1
ASG000dqp4,1,wildebeest,11-50
ASG000dqre,2,buffalo,1
ASG000dqre,2,otherBird,4
ASG000dqrn,1,otherBird,1
ASG000dqsm,1,wildebeest,11-50
ASG000dqtm,1,wildebeest,11-50
ASG000dqwd,1,zebra,1
ASG000dqy4,2,wildebeest,11-50
ASG000dqy4,2,zebra,7
ASG000dr0e,1,elephant,2
ASG000dr17,1,wildebeest,5
ASG000dr3z,1,wildebeest,11-50
ASG000dr99,1,warthog,1
ASG000drcn,1,wildebeest,4
ASG000drdr,1,wildebeest,7
ASG000drs3,1,wildebeest,11-50
ASG000drut,1,buffalo,3
ASG000drv0,1,hartebeest,3
ASG000drvq,1,wildebeest,6
ASG000drwt,1,wildebeest,11-50
ASG000drwv,1,zebra,2
ASG000drxe,1,wildebeest,6
ASG000drxj,1,wildebeest,11-50
ASG000dryb,1,wildebeest,11-50
ASG000dryq,1,zebra,3
ASG000dryv,1,giraffe,1
ASG000dryx,1,impala,1
ASG000drza,1,wildebeest,11-50
ASG000drze,1,impala,1
ASG000drzf,1,impala,1
ASG000drzj,1,hartebeest,1
ASG000ds1d,1,buffalo,4
ASG000ds2a,1,buffalo,1
ASG000ds2x,1,zebra,2
ASG000ds3d,1,zebra,1
ASG000ds4x,1,wildebeest,11-50
ASG000ds5c,1,wildebeest,5
ASG000ds5l,1,zebra,11-50
ASG000ds6e,1,zebra,1
ASG000ds6u,1,hartebeest,1
ASG000ds7l,2,wildebeest,6
ASG000ds7l,2,zebra,3
ASG000ds83,1,buffalo,1
ASG000ds87,1,hyenaSpotted,1
ASG000ds9h,1,zebra,8
ASG000dsa4,1,hyenaSpotted,1
ASG000dsaj,1,wildebeest,11-50
ASG000dsb4,1,buffalo,3
ASG000dsbl,1,zebra,2
ASG000dsbq,1,wildebeest,11-50
ASG000dsbu,1,wildebeest,11-50
ASG000dscb,1,impossible,
ASG000dscj,1,hyenaSpotted,1
ASG000dsco,1,wildebeest,11-50
ASG000dsd9,1,wildebeest,1
ASG000dseh,1,wildebeest,4
ASG000dsfk,1,wildebeest,4
ASG000dsgz,1,zebra,2
ASG000dsh6,1,wildebeest,5
ASG000dsho,1,wildebeest,11-50
ASG000dsil,1,wildebeest,11-50
ASG000dslf,1,wildebeest,11-50
ASG000dsmn,1,hyenaSpotted,1
ASG000dsmu,1,zebra,6
ASG000dsnb,1,wildebeest,11-50
ASG000dspb,1,zebra,4
ASG000dsq8,1,wildebeest,1
ASG000dsqo,1,wildebeest,11-50
ASG000dsrp,1,wildebeest,10
ASG000dsss,1,wildebeest,11-50
ASG000dsv5,1,wildebeest,4
ASG000dt02,1,wildebeest,8
ASG000dt8r,1,wildebeest,1
ASG000dt9r,2,wildebeest,3
ASG000dt9r,2,zebra,2
ASG000dte0,1,warthog,3
ASG000dtfv,1,zebra,2
ASG000dthh,1,wildebeest,1
ASG000dtut,1,wildebeest,3
ASG000dtxi,1,wildebeest,1
ASG000du1v,1,warthog,3
ASG000du3r,1,wildebeest,5
ASG000du65,1,gazelleGrants,1
ASG000du8s,1,wildebeest,1
ASG000du9a,1,giraffe,1
ASG000du9m,1,zebra,2
ASG000duae,1,wildebeest,8
ASG000duaz,1,wildebeest,3
ASG000dub3,1,wildebeest,4
ASG000dub7,1,human,2
ASG000duba,1,wildebeest,2
ASG000dubd,1,wildebeest,3
ASG000dubo,1,wildebeest,10
ASG000dubr,1,gazelleThomsons,1
ASG000dubv,1,wildebeest,4
ASG000ducc,1,hyenaSpotted,2
ASG000ducw,1,gazelleGrants,1
ASG000ducz,1,wildebeest,2
ASG000dud1,1,warthog,2
ASG000dud3,1,wildebeest,3
ASG000dud7,1,wildebeest,11-50
ASG000dudh,1,wildebeest,2
ASG000dudt,1,wildebeest,3
ASG000duen,1,buffalo,1
ASG000duey,1,hartebeest,1
ASG000dufm,1,buffalo,7
ASG000duiz,1,warthog,1
ASG000dujl,1,wildebeest,11-50
ASG000dv16,1,zebra,1
ASG000dv6e,1,human,1
ASG000dv9b,1,wildebeest,4
ASG000dv9g,1,wildebeest,1
ASG000dv9s,1,wildebeest,9
ASG000dval,1,wildebeest,1
ASG000dvbd,1,wildebeest,9
ASG000dvc6,1,wildebeest,2
ASG000dvcn,1,hyenaSpotted,1
ASG000dvcs,1,wildebeest,1
ASG000dvcx,1,wildebeest,1
ASG000dvdy,1,wildebeest,1
ASG000dvep,1,zebra,5
ASG000dvfi,1,zebra,1
ASG000dvg4,1,zebra,1
ASG000dvil,1,zebra,2
ASG000dvj8,1,giraffe,1
ASG000dvj9,1,hartebeest,1
ASG000dvku,1,zebra,1
ASG000dvm6,1,elephant,3
ASG000dvmr,1,warthog,1
ASG000dvni,1,warthog,1
ASG000dvo3,1,aardvark,1
ASG000dvob,1,impala,1
ASG000dvok,1,zebra,1
ASG000dvp5,1,zebra,2
ASG000dvp8,1,zebra,4
ASG000dvq1,1,warthog,2
ASG000dvt7,1,zebra,2
ASG000dvtv,1,zebra,3
ASG000dvuc,1,zebra,2
ASG000dvuf,1,zebra,1
ASG000dvv4,1,zebra,2
ASG000dvve,1,zebra,1
ASG000dvw0,1,zebra,1
ASG000dvwy,1,zebra,3
ASG000dvx3,1,wildebeest,1
ASG000dvzo,1,wildebeest,1
ASG000dvzq,1,giraffe,2
ASG000dvzs,1,zebra,1
ASG000dw02,1,wildebeest,5
ASG000dw11,1,topi,1
ASG000dw1z,1,zebra,2
ASG000dw28,1,zebra,1
ASG000dw2i,1,topi,1
ASG000dw2s,1,wildebeest,1
ASG000dw3b,1,zebra,1
ASG000dw3v,1,wildebeest,3
ASG000dw4m,1,zebra,1
ASG000dw4z,1,zebra,2
ASG000dw5r,1,zebra,1
ASG000dw69,1,zebra,1
ASG000dw6n,1,zebra,5
ASG000dw7l,1,zebra,11-50
ASG000dw82,1,zebra,2
ASG000dw8b,1,hartebeest,1
ASG000dw8f,1,hartebeest,1
ASG000dw8m,1,topi,1
ASG000dw8z,1,zebra,2
ASG000dw9p,1,guineaFowl,1
ASG000dwal,1,guineaFowl,1
ASG000dwb3,1,hartebeest,1
ASG000dwbz,1,wildebeest,11-50
ASG000dwco,1,hartebeest,1
ASG000dwd6,1,hartebeest,1
ASG000dwd8,1,guineaFowl,9
ASG000dwee,1,guineaFowl,4
ASG000dwen,1,hartebeest,1
ASG000dwev,1,hyenaSpotted,1
ASG000dwf2,1,hartebeest,1
ASG000dwgn,1,hartebeest,1
ASG000dwh0,1,hartebeest,1
ASG000dwj1,1,guineaFowl,4
ASG000dwk2,1,buffalo,1
ASG000dwl2,1,dikDik,1
ASG000dwla,1,reedbuck,1
ASG000dwlc,1,buffalo,11-50
ASG000dwnu,1,lionMale,1
ASG000dwnx,1,wildebeest,1
ASG000dwpz,2,wildebeest,7
ASG000dwpz,2,zebra,1
ASG000dwr0,2,wildebeest,1
ASG000dwr0,2,zebra,2
ASG000dwr7,1,wildebeest,2
ASG000dwr9,1,warthog,1
ASG000dws6,1,wildebeest,4
ASG000dwsp,1,wildebeest,1
ASG000dwsq,1,wildebeest,5
ASG000dwss,1,wildebeest,1
ASG000dwte,1,wildebeest,1
ASG000dwu1,2,otherBird,1
ASG000dwu1,2,wildebeest,6
ASG000dwwm,1,zebra,2
ASG000dwwu,1,wildebeest,11-50
ASG000dwx0,1,giraffe,1
ASG000dwxd,1,wildebeest,2
ASG000dwxk,1,wildebeest,8
ASG000dwy4,1,wildebeest,6
ASG000dwyf,1,zebra,6
ASG000dwyi,1,zebra,1
ASG000dwyw,1,wildebeest,1
ASG000dwz7,1,zebra,2
ASG000dx58,1,warthog,2
ASG000dx5k,1,buffalo,4
ASG000dxge,1,human,1
ASG000dy0b,1,buffalo,4
ASG000dyo1,1,buffalo,7
ASG000dysp,1,impossible,
ASG000dyte,1,zebra,2
ASG000dyu4,1,jackal,1
ASG000dyui,1,giraffe,1
ASG000dyvw,1,impala,1
ASG000dywy,1,warthog,1
ASG000dyxb,1,human,1
ASG000dyxn,1,giraffe,1
ASG000dyyj,1,impala,1
ASG000dyzo,1,baboon,3
ASG000dz0o,1,impala,1
ASG000dz0t,1,baboon,3
ASG000dz17,1,impala,2
ASG000dz1l,1,warthog,1
ASG000dz24,1,impala,3
ASG000dz29,1,baboon,2
ASG000dz2d,1,baboon,3
ASG000dz32,1,impala,1
ASG000dz33,1,impala,2
ASG000dz36,1,impala,1
ASG000dz3c,1,zebra,6
ASG000dz49,1,impala,2
ASG000dz4d,1,buffalo,1
ASG000dz4g,1,impala,1
ASG000dz5p,1,buffalo,1
ASG000dz68,1,warthog,1
ASG000dz72,1,impala,1
ASG000dz7i,1,impala,2
ASG000dz8i,1,giraffe,1
ASG000dz8t,1,giraffe,2
ASG000dz96,1,giraffe,1
ASG000dzaf,1,giraffe,2
ASG000dzb2,1,buffalo,1
ASG000dzb6,1,zebra,2
ASG000dzbq,1,buffalo,1
ASG000dzbt,1,zebra,2
ASG000dzbz,1,human,1
ASG000dzc3,1,zebra,3
ASG000dzc5,1,giraffe,1
ASG000dzcr,1,buffalo,2
ASG000dzd8,1,buffalo,2
ASG000dzdq,1,buffalo,4
ASG000dzdt,1,zebra,2
ASG000dzev,1,gazelleThomsons,1
ASG000dzf8,1,wildebeest,1
ASG000dzhf,1,reedbuck,1
ASG000dzsd,1,elephant,2
ASG000dztv,1,zebra,3
ASG000e03o,1,guineaFowl,6
ASG000e06x,1,reedbuck,1
ASG000e07x,1,wildebeest,11-50
ASG000e07y,2,wildebeest,9
ASG000e07y,2,zebra,1
ASG000e098,1,wildebeest,1
ASG000e09q,1,zebra,5
ASG000e09y,1,zebra,1
ASG000e0a5,1,wildebeest,3
ASG000e0ag,1,wildebeest,2
ASG000e0be,1,zebra,1
ASG000e0bt,2,wildebeest,5
ASG000e0bt,2,zebra,2
ASG000e0c2,1,wildebeest,2
ASG000e0cm,1,zebra,4
ASG000e0d9,1,wildebeest,5
ASG000e0hr,1,human,1
ASG000e3ud,1,gazelleGrants,1
ASG000e3w6,1,wildebeest,11-50
ASG000e3ws,1,zebra,1
ASG000e3xk,1,hyenaSpotted,1
ASG000e3xx,1,zebra,1
ASG000e3y5,1,wildebeest,11-50
ASG000e3yg,1,wildebeest,11-50
ASG000e3yu,1,wildebeest,11-50
ASG000e3yy,1,wildebeest,9
ASG000e3yz,1,wildebeest,6
ASG000e3z2,1,human,1
ASG000e403,2,wildebeest,11-50
ASG000e403,2,zebra,1
ASG000e40d,1,wildebeest,6
ASG000e40j,1,wildebeest,10
ASG000e40y,1,wildebeest,7
ASG000e45t,2,wildebeest,6
ASG000e45t,2,zebra,7
ASG000e47t,1,elephant,1
ASG000e48b,1,wildebeest,11-50
ASG000e4ad,1,human,1
ASG000e4gt,1,wildebeest,1
ASG000e4ht,1,wildebeest,5
ASG000e4jy,1,wildebeest,3
ASG000e4l2,1,wildebeest,2
ASG000e4m4,1,zebra,3
ASG000e4p3,1,elephant,1
ASG000e4qo,2,wildebeest,3
ASG000e4qo,2,zebra,6
ASG000e4ru,1,cheetah,2
ASG000e4sq,1,guineaFowl,1
ASG000e4tl,1,hyenaSpotted,1
ASG000e4y1,2,wildebeest,6
ASG000e4y1,2,zebra,6
ASG000e4zk,1,zebra,11-50
ASG000e51p,1,guineaFowl,2
ASG000e52k,1,guineaFowl,2
ASG000e533,1,wildebeest,3
ASG000e54m,1,zebra,5
ASG000e54s,2,wildebeest,1
ASG000e54s,2,zebra,2
ASG000e54u,2,wildebeest,4
ASG000e54u,2,zebra,4
ASG000e56d,2,wildebeest,3
ASG000e56d,2,zebra,1
ASG000e579,1,zebra,5
ASG000e57c,1,guineaFowl,2
ASG000e57m,1,wildebeest,4
ASG000e57z,1,zebra,11-50
ASG000e586,1,wildebeest,11-50
ASG000e58x,2,wildebeest,2
ASG000e58x,2,zebra,1
ASG000e59y,1,wildebeest,4
ASG000e5ba,1,guineaFowl,1
ASG000e5bm,2,wildebeest,7
ASG000e5bm,2,zebra,8
ASG000e5bu,1,human,1
ASG000e5di,1,elephant,1
ASG000e5e4,1,elephant,5
ASG000e5em,1,zebra,3
ASG000e5gk,1,wildebeest,6
ASG000e5gs,1,wildebeest,11-50
ASG000e5hc,1,wildebeest,8
ASG000e5hn,2,wildebeest,8
ASG000e5hn,2,zebra,2
ASG000e5hy,1,wildebeest,8
ASG000e5ki,1,wildebeest,7
ASG000e5o6,1,wildebeest,7
ASG000e5pj,1,wildebeest,2
ASG000e5qb,1,wildebeest,11-50
ASG000e5rn,1,elephant,1
ASG000e5s2,1,wildebeest,6
ASG000e5sd,1,wildebeest,4
ASG000e5sv,1,wildebeest,9
ASG000e5sx,1,wildebeest,9
ASG000e5t2,1,wildebeest,11-50
ASG000e5tu,1,wildebeest,7
ASG000e5ut,1,wildebeest,10
ASG000e5vj,1,wildebeest,7
ASG000e5xv,1,wildebeest,11-50
ASG000e5xx,1,elephant,1
ASG000e617,2,wildebeest,6
ASG000e617,2,zebra,6
ASG000e61p,1,wildebeest,11-50
ASG000e62i,1,zebra,11-50
ASG000e646,1,wildebeest,11-50
ASG000e679,2,otherBird,1
ASG000e679,2,wildebeest,11-50
ASG000e67u,1,zebra,4
ASG000e68j,1,zebra,2
ASG000e68m,1,zebra,2
ASG000e68p,1,zebra,1
ASG000e69q,1,zebra,2
ASG000e6b5,1,zebra,3
ASG000e6ba,1,wildebeest,11-50
ASG000e6bo,1,zebra,8
ASG000e6br,1,zebra,5
ASG000e6ca,1,wildebeest,7
ASG000e6ck,1,zebra,3
ASG000e6cr,2,wildebeest,6
ASG000e6cr,2,zebra,1
ASG000e6d5,1,zebra,1
ASG000e6dd,1,zebra,3
ASG000e6dr,1,zebra,1
ASG000e6ea,1,otherBird,1
ASG000e6fh,1,wildebeest,7
ASG000e6fn,1,zebra,2
ASG000e6he,1,zebra,2
ASG000e6hs,1,koriBustard,1
ASG000e6id,1,wildebeest,3
ASG000e6j1,1,wildebeest,3
ASG000e6jk,1,wildebeest,11-50
ASG000e6k8,1,wildebeest,11-50
ASG000e6k9,1,wildebeest,1
ASG000e6kb,1,wildebeest,4
ASG000e6kr,1,wildebeest,4
ASG000e6l7,1,wildebeest,4
ASG000e6lf,1,wildebeest,3
ASG000e6md,1,wildebeest,1
ASG000e6mi,2,wildebeest,3
ASG000e6mi,2,zebra,1
ASG000e6mp,1,wildebeest,2
ASG000e6na,1,wildebeest,5
ASG000e6o4,2,wildebeest,3
ASG000e6o4,2,zebra,1
ASG000e6p8,1,wildebeest,2
ASG000e6pq,1,wildebeest,3
ASG000e6pv,1,wildebeest,8
ASG000e6q2,1,wildebeest,2
ASG000e6qr,1,wildebeest,5
ASG000e6qz,1,wildebeest,2
ASG000e6rd,1,wildebeest,1
ASG000e6re,1,wildebeest,1
ASG000e6rh,1,wildebeest,11-50
ASG000e6ri,1,wildebeest,1
ASG000e6rq,1,wildebeest,2
ASG000e6tp,1,wildebeest,2
ASG000e6ug,1,wildebeest,1
ASG000e6ux,1,wildebeest,4
ASG000e6v7,1,wildebeest,4
ASG000e6v8,1,wildebeest,2
ASG000e6vh,1,wildebeest,2
ASG000e6vw,1,wildebeest,11-50
ASG000e6wb,1,wildebeest,3
ASG000e6wc,1,wildebeest,4
ASG000e6wt,1,wildebeest,1
ASG000e6xe,1,wildebeest,4
ASG000e6xh,2,wildebeest,3
ASG000e6xh,2,zebra,3
ASG000e6xk,1,wildebeest,7
ASG000e6xm,1,wildebeest,3
ASG000e6y0,1,gazelleThomsons,1
ASG000e6y1,1,wildebeest,5
ASG000e6y3,1,wildebeest,2
ASG000e6yy,1,wildebeest,6
ASG000e6z9,1,wildebeest,4
ASG000e6ze,1,wildebeest,1
ASG000e70f,1,wildebeest,2
ASG000e70g,1,wildebeest,3
ASG000e70v,1,wildebeest,3
ASG000e711,1,wildebeest,4
ASG000e71z,1,wildebeest,2
ASG000e726,1,wildebeest,4
ASG000e72n,1,wildebeest,4
ASG000e73p,1,wildebeest,6
ASG000e74a,1,wildebeest,6
ASG000e74w,1,wildebeest,1
ASG000e75d,1,wildebeest,3
ASG000e75q,1,wildebeest,4
ASG000e763,1,wildebeest,3
ASG000e76c,1,wildebeest,1
ASG000e76o,1,wildebeest,4
ASG000e76p,2,wildebeest,5
ASG000e76p,2,zebra,2
ASG000e76v,1,impossible,
ASG000e77d,1,human,1
ASG000e7a1,1,gazelleThomsons,2
ASG000e7b2,1,gazelleThomsons,1
ASG000e7b3,1,aardwolf,1
ASG000e7y4,2,impala,4
ASG000e7y4,2,zebra,3
ASG000e7yo,1,impala,3
ASG000e80h,1,impala,5
ASG000e80z,1,zebra,1
ASG000e81v,1,impala,3
ASG000e83f,1,impala,6
ASG000e84i,1,impala,8
ASG000e84p,1,impala,11-50
ASG000e861,1,zebra,5
ASG000e862,1,impala,5
ASG000e879,1,impala,1
ASG000e87d,1,impala,5
ASG000e87s,1,impala,6
ASG000e89d,1,impala,6
ASG000e8a2,1,impala,11-50
ASG000e8bg,1,impala,11-50
ASG000e8dz,2,impala,1
ASG000e8dz,2,zebra,2
ASG000e8eu,1,impala,3
ASG000e8fc,1,impala,1
ASG000e8fy,1,impala,1
ASG000e8g2,1,impala,8
ASG000e8gr,1,impala,11-50
ASG000e8h0,1,impala,4
ASG000e8hg,1,impala,11-50
ASG000e8hx,1,impala,1
ASG000e8jo,1,warthog,1
ASG000e8k7,1,impala,6
ASG000e8m2,1,impala,6
ASG000e8mm,1,impala,9
ASG000e8n2,1,impala,9
ASG000e8nd,1,impala,11-50
ASG000e8np,1,impala,11-50
ASG000e8oj,1,wildebeest,3
ASG000e8ok,1,gazelleGrants,2
ASG000e8oo,1,zebra,3
ASG000e8or,1,wildebeest,3
ASG000e8ou,1,impala,8
ASG000e8p1,1,wildebeest,1
ASG000e8pc,1,human,1
ASG000e8pn,1,wildebeest,2
ASG000e8ps,1,wildebeest,3
ASG000e8pv,1,wildebeest,2
ASG000e8py,1,zebra,1
ASG000e8qa,1,wildebeest,3
ASG000e8qd,1,zebra,4
ASG000e8qz,1,wildebeest,2
ASG000e8r6,1,leopard,1
ASG000e8rd,1,zebra,2
ASG000e8rf,1,wildebeest,5
ASG000e8sd,1,wildebeest,3
ASG000e8sm,1,wildebeest,3
ASG000e8sz,1,wildebeest,4
ASG000e8t5,1,wildebeest,3
ASG000e8t7,1,zebra,1
ASG000e8ub,1,impala,11-50
ASG000e8ux,1,wildebeest,5
ASG000e8wf,1,gazelleThomsons,1
ASG000e8wo,1,eland,1
ASG000e8xi,1,human,1
ASG000e8ye,1,eland,1
ASG000e8zf,1,lionFemale,1
ASG000e90k,1,hyenaSpotted,1
ASG000e910,2,wildebeest,11-50
ASG000e910,2,zebra,1
ASG000e91i,1,wildebeest,11-50
ASG000e91j,1,wildebeest,11-50
ASG000e925,1,wildebeest,11-50
ASG000e92q,1,guineaFowl,9
ASG000e92w,1,wildebeest,7
ASG000e93y,1,wildebeest,11-50
ASG000e946,1,wildebeest,11-50
ASG000e94q,2,wildebeest,4
ASG000e94q,2,zebra,5
ASG000e94s,1,wildebeest,11-50
ASG000e94x,1,serval,1
ASG000e955,1,wildebeest,4
ASG000e959,1,wildebeest,11-50
ASG000e95e,1,wildebeest,3
ASG000e96d,1,eland,1
ASG000e97k,1,wildebeest,11-50
ASG000e981,1,wildebeest,11-50
ASG000e989,1,zebra,3
ASG000e98a,1,hyenaSpotted,1
ASG000e98d,1,zebra,1
ASG000e998,1,zebra,1
ASG000e9a8,1,guineaFowl,1
ASG000e9bm,1,warthog,2
ASG000e9es,1,giraffe,1
ASG000e9et,1,impala,1
ASG000e9f4,1,giraffe,1
ASG000e9f8,1,warthog,1
ASG000e9f9,1,impala,3
ASG000e9fa,1,hartebeest,1
ASG000e9ft,1,giraffe,3
ASG000e9fu,1,warthog,1
ASG000e9gj,1,warthog,1
ASG000e9he,1,buffalo,2
ASG000e9i4,1,giraffe,1
ASG000e9iv,1,giraffe,1
ASG000e9jn,1,warthog,2
ASG000e9jo,1,warthog,1
ASG000e9k3,1,impala,2
ASG000e9kb,1,human,1
ASG000e9kv,1,impala,1
ASG000e9lf,1,giraffe,3
ASG000e9lu,1,warthog,1
ASG000e9t6,1,buffalo,4
ASG000e9tl,1,buffalo,11-50
ASG000e9uv,1,warthog,2
ASG000e9uy,2,buffalo,1
ASG000e9uy,2,warthog,2
ASG000e9w5,1,buffalo,2
ASG000e9wx,1,warthog,2
ASG000e9x0,1,impala,5
ASG000e9z0,1,buffalo,7
ASG000ea0c,1,hartebeest,3
ASG000ea1r,1,buffalo,3
ASG000ea3h,1,buffalo,8
ASG000ea45,1,hyenaSpotted,1
ASG000ea54,1,impala,1
ASG000ea5b,1,guineaFowl,1
ASG000eaak,1,wildebeest,1
ASG000eab7,1,wildebeest,1
ASG000eabf,1,wildebeest,5
ASG000eacy,1,wildebeest,1
ASG000eade,1,wildebeest,1
ASG000eaec,1,gazelleGrants,2
ASG000eaer,1,wildebeest,1
ASG000eaez,1,wildebeest,11-50
ASG000eagb,1,wildebeest,11-50
ASG000eai8,1,wildebeest,10
ASG000eaj3,1,wildebeest,1
ASG000eaju,1,wildebeest,4
ASG000eakq,1,wildebeest,11-50
ASG000ealu,1,wildebeest,11-50
ASG000eaml,1,wildebeest,3
ASG000eao2,2,wildebeest,11-50
ASG000eao2,2,zebra,2
ASG000eap1,1,wildebeest,11-50
ASG000eapa,1,wildebeest,5
ASG000eapb,1,gazelleGrants,9
ASG000eaqo,2,wildebeest,9
ASG000eaqo,2,zebra,1
ASG000ear7,1,wildebeest,8
ASG000ear8,1,wildebeest,11-50
ASG000earp,1,wildebeest,5
ASG000easb,1,warthog,2
ASG000eat6,1,wildebeest,8
ASG000eau9,2,wildebeest,5
ASG000eau9,2,zebra,1
ASG000eauh,1,wildebeest,8
ASG000eav9,1,wildebeest,7
ASG000eawz,1,wildebeest,7
ASG000eaxq,1,wildebeest,3
ASG000eazq,1,wildebeest,1
ASG000eb0g,1,gazelleGrants,3
ASG000eb2c,1,wildebeest,11-50
ASG000eb2q,1,gazelleGrants,1
ASG000eb4g,2,wildebeest,11-50
ASG000eb4g,2,zebra,3
ASG000eb4q,1,wildebeest,1
ASG000eb62,1,wildebeest,1
ASG000eb6a,2,wildebeest,8
ASG000eb6a,2,zebra,5
ASG000eb7b,1,wildebeest,3
ASG000eb7g,2,wildebeest,11-50
ASG000eb7g,2,zebra,2
ASG000eb7w,1,wildebeest,11-50
ASG000eb8l,1,wildebeest,11-50
ASG000ebaa,1,wildebeest,4
ASG000ebe5,1,wildebeest,1
ASG000ebed,1,wildebeest,11-50
ASG000ebf6,1,wildebeest,2
ASG000ebfa,1,wildebeest,7
ASG000ebgn,1,wildebeest,11-50
ASG000ebgx,1,wildebeest,1
ASG000ebha,1,wildebeest,1
ASG000ebhd,1,wildebeest,1
ASG000ebhy,1,wildebeest,1
ASG000ebiu,1,wildebeest,2
ASG000ebjj,1,hyenaSpotted,1
ASG000ebkp,1,wildebeest,2
ASG000eblb,1,giraffe,1
ASG000ebmy,1,giraffe,1
ASG000ebni,1,hippopotamus,2
ASG000ebns,1,hippopotamus,1
ASG000ebon,1,hippopotamus,2
ASG000ebot,1,hippopotamus,2
ASG000ebp0,1,hippopotamus,1
ASG000ebpo,1,giraffe,1
ASG000ebqi,1,hippopotamus,1
ASG000ec2y,1,otherBird,1
ASG000ec83,1,zebra,5
ASG000eck4,1,wildebeest,51+
ASG000ecrt,1,otherBird,2
ASG000ed04,1,impossible,
ASG000ed9c,1,zebra,4
ASG000edek,1,wildebeest,4
ASG000edel,1,wildebeest,6
ASG000edf4,1,wildebeest,3
ASG000edfm,1,wildebeest,5
ASG000edh3,1,wildebeest,4
ASG000edhm,1,wildebeest,5
ASG000edi6,1,wildebeest,3
ASG000edie,1,wildebeest,4
ASG000edjf,1,wildebeest,3
ASG000edk9,1,wildebeest,1
ASG000edkk,1,wildebeest,2
ASG000edl8,1,wildebeest,6
ASG000edle,1,wildebeest,2
ASG000edmk,1,wildebeest,2
ASG000edn4,1,wildebeest,4
ASG000edo1,1,wildebeest,5
ASG000edoh,1,wildebeest,4
ASG000edol,1,wildebeest,4
ASG000edph,1,wildebeest,4
ASG000edpj,1,zebra,2
ASG000edq0,1,wildebeest,3
ASG000edqu,1,zebra,3
ASG000edri,1,wildebeest,2
ASG000ee0z,1,hartebeest,2
ASG000ee5k,1,giraffe,1
ASG000ee5m,1,warthog,1
ASG000ee6j,1,warthog,1
ASG000eef1,1,warthog,2
ASG000eeho,1,hippopotamus,1
ASG000eend,1,giraffe,1
ASG000eepf,1,gazelleGrants,1
ASG000eesz,1,giraffe,1
ASG000eevs,1,giraffe,2
ASG000eez3,1,impala,1
ASG000eez6,1,hippopotamus,1
ASG000ef1s,1,giraffe,2
ASG000ef2j,1,giraffe,2
ASG000ef2x,1,topi,1
ASG000ef3a,1,secretaryBird,1
ASG000efb9,1,human,1
ASG000efbl,1,zebra,3
ASG000efc5,1,giraffe,1
ASG000efle,1,buffalo,1
ASG000efno,1,elephant,2
ASG000efo1,1,human,1
ASG000efpb,1,hippopotamus,1
ASG000efpr,1,hyenaSpotted,1
ASG000efpz,2,elephant,1
ASG000efpz,2,human,5
ASG000efqa,1,elephant,1
ASG000efqv,1,bushbuck,1
ASG000efr2,1,hippopotamus,1
ASG000efrw,1,elephant,1
ASG000efsb,1,elephant,1
ASG000efsq,1,elephant,1
ASG000efss,1,giraffe,1
ASG000eftp,1,giraffe,1
ASG000efw1,1,human,1
ASG000efxm,1,wildebeest,7
ASG000efyh,1,wildebeest,4
ASG000eg2y,1,wildebeest,6
ASG000eg3h,1,wildebeest,4
ASG000eg4y,1,wildebeest,3
ASG000egbx,1,hartebeest,1
ASG000egeq,1,wildebeest,11-50
ASG000eger,1,wildebeest,3
ASG000eget,1,wildebeest,1
ASG000egfr,1,hartebeest,1
ASG000egg8,1,wildebeest,5
ASG000egl2,1,gazelleGrants,2
ASG000egnf,1,gazelleThomsons,1
ASG000egx3,1,wildebeest,6
ASG000egyz,1,hartebeest,1
ASG000ehnd,1,warthog,1
ASG000ehoc,1,wildebeest,11-50
ASG000ehoj,1,wildebeest,3
ASG000ehwa,1,wildebeest,3
ASG000ehwx,1,zebra,1
ASG000ehzq,1,wildebeest,5
ASG000ei56,1,wildebeest,6
ASG000eij3,1,wildebeest,1
ASG000eijx,1,gazelleThomsons,1
ASG000eimf,1,otherBird,1
ASG000eimz,1,zebra,2
ASG000einm,1,buffalo,1
ASG000eio2,1,otherBird,1
ASG000eiq8,1,lionFemale,1
ASG000eiqb,1,guineaFowl,1
ASG000eiqg,1,wildebeest,4
ASG000eirq,1,gazelleThomsons,1
ASG000eis7,1,gazelleThomsons,1
ASG000eis9,1,lionFemale,1
ASG000eiuk,1,reedbuck,1
ASG000eivp,1,serval,1
ASG000eiym,1,zebra,3
ASG000eiz2,1,elephant,6
ASG000ej0m,1,zebra,1
ASG000ej0o,1,zebra,1
ASG000ej19,1,zebra,2
ASG000ej1h,1,elephant,1
ASG000ej4e,1,human,1
ASG000ej6d,1,gazelleGrants,2
ASG000ej6f,1,zebra,1
ASG000ej6h,1,zebra,1
ASG000ej6l,1,gazelleGrants,1
ASG000ej7r,1,wildebeest,10
ASG000ej8m,2,wildebeest,7
ASG000ej8m,2,zebra,9
ASG000ej9e,1,wildebeest,11-50
ASG000ej9i,1,zebra,5
ASG000ej9n,1,wildebeest,11-50
ASG000ejae,1,wildebeest,10
ASG000ejbq,1,wildebeest,11-50
ASG000ejcm,1,wildebeest,11-50
ASG000ejdg,1,wildebeest,11-50
ASG000ejdu,1,wildebeest,11-50
ASG000eje3,1,wildebeest,1
ASG000ejfa,1,zebra,3
ASG000ejff,1,wildebeest,11-50
ASG000ejg2,1,wildebeest,4
ASG000ejg7,1,wildebeest,11-50
ASG000ejgy,2,wildebeest,4
ASG000ejgy,2,zebra,1
ASG000ejit,1,wildebeest,5
ASG000ejj6,1,wildebeest,7
ASG000ejk2,1,wildebeest,8
ASG000ejk5,1,zebra,1
ASG000ejlv,1,zebra,1
ASG000ejme,1,wildebeest,11-50
ASG000ejmg,1,wildebeest,11-50
ASG000ejml,1,wildebeest,1
ASG000ejmu,1,wildebeest,11-50
ASG000ejnx,1,wildebeest,1
ASG000ejoa,1,zebra,1
ASG000ejoz,1,zebra,2
ASG000ejrb,1,wildebeest,11-50
ASG000ejtb,1,zebra,9
ASG000ejtj,1,wildebeest,1
ASG000ejv3,1,gazelleGrants,1
ASG000ejwh,1,wildebeest,4
ASG000ejwt,1,wildebeest,3
ASG000ejxt,1,wildebeest,3
ASG000ejxu,1,wildebeest,4
ASG000ejy7,1,wildebeest,3
ASG000ejyo,1,wildebeest,1
ASG000ejyx,1,zebra,5
ASG000ejza,1,wildebeest,4
ASG000ejze,1,zebra,3
ASG000ek01,1,zebra,2
ASG000ek0e,1,wildebeest,3
ASG000ek1b,2,wildebeest,2
ASG000ek1b,2,zebra,2
ASG000ekau,1,wildebeest,2
ASG000ekc5,1,buffalo,11-50
ASG000ekcg,1,giraffe,1
ASG000ekdi,1,buffalo,1
ASG000ekdm,1,buffalo,4
ASG000ekdq,1,buffalo,5
ASG000ekdt,1,buffalo,2
ASG000ekdw,1,human,1
ASG000eke6,1,zebra,6
ASG000ekf0,1,buffalo,1
ASG000ekf7,1,buffalo,11-50
ASG000ekfb,1,buffalo,11-50
ASG000ekg4,1,buffalo,3
ASG000ekgc,1,buffalo,1
ASG000ekgi,1,buffalo,1
ASG000ekhy,1,zebra,2
ASG000ekie,1,zebra,2
ASG000ekj9,1,buffalo,11-50
ASG000ekjp,1,buffalo,1
ASG000eklu,1,giraffe,1
ASG000ekmm,1,buffalo,3
ASG000ekn7,1,buffalo,2
ASG000eknj,1,buffalo,5
ASG000ekoa,1,buffalo,2
ASG000ekov,1,giraffe,1
ASG000ekpf,1,zebra,1
ASG000ekpk,1,giraffe,1
ASG000ekqi,1,buffalo,8
ASG000ekr7,1,buffalo,4
ASG000ekru,1,buffalo,9
ASG000eks4,1,buffalo,9
ASG000eks8,1,zebra,2
ASG000eksq,1,zebra,3
ASG000elpc,1,impala,1
ASG000elq1,1,human,1
ASG000els6,1,zebra,3
ASG000elwe,1,giraffe,1
ASG000elwq,1,zebra,3
ASG000elxc,1,zebra,7
ASG000elxu,1,zebra,4
ASG000elzr,1,buffalo,3
ASG000em0r,1,buffalo,2
ASG000em1h,1,buffalo,1
ASG000em1o,1,reedbuck,1
ASG000em25,1,wildebeest,2
ASG000em2o,1,zebra,2
ASG000em2x,1,wildebeest,1
ASG000em32,2,wildebeest,3
ASG000em32,2,zebra,1
ASG000em3t,1,wildebeest,3
ASG000em5h,1,wildebeest,3
ASG000em5s,1,zebra,2
ASG000em68,1,wildebeest,1
ASG000em6c,1,wildebeest,1
ASG000em6h,1,zebra,8
ASG000em8c,1,zebra,7
ASG000em90,1,wildebeest,1
ASG000em91,1,wildebeest,4
ASG000em9s,1,zebra,1
ASG000emab,1,wildebeest,1
ASG000emar,1,zebra,2
ASG000emas,1,wildebeest,1
ASG000emay,1,zebra,1
ASG000embf,2,wildebeest,4
ASG000embf,2,zebra,3
ASG000embq,1,wildebeest,1
ASG000embx,1,zebra,1
ASG000emc4,1,wildebeest,4
ASG000emcy,1,wildebeest,1
ASG000emeb,1,zebra,2
ASG000emed,1,wildebeest,1
ASG000emfe,1,wildebeest,5
ASG000emgh,1,wildebeest,4
ASG000emif,1,zebra,1
ASG000emig,1,zebra,1
ASG000emim,1,wildebeest,1
ASG000emja,1,zebra,4
ASG000emjd,1,zebra,7
ASG000emko,1,gazelleThomsons,1
ASG000emlb,1,wildebeest,1
ASG000emlm,1,zebra,9
ASG000emlx,1,wildebeest,3
ASG000emlz,1,wildebeest,1
ASG000emmn,1,gazelleThomsons,7
ASG000emmw,1,wildebeest,1
ASG000emnp,2,wildebeest,1
ASG000emnp,2,zebra,8
ASG000emnx,1,wildebeest,10
ASG000empc,1,gazelleGrants,2
ASG000empt,1,wildebeest,1
ASG000emq6,1,gazelleGrants,2
ASG000emqi,1,zebra,1
ASG000emqu,1,gazelleThomsons,1
ASG000emrk,1,wildebeest,2
ASG000emsb,1,gazelleThomsons,1
ASG000emsg,1,gazelleGrants,1
ASG000emt1,1,zebra,9
ASG000emt7,2,wildebeest,3
ASG000emt7,2,zebra,5
ASG000emtt,1,wildebeest,4
ASG000emvf,1,gazelleThomsons,6
ASG000emxh,1,wildebeest,11-50
ASG000emxo,1,gazelleThomsons,5
ASG000emyc,2,gazelleGrants,2
ASG000emyc,2,gazelleThomsons,7
ASG000emyh,1,human,1
ASG000emyw,1,wildebeest,11-50
ASG000emza,1,wildebeest,2
ASG000emzl,1,wildebeest,51+
ASG000emzm,1,wildebeest,11-50
ASG000emzr,1,wildebeest,11-50
ASG000en0a,1,wildebeest,11-50
ASG000en0j,1,wildebeest,11-50
ASG000en0p,1,wildebeest,11-50
ASG000en14,1,hyenaSpotted,1
ASG000en1p,1,wildebeest,1
ASG000en1q,1,zebra,2
ASG000en22,1,wildebeest,1
ASG000en3k,1,zebra,1
ASG000en3q,1,wildebeest,11-50
ASG000en5c,1,zebra,4
ASG000en5h,1,gazelleGrants,2
ASG000en6d,1,wildebeest,1
ASG000en87,1,wildebeest,2
ASG000en9g,1,wildebeest,9
ASG000eo4i,1,otherBird,1
ASG000eoof,1,wildebeest,11-50
ASG000eosg,1,otherBird,1
ASG000eovc,1,otherBird,2
ASG000eovr,1,wildebeest,11-50
ASG000eovs,1,serval,1
ASG000ep6k,1,wildebeest,2
ASG000ep7e,1,otherBird,1
ASG000epfd,1,wildebeest,11-50
ASG000ept5,1,otherBird,1
ASG000eq2y,1,wildebeest,1
ASG000eqeb,1,wildebeest,1
ASG000eqec,2,wildebeest,11-50
ASG000eqec,2,zebra,2
ASG000eqeh,1,wildebeest,3
ASG000eqfc,1,wildebeest,1
ASG000eqg3,1,wildebeest,1
ASG000eqgk,1,wildebeest,5
ASG000eqgs,1,wildebeest,1
ASG000eqia,1,wildebeest,2
ASG000eqid,1,wildebeest,11-50
ASG000eqiq,1,wildebeest,1
ASG000eqje,1,wildebeest,1
ASG000eqjo,1,wildebeest,5
ASG000eqjs,1,wildebeest,1
ASG000eqkq,1,human,1
ASG000eqks,1,wildebeest,3
ASG000eql4,1,wildebeest,2
ASG000eqm1,1,wildebeest,11-50
ASG000eqo0,1,zebra,10
ASG000eqpz,1,wildebeest,11-50
ASG000equ0,1,otherBird,1
ASG000equx,1,guineaFowl,3
ASG000eqv5,1,hartebeest,1
ASG000eqyk,2,wildebeest,11-50
ASG000eqyk,2,zebra,11-50
ASG000er58,1,zebra,5
ASG000er5j,1,wildebeest,9
ASG000er6b,1,wildebeest,5
ASG000er7l,1,zebra,3
ASG000er95,1,wildebeest,6
ASG000erbc,1,wildebeest,11-50
ASG000erbh,1,wildebeest,4
ASG000erbw,1,wildebeest,7
ASG000erdm,1,wildebeest,11-50
ASG000erfk,1,wildebeest,2
ASG000ergo,1,wildebeest,11-50
ASG000eria,1,wildebeest,11-50
ASG000eric,1,wildebeest,3
ASG000erin,1,wildebeest,10
ASG000eriz,1,wildebeest,2
ASG000erji,1,wildebeest,11-50
ASG000erjv,1,zebra,6
ASG000erka,1,zebra,5
ASG000erkh,1,wildebeest,2
ASG000erks,1,wildebeest,2
ASG000erlb,2,wildebeest,11-50
ASG000erlb,2,zebra,1
ASG000ermr,1,wildebeest,10
ASG000ern0,1,wildebeest,6
ASG000eros,1,wildebeest,11-50
ASG000eroy,1,wildebeest,1
ASG000erp9,1,zebra,1
ASG000erpu,1,wildebeest,1
ASG000erpy,1,wildebeest,1
ASG000err5,1,wildebeest,11-50
ASG000errj,1,wildebeest,11-50
ASG000ertf,1,wildebeest,3
ASG000ertt,1,wildebeest,6
ASG000eru7,1,wildebeest,8
ASG000eruf,1,zebra,1
ASG000erun,1,zebra,6
ASG000eruq,1,wildebeest,6
ASG000ervc,1,wildebeest,2
ASG000ervd,1,zebra,1
ASG000ervk,1,hyenaSpotted,1
ASG000ervn,1,wildebeest,5
ASG000ervo,1,wildebeest,2
ASG000ervp,1,wildebeest,3
ASG000eszm,1,elephant,8
ASG000et28,1,reedbuck,1
ASG000et59,1,hartebeest,1
ASG000et7a,1,warthog,1
ASG000et7b,1,wildebeest,1
ASG000et7h,2,wildebeest,11-50
ASG000et7h,2,zebra,3
ASG000et7k,1,eland,1
ASG000et86,1,wildebeest,1
ASG000et8r,1,zebra,2
ASG000et9b,1,warthog,1
ASG000et9n,1,warthog,3
ASG000et9w,1,hartebeest,4
ASG000eta7,1,wildebeest,5
ASG000etag,1,wildebeest,1
ASG000etay,1,zebra,1
ASG000etbh,1,gazelleThomsons,1
ASG000etcy,1,zebra,1
ASG000etdl,1,wildebeest,7
ASG000etdr,1,warthog,1
ASG000ete1,1,zebra,1
ASG000ete4,1,zebra,1
ASG000etee,1,hartebeest,1
ASG000etes,1,zebra,1
ASG000etew,1,zebra,2
ASG000etex,1,gazelleThomsons,1
ASG000etfg,1,eland,1
ASG000etfl,1,giraffe,1
ASG000etfx,1,zebra,2
ASG000etg6,1,zebra,3
ASG000etkl,1,wildebeest,5
ASG000etl8,1,gazelleThomsons,1
ASG000etqh,1,wildebeest,1
ASG000etur,1,wildebeest,11-50
ASG000etzv,1,wildebeest,1
ASG000eu3o,1,gazelleThomsons,1
ASG000eu50,1,gazelleThomsons,1
ASG000eu52,1,hartebeest,1
ASG000eu6t,1,hyenaSpotted,1
ASG000eu87,1,human,1
ASG000eucq,1,zebra,6
ASG000euh4,1,gazelleThomsons,1
ASG000euih,1,hartebeest,1
ASG000euil,1,gazelleThomsons,1
ASG000euna,1,reedbuck,2
ASG000eunk,1,warthog,1
ASG000euo0,1,buffalo,2
ASG000euo1,1,guineaFowl,2
ASG000euo3,1,reedbuck,1
ASG000euoj,1,buffalo,4
ASG000eup7,1,wildebeest,11-50
ASG000eupa,1,wildebeest,11-50
ASG000eupi,1,wildebeest,11-50
ASG000euq0,1,wildebeest,4
ASG000euq6,1,wildebeest,11-50
ASG000euq9,1,wildebeest,11-50
ASG000euqa,1,reedbuck,1
ASG000euqc,1,wildebeest,11-50
ASG000euqv,1,wildebeest,11-50
ASG000eurn,1,wildebeest,9
ASG000euun,1,impala,1
ASG000euvx,1,impala,3
ASG000euw6,1,impala,7
ASG000euz9,2,impala,1
ASG000euz9,2,otherBird,1
ASG000ev2e,1,impala,2
ASG000ev3i,1,impala,1
ASG000ev4u,1,impala,1
ASG000eva3,1,wildebeest,6
ASG000evbd,1,hyenaSpotted,1
ASG000eve8,1,wildebeest,7
ASG000ever,1,zebra,1
ASG000evgh,1,human,1
ASG000evhe,1,wildebeest,5
ASG000evhg,1,wildebeest,4
ASG000evhi,1,wildebeest,5
ASG000evhs,1,wildebeest,9
ASG000evjw,2,wildebeest,1
ASG000evjw,2,zebra,6
ASG000evmc,1,zebra,4
ASG000evn4,1,zebra,1
ASG000evnv,2,wildebeest,11-50
ASG000evnv,2,zebra,1
ASG000evoj,1,human,1
ASG000evrt,2,wildebeest,1
ASG000evrt,2,zebra,3
ASG000evtc,1,otherBird,1
ASG000evth,2,wildebeest,5
ASG000evth,2,zebra,2
ASG000evtr,1,wildebeest,4
ASG000evty,1,giraffe,1
ASG000evw8,1,wildebeest,1
ASG000evy0,1,wildebeest,2
ASG000ew2l,2,human,1
ASG000ew2l,2,otherBird,1
ASG000ew40,1,wildebeest,2
ASG000ew74,1,wildebeest,11-50
ASG000ew7g,1,wildebeest,6
ASG000ew7w,1,wildebeest,1
ASG000ew9m,1,wildebeest,4
ASG000ew9n,1,wildebeest,6
ASG000ew9u,1,wildebeest,8
ASG000ewai,1,wildebeest,5
ASG000ewao,1,wildebeest,1
ASG000ewap,1,wildebeest,10
ASG000ewci,1,buffalo,1
ASG000ewcz,1,buffalo,1
ASG000ewde,1,buffalo,1
ASG000ewds,2,buffalo,1
ASG000ewds,2,otherBird,4
ASG000ewdz,1,wildebeest,7
ASG000ewe2,1,wildebeest,11-50
ASG000ewe7,1,buffalo,1
ASG000ewec,1,wildebeest,11-50
ASG000ewew,1,wildebeest,5
ASG000ewfr,1,wildebeest,7
ASG000ewg2,1,wildebeest,7
ASG000ewg7,1,gazelleGrants,1
ASG000ewgn,1,wildebeest,9
ASG000ewhe,1,wildebeest,8
ASG000ewic,1,wildebeest,11-50
ASG000ewim,1,wildebeest,5
ASG000ewiz,1,gazelleGrants,1
ASG000ewj1,1,wildebeest,5
ASG000ewjc,1,buffalo,1
ASG000ewjd,1,wildebeest,8
ASG000ewk2,1,buffalo,1
ASG000ewky,1,wildebeest,6
ASG000ewl5,1,buffalo,1
ASG000ewlf,1,warthog,1
ASG000ewlz,1,zebra,2
ASG000ewm2,1,buffalo,1
ASG000ewmj,1,giraffe,1
ASG000ewmn,1,wildebeest,7
ASG000ewmw,1,wildebeest,51+
ASG000ewmx,1,wildebeest,11-50
ASG000ewob,1,elephant,1
ASG000ewoq,1,warthog,2
ASG000ewpd,1,wildebeest,2
ASG000ewpx,1,wildebeest,9
ASG000ewqe,1,gazelleGrants,1
ASG000ewrf,1,wildebeest,5
ASG000ewrj,1,gazelleGrants,1
ASG000ewrn,1,wildebeest,6
ASG000ewrs,1,giraffe,1
ASG000exbk,1,zebra,1
ASG000exen,1,zebra,2
ASG000exwo,1,impala,2
ASG000exxu,1,buffalo,1
ASG000exzq,1,dikDik,1
ASG000ey1u,1,buffalo,1
ASG000ey3l,1,zebra,1
ASG000ey4x,1,reedbuck,1
ASG000ey6p,1,zebra,4
ASG000ezut,1,wildebeest,1
ASG000ezvd,2,wildebeest,2
ASG000ezvd,2,zebra,2
ASG000ezwr,1,wildebeest,1
ASG000ezxd,1,wildebeest,11-50
ASG000ezya,1,wildebeest,1
ASG000ezys,1,zebra,2
ASG000ezz2,1,wildebeest,4
ASG000ezz6,1,zebra,1
ASG000ezzb,1,zebra,2
ASG000ezze,1,zebra,1
ASG000ezzh,1,zebra,2
ASG000f007,2,wildebeest,6
ASG000f007,2,zebra,1
ASG000f027,1,zebra,1
ASG000f02i,1,zebra,2
ASG000f039,2,wildebeest,1
ASG000f039,2,zebra,2
ASG000f05a,1,zebra,2
ASG000f05d,1,wildebeest,5
ASG000f05k,1,zebra,1
ASG000f05r,1,zebra,1
ASG000f069,1,zebra,4
ASG000f07c,2,giraffe,1
ASG000f07c,2,otherBird,6
ASG000f07d,1,zebra,2
ASG000f082,2,wildebeest,2
ASG000f082,2,zebra,7
ASG000f0b4,1,wildebeest,2
ASG000f0b6,1,wildebeest,4
ASG000f0bf,1,otherBird,1
ASG000f0bm,1,zebra,2
ASG000f0bx,1,zebra,6
ASG000f0c8,1,zebra,1
ASG000f0cn,1,zebra,2
ASG000f0da,1,zebra,4
ASG000f0dg,1,zebra,1
ASG000f0dh,1,zebra,3
ASG000f0e1,1,wildebeest,4
ASG000f0ev,1,wildebeest,2
ASG000f0ew,1,zebra,5
ASG000f0fe,1,zebra,1
ASG000f0fo,1,zebra,3
ASG000f0gb,1,zebra,1
ASG000f0gx,1,zebra,4
ASG000f0h2,1,wildebeest,6
ASG000f0hl,1,zebra,1
ASG000f0ic,2,wildebeest,1
ASG000f0ic,2,zebra,1
ASG000f0j6,1,zebra,1
ASG000f0jr,2,wildebeest,6
ASG000f0jr,2,zebra,2
ASG000f0jw,1,zebra,2
ASG000f0k5,1,wildebeest,2
ASG000f0ka,1,zebra,1
ASG000f0me,1,zebra,1
ASG000f0mp,1,wildebeest,4
ASG000f0mr,1,wildebeest,1
ASG000f0mt,1,wildebeest,1
ASG000f0mz,1,wildebeest,1
ASG000f0nb,1,zebra,7
ASG000f0nq,1,zebra,1
ASG000f0oa,1,zebra,1
ASG000f0or,1,zebra,1
ASG000f0ps,1,buffalo,1
ASG000f0py,1,zebra,1
ASG000f0q8,1,baboon,1
ASG000f0ra,1,baboon,1
ASG000f0rm,1,hyenaSpotted,1
ASG000f0rq,1,buffalo,1
ASG000f0sc,1,warthog,3
ASG000f0so,1,warthog,1
ASG000f0tv,1,warthog,1
ASG000f0uh,1,warthog,1
ASG000f0vr,1,aardvark,1
ASG000f0vx,1,buffalo,1
ASG000f0wu,1,buffalo,1
ASG000f0ww,1,warthog,1
ASG000f0x7,1,warthog,1
ASG000f0xi,2,otherBird,1
ASG000f0xi,2,warthog,1
ASG000f0xy,1,hyenaSpotted,1
ASG000f0yd,1,wildebeest,3
ASG000f0ye,1,zebra,2
ASG000f0yj,1,wildebeest,11-50
ASG000f0ys,1,wildebeest,11-50
ASG000f0ze,1,wildebeest,11-50
ASG000f0zl,1,zebra,2
ASG000f0zt,1,wildebeest,11-50
ASG000f0zz,1,wildebeest,4
ASG000f109,1,zebra,1
ASG000f10k,1,wildebeest,51+
ASG000f112,1,human,1
ASG000f113,1,wildebeest,51+
ASG000f11f,1,wildebeest,8
ASG000f11g,1,wildebeest,11-50
ASG000f128,1,wildebeest,11-50
ASG000f14b,1,wildebeest,51+
ASG000f14s,1,hyenaSpotted,1
ASG000f15p,1,gazelleGrants,5
ASG000f182,1,gazelleThomsons,2
ASG000f191,1,koriBustard,1
ASG000f1a4,1,zebra,6
ASG000f1ab,1,zebra,7
ASG000f1an,1,impossible,
ASG000f1bb,1,gazelleGrants,1
ASG000f1d8,1,wildebeest,1
ASG000f1dr,1,buffalo,2
ASG000f1dx,1,wildebeest,1
ASG000f1e7,1,buffalo,4
ASG000f1eb,1,eland,2
ASG000f1eg,1,wildebeest,11-50
ASG000f1eh,1,wildebeest,6
ASG000f1ek,1,guineaFowl,1
ASG000f1fi,1,wildebeest,11-50
ASG000f1g3,1,wildebeest,11-50
ASG000f1gc,1,wildebeest,11-50
ASG000f1gl,1,guineaFowl,4
ASG000f1gp,1,guineaFowl,3
ASG000f1h2,1,wildebeest,2
ASG000f1hl,1,wildebeest,6
ASG000f1hw,1,human,1
ASG000f1hz,1,wildebeest,11-50
ASG000f1i2,1,wildebeest,11-50
ASG000f1i9,1,wildebeest,9
ASG000f1ji,1,guineaFowl,3
ASG000f1jk,1,zebra,4
ASG000f1k2,1,wildebeest,11-50
ASG000f1kp,1,wildebeest,11-50
ASG000f1la,2,wildebeest,3
ASG000f1la,2,zebra,3
ASG000f1lf,1,wildebeest,3
ASG000f1ml,1,wildebeest,11-50
ASG000f1nw,2,guineaFowl,1
ASG000f1nw,2,wildebeest,11-50
ASG000f1oz,1,wildebeest,3
ASG000f1p7,1,wildebeest,11-50
ASG000f1pe,2,wildebeest,11-50
ASG000f1pe,2,zebra,1
ASG000f1ph,1,wildebeest,1
ASG000f1pi,1,buffalo,1
ASG000f1pm,1,guineaFowl,6
ASG000f1pp,1,buffalo,1
ASG000f1qc,1,buffalo,1
ASG000f1t0,1,wildebeest,11-50
ASG000f1to,2,wildebeest,3
ASG000f1to,2,zebra,1
ASG000f1ue,1,wildebeest,7
ASG000f1uv,1,zebra,4
ASG000f20k,1,buffalo,1
ASG000f21h,1,guineaFowl,1
ASG000f269,1,waterbuck,1
ASG000f29x,1,buffalo,1
ASG000f2ag,1,wildebeest,3
ASG000f2c3,1,wildebeest,3
ASG000f2dn,1,zebra,2
ASG000f2e5,1,zebra,1
ASG000f2f4,1,wildebeest,4
ASG000f2fh,1,zebra,6
ASG000f2fy,2,wildebeest,7
ASG000f2fy,2,zebra,2
ASG000f2g3,2,wildebeest,6
ASG000f2g3,2,zebra,2
ASG000f2g7,1,wildebeest,10
ASG000f2i1,1,wildebeest,1
ASG000f2j4,1,aardvark,1
ASG000f2mo,2,wildebeest,2
ASG000f2mo,2,zebra,5
ASG000f30j,1,elephant,1
ASG000f36u,2,wildebeest,5
ASG000f36u,2,zebra,3
ASG000f3fj,2,otherBird,1
ASG000f3fj,2,wildebeest,2
ASG000f3g8,1,otherBird,1
ASG000f3h1,1,wildebeest,1
ASG000f3kl,1,otherBird,1
ASG000f3mz,1,wildebeest,1
ASG000f3pv,1,guineaFowl,3
ASG000f3wb,2,otherBird,1
ASG000f3wb,2,wildebeest,4
ASG000f3yx,1,otherBird,2
ASG000f3zb,2,otherBird,2
ASG000f3zb,2,wildebeest,2
ASG000f3zf,2,otherBird,2
ASG000f3zf,2,wildebeest,8
ASG000f3zq,1,wildebeest,11-50
ASG000f40w,1,giraffe,1
ASG000f431,1,wildebeest,2
ASG000f46l,1,wildebeest,6
ASG000f477,1,wildebeest,11-50
ASG000f4ct,1,impossible,
ASG000f4ia,1,wildebeest,8
ASG000f4j8,1,wildebeest,11-50
ASG000f4m1,1,giraffe,1
ASG000f4pe,2,otherBird,1
ASG000f4pe,2,wildebeest,2
ASG000f5bl,1,wildebeest,1
ASG000f5bs,1,zebra,4
ASG000f5ec,1,wildebeest,11-50
ASG000f5eq,1,lionFemale,3
ASG000f5fb,1,guineaFowl,2
ASG000f5lx,1,wildebeest,1
ASG000f5rq,1,guineaFowl,2
ASG000f5vj,1,wildebeest,1
ASG000f5xk,1,wildebeest,1
ASG000f6lh,1,serval,1
ASG000f78l,1,impossible,
ASG000f78z,1,hyenaSpotted,1
ASG000f7d6,1,lionFemale,1
ASG000f7or,1,serval,1
ASG000f7rf,1,buffalo,1
ASG000f7sm,1,reedbuck,1
ASG000f7yx,1,buffalo,1
ASG000f82v,1,reedbuck,2
ASG000f878,1,buffalo,2
ASG000f87g,1,buffalo,1
ASG000f882,1,buffalo,1
ASG000f88d,1,buffalo,1
ASG000f88n,1,buffalo,1
ASG000f8e4,1,buffalo,1
ASG000f8go,1,reedbuck,1
ASG000f8hd,1,impala,4
ASG000f8i1,1,impala,4
ASG000f8ib,1,impala,1
ASG000f8ik,1,impala,1
ASG000f8jz,1,impala,1
ASG000f8kg,1,impala,3
ASG000f8ky,1,warthog,2
ASG000f8l8,1,impala,1
ASG000f8m3,1,impala,1
ASG000f8ne,1,impala,4
ASG000f8np,1,porcupine,2
ASG000f8o3,1,impala,1
ASG000f8pn,1,impala,4
ASG000f8pu,1,dikDik,1
ASG000f8q7,1,hyenaSpotted,1
ASG000f8rl,1,warthog,1
ASG000f8sb,1,impala,3
ASG000f8sd,1,elephant,2
ASG000f8t9,1,impala,1
ASG000f8tk,1,porcupine,1
ASG000f8uq,1,impala,9
ASG000f8wd,1,hyenaSpotted,1
ASG000f8wx,1,zebra,1
ASG000f8xe,1,zebra,1
ASG000f8y1,1,impala,1
ASG000f8y7,1,impala,8
ASG000f8ye,1,zebra,1
ASG000f8zi,1,zebra,6
ASG000f8zn,1,impala,1
ASG000f903,1,zebra,1
ASG000f90q,1,impala,1
ASG000f90v,1,zebra,2
ASG000f91a,2,wildebeest,3
ASG000f91a,2,zebra,1
ASG000f91z,1,wildebeest,8
ASG000f92u,1,impala,11-50
ASG000f936,1,giraffe,1
ASG000f93g,1,zebra,1
ASG000f93j,1,wildebeest,4
ASG000f941,1,zebra,1
ASG000f959,1,wildebeest,3
ASG000f95b,1,impala,3
ASG000f95c,1,impala,3
ASG000f962,1,wildebeest,4
ASG000f973,1,wildebeest,2
ASG000f97o,1,porcupine,1
ASG000f97y,1,impala,1
ASG000f99k,1,zebra,6
ASG000f9a7,2,hare,1
ASG000f9a7,2,zebra,1
ASG000f9a9,1,impala,11-50
ASG000f9c6,1,impala,11-50
ASG000f9ce,2,wildebeest,5
ASG000f9ce,2,zebra,2
ASG000f9cr,1,wildebeest,5
ASG000f9cs,1,wildebeest,6
ASG000f9d0,1,impala,2
ASG000f9d6,1,wildebeest,1
ASG000f9dj,1,zebra,2
ASG000f9lo,1,wildebeest,2
ASG000f9s5,1,hyenaSpotted,1
ASG000f9xw,1,wildebeest,3
ASG000fa1h,2,wildebeest,3
ASG000fa1h,2,zebra,4
ASG000fa4z,1,wildebeest,3
ASG000fagd,1,wildebeest,2
ASG000fagv,1,wildebeest,1
ASG000faj5,1,wildebeest,1
ASG000fasd,1,leopard,1
ASG000fbf8,1,zebra,2
ASG000fbrh,1,elephant,1
ASG000fbu2,1,wildebeest,1
ASG000fbv4,1,wildebeest,1
ASG000fbzg,1,elephant,1
ASG000fc1e,1,elephant,2
ASG000fc1r,1,elephant,1
ASG000fc4r,1,elephant,1
ASG000fc4y,1,elephant,1
ASG000fc74,1,elephant,1
ASG000fcaz,1,elephant,1
ASG000fccg,1,wildebeest,6
ASG000fcsc,1,wildebeest,1
ASG000fctg,1,wildebeest,11-50
ASG000fczb,1,wildebeest,10
ASG000fd7o,1,wildebeest,11-50
ASG000fdva,1,hyenaSpotted,1
ASG000fe5f,1,wildebeest,11-50
ASG000fe5s,1,wildebeest,8
ASG000fe8k,1,impala,1
ASG000fecz,1,impala,1
ASG000fed5,1,impala,1
ASG000feh7,1,otherBird,1
ASG000feir,1,wildebeest,2
ASG000fekl,1,wildebeest,6
ASG000fel0,1,impossible,
ASG000fenb,1,wildebeest,6
ASG000feo2,1,wildebeest,11-50
ASG000feou,1,human,1
ASG000fept,1,wildebeest,1
ASG000fepy,1,wildebeest,10
ASG000ferl,1,hyenaSpotted,1
ASG000fesz,1,wildebeest,1
ASG000fexv,1,wildebeest,8
ASG000fey4,1,wildebeest,10
ASG000fey5,1,wildebeest,6
ASG000feyr,1,buffalo,1
ASG000ff00,1,wildebeest,6
ASG000ff49,1,wildebeest,11-50
ASG000ff4a,1,wildebeest,8
ASG000ff59,1,impossible,
ASG000ff7j,1,wildebeest,11-50
ASG000ff7v,1,zebra,1
ASG000ff8f,1,wildebeest,3
ASG000ff8i,1,wildebeest,8
ASG000ff95,1,wildebeest,11-50
ASG000ff9l,1,gazelleThomsons,1
ASG000ff9t,1,wildebeest,4
ASG000ffab,1,impossible,
ASG000ffau,1,wildebeest,2
ASG000ffb3,2,wildebeest,1
ASG000ffb3,2,zebra,9
ASG000ffci,2,wildebeest,11-50
ASG000ffci,2,zebra,4
ASG000ffdj,1,wildebeest,11-50
ASG000ffi2,2,wildebeest,11-50
ASG000ffi2,2,zebra,1
ASG000ffi5,2,wildebeest,1
ASG000ffi5,2,zebra,2
ASG000ffl7,2,wildebeest,11-50
ASG000ffl7,2,zebra,10
ASG000fflo,1,wildebeest,11-50
ASG000ffmc,1,wildebeest,1
ASG000ffml,1,wildebeest,5
ASG000ffoh,1,wildebeest,9
ASG000ffov,1,wildebeest,1
ASG000ffq5,1,wildebeest,3
ASG000ffrc,1,wildebeest,11-50
ASG000ffsb,1,wildebeest,3
ASG000fftm,1,wildebeest,2
ASG000ffu5,1,wildebeest,5
ASG000ffur,1,gazelleThomsons,1
ASG000ffvi,1,wildebeest,8
ASG000fgs0,1,wildebeest,1
ASG000fgt9,1,zebra,2
ASG000fgtu,1,zebra,1
ASG000fgxb,1,warthog,1
ASG000fgz4,1,zebra,6
ASG000fh2g,1,zebra,1
ASG000fh2r,2,wildebeest,1
ASG000fh2r,2,zebra,2
ASG000fh3g,1,zebra,1
ASG000fh6x,1,warthog,1
ASG000fhbb,1,wildebeest,1
ASG000fhda,1,human,1
ASG000fhfm,2,wildebeest,1
ASG000fhfm,2,zebra,3
ASG000fhgy,2,wildebeest,2
ASG000fhgy,2,zebra,4
ASG000fhhn,1,wildebeest,4
ASG000fhj1,1,warthog,1
ASG000fhk5,1,zebra,4
ASG000fhkz,1,impossible,
ASG000fhlm,1,wildebeest,1
ASG000fhnj,1,zebra,5
ASG000fho0,1,zebra,2
ASG000fhpo,1,warthog,1
ASG000fhr3,1,zebra,3
ASG000fhve,1,hyenaSpotted,1
ASG000fhyk,1,wildebeest,3
ASG000fhz5,1,zebra,3
ASG000fi0g,1,wildebeest,1
ASG000fi2d,1,wildebeest,4
ASG000fi32,1,hyenaSpotted,2
ASG000fi37,1,wildebeest,3
ASG000fi3m,1,hyenaSpotted,1
ASG000fi40,1,hyenaSpotted,3
ASG000fi4b,1,zebra,2
ASG000fi4e,1,zebra,1
ASG000fi6w,1,human,2
ASG000fi77,1,guineaFowl,2
