CaptureEventID,URL_Info,Species
ASG000b8lk,S4/B04/B04_R1/S4_B04_R1_IMAG0049.JPG,giraffe
ASG000b8lk,S4/B04/B04_R1/S4_B04_R1_IMAG0050.JPG,giraffe
ASG000b8lk,S4/B04/B04_R1/S4_B04_R1_IMAG0051.JPG,giraffe
ASG000b8ji,S4/B04/B04_R1/S4_B04_R1_IMAG0079.JPG,impala
ASG000b8ji,S4/B04/B04_R1/S4_B04_R1_IMAG0080.JPG,impala
ASG000b8ji,S4/B04/B04_R1/S4_B04_R1_IMAG0081.JPG,impala
ASG000b8j8,S4/B04/B04_R1/S4_B04_R1_IMAG0359.JPG,wildebeest
ASG000b8j8,S4/B04/B04_R1/S4_B04_R1_IMAG0360.JPG,wildebeest
ASG000b8j8,S4/B04/B04_R1/S4_B04_R1_IMAG0361.JPG,wildebeest
ASG000b8iq,S4/B04/B04_R1/S4_B04_R1_IMAG0398.JPG,wildebeest
ASG000b8iq,S4/B04/B04_R1/S4_B04_R1_IMAG0399.JPG,wildebeest
ASG000b8iq,S4/B04/B04_R1/S4_B04_R1_IMAG0400.JPG,wildebeest
ASG000b8jp,S4/B04/B04_R1/S4_B04_R1_IMAG0594.JPG,zebra
ASG000b8jp,S4/B04/B04_R1/S4_B04_R1_IMAG0595.JPG,zebra
ASG000b8jp,S4/B04/B04_R1/S4_B04_R1_IMAG0596.JPG,zebra
ASG000b8ky,S4/B04/B04_R1/S4_B04_R1_IMAG0616.JPG,wildebeest
ASG000b8ny,S4/B04/B04_R2/S4_B04_R2_IMAG0015.JPG,elephant
ASG000b8ny,S4/B04/B04_R2/S4_B04_R2_IMAG0016.JPG,elephant
ASG000b8ny,S4/B04/B04_R2/S4_B04_R2_IMAG0017.JPG,elephant
ASG000b8o0,S4/B04/B04_R2/S4_B04_R2_IMAG0020.JPG,elephant
ASG000b8o3,S4/B04/B04_R2/S4_B04_R2_IMAG0031.JPG,impala
ASG000b8o3,S4/B04/B04_R2/S4_B04_R2_IMAG0032.JPG,impala
ASG000b8o3,S4/B04/B04_R2/S4_B04_R2_IMAG0033.JPG,impala
ASG000e8ou,S4/B05/B05_R1/S4_B05_R1_IMAG0179.JPG,impala
ASG000e8ou,S4/B05/B05_R1/S4_B05_R1_IMAG0180.JPG,impala
ASG000e8ou,S4/B05/B05_R1/S4_B05_R1_IMAG0181.JPG,impala
ASG000e8ub,S4/B05/B05_R1/S4_B05_R1_IMAG0202.JPG,impala
ASG000e8ub,S4/B05/B05_R1/S4_B05_R1_IMAG0203.JPG,impala
ASG000e8ub,S4/B05/B05_R1/S4_B05_R1_IMAG0204.JPG,impala
ASG000e8qd,S4/B05/B05_R1/S4_B05_R1_IMAG0264.JPG,zebra
ASG000e8qd,S4/B05/B05_R1/S4_B05_R1_IMAG0265.JPG,zebra
ASG000e8qd,S4/B05/B05_R1/S4_B05_R1_IMAG0266.JPG,zebra
ASG000e8oo,S4/B05/B05_R1/S4_B05_R1_IMAG0270.JPG,zebra
ASG000e8oo,S4/B05/B05_R1/S4_B05_R1_IMAG0271.JPG,zebra
ASG000e8oo,S4/B05/B05_R1/S4_B05_R1_IMAG0272.JPG,zebra
ASG000e8rd,S4/B05/B05_R1/S4_B05_R1_IMAG0274.JPG,zebra
ASG000e8ps,S4/B05/B05_R1/S4_B05_R1_IMAG0280.JPG,wildebeest
ASG000e8sd,S4/B05/B05_R1/S4_B05_R1_IMAG0281.JPG,wildebeest
ASG000e8sm,S4/B05/B05_R1/S4_B05_R1_IMAG0288.JPG,wildebeest
ASG000e8p1,S4/B05/B05_R1/S4_B05_R1_IMAG0291.JPG,wildebeest
ASG000e8pn,S4/B05/B05_R1/S4_B05_R1_IMAG0307.JPG,wildebeest
ASG000e8pv,S4/B05/B05_R1/S4_B05_R1_IMAG0309.JPG,wildebeest
ASG000e8qz,S4/B05/B05_R1/S4_B05_R1_IMAG0319.JPG,wildebeest
ASG000e8t5,S4/B05/B05_R1/S4_B05_R1_IMAG0342.JPG,wildebeest
ASG000e8ux,S4/B05/B05_R1/S4_B05_R1_IMAG0344.JPG,wildebeest
ASG000e8sz,S4/B05/B05_R1/S4_B05_R1_IMAG0345.JPG,wildebeest
ASG000e8qa,S4/B05/B05_R1/S4_B05_R1_IMAG0347.JPG,wildebeest
ASG000e8rf,S4/B05/B05_R1/S4_B05_R1_IMAG0350.JPG,wildebeest
ASG000e8oj,S4/B05/B05_R1/S4_B05_R1_IMAG0356.JPG,wildebeest
ASG000e8or,S4/B05/B05_R1/S4_B05_R1_IMAG0363.JPG,wildebeest
ASG000e8t7,S4/B05/B05_R1/S4_B05_R1_IMAG0377.JPG,zebra
ASG000e8ok,S4/B05/B05_R1/S4_B05_R1_IMAG0387.JPG,gazelleGrants
ASG000e8py,S4/B05/B05_R1/S4_B05_R1_IMAG0403.JPG,zebra
ASG000e8fy,S4/B05/B05_R2/S4_B05_R2_IMAG0021.JPG,impala
ASG000e8bg,S4/B05/B05_R2/S4_B05_R2_IMAG0057.JPG,impala
ASG000e8bg,S4/B05/B05_R2/S4_B05_R2_IMAG0058.JPG,impala
ASG000e8bg,S4/B05/B05_R2/S4_B05_R2_IMAG0059.JPG,impala
ASG000e8eu,S4/B05/B05_R2/S4_B05_R2_IMAG0065.JPG,impala
ASG000e8eu,S4/B05/B05_R2/S4_B05_R2_IMAG0066.JPG,impala
ASG000e8eu,S4/B05/B05_R2/S4_B05_R2_IMAG0067.JPG,impala
ASG000e81v,S4/B05/B05_R2/S4_B05_R2_IMAG0071.JPG,impala
ASG000e81v,S4/B05/B05_R2/S4_B05_R2_IMAG0072.JPG,impala
ASG000e81v,S4/B05/B05_R2/S4_B05_R2_IMAG0073.JPG,impala
ASG000e861,S4/B05/B05_R2/S4_B05_R2_IMAG0130.JPG,zebra
ASG000e861,S4/B05/B05_R2/S4_B05_R2_IMAG0131.JPG,zebra
ASG000e861,S4/B05/B05_R2/S4_B05_R2_IMAG0132.JPG,zebra
ASG000e80z,S4/B05/B05_R2/S4_B05_R2_IMAG0154.JPG,zebra
ASG000e80z,S4/B05/B05_R2/S4_B05_R2_IMAG0155.JPG,zebra
ASG000e80z,S4/B05/B05_R2/S4_B05_R2_IMAG0156.JPG,zebra
ASG000e8gr,S4/B05/B05_R2/S4_B05_R2_IMAG0169.JPG,impala
ASG000e8gr,S4/B05/B05_R2/S4_B05_R2_IMAG0170.JPG,impala
ASG000e8gr,S4/B05/B05_R2/S4_B05_R2_IMAG0171.JPG,impala
ASG000e8a2,S4/B05/B05_R2/S4_B05_R2_IMAG0175.JPG,impala
ASG000e8a2,S4/B05/B05_R2/S4_B05_R2_IMAG0176.JPG,impala
ASG000e8a2,S4/B05/B05_R2/S4_B05_R2_IMAG0177.JPG,impala
ASG000e8np,S4/B05/B05_R2/S4_B05_R2_IMAG0293.JPG,impala
ASG000e8mm,S4/B05/B05_R2/S4_B05_R2_IMAG0302.JPG,impala
ASG000e8m2,S4/B05/B05_R2/S4_B05_R2_IMAG0320.JPG,impala
ASG000e8nd,S4/B05/B05_R2/S4_B05_R2_IMAG0321.JPG,impala
ASG000e7yo,S4/B05/B05_R2/S4_B05_R2_IMAG0386.JPG,impala
ASG000e7yo,S4/B05/B05_R2/S4_B05_R2_IMAG0387.JPG,impala
ASG000e7yo,S4/B05/B05_R2/S4_B05_R2_IMAG0388.JPG,impala
ASG000e8n2,S4/B05/B05_R2/S4_B05_R2_IMAG0434.JPG,impala
ASG000e8fc,S4/B05/B05_R2/S4_B05_R2_IMAG0471.JPG,impala
ASG000e8g2,S4/B05/B05_R2/S4_B05_R2_IMAG0516.JPG,impala
ASG000e8g2,S4/B05/B05_R2/S4_B05_R2_IMAG0517.JPG,impala
ASG000e8g2,S4/B05/B05_R2/S4_B05_R2_IMAG0518.JPG,impala
ASG000e87d,S4/B05/B05_R2/S4_B05_R2_IMAG0519.JPG,impala
ASG000e87d,S4/B05/B05_R2/S4_B05_R2_IMAG0520.JPG,impala
ASG000e87d,S4/B05/B05_R2/S4_B05_R2_IMAG0521.JPG,impala
ASG000e87s,S4/B05/B05_R2/S4_B05_R2_IMAG0525.JPG,impala
ASG000e87s,S4/B05/B05_R2/S4_B05_R2_IMAG0526.JPG,impala
ASG000e87s,S4/B05/B05_R2/S4_B05_R2_IMAG0527.JPG,impala
ASG000e84i,S4/B05/B05_R2/S4_B05_R2_IMAG0543.JPG,impala
ASG000e84i,S4/B05/B05_R2/S4_B05_R2_IMAG0544.JPG,impala
ASG000e84i,S4/B05/B05_R2/S4_B05_R2_IMAG0545.JPG,impala
ASG000e8hx,S4/B05/B05_R2/S4_B05_R2_IMAG0633.JPG,impala
ASG000e8hx,S4/B05/B05_R2/S4_B05_R2_IMAG0634.JPG,impala
ASG000e8hx,S4/B05/B05_R2/S4_B05_R2_IMAG0635.JPG,impala
ASG000e879,S4/B05/B05_R2/S4_B05_R2_IMAG0636.JPG,impala
ASG000e84p,S4/B05/B05_R2/S4_B05_R2_IMAG0651.JPG,impala
ASG000e84p,S4/B05/B05_R2/S4_B05_R2_IMAG0652.JPG,impala
ASG000e84p,S4/B05/B05_R2/S4_B05_R2_IMAG0653.JPG,impala
ASG000e83f,S4/B05/B05_R2/S4_B05_R2_IMAG0654.JPG,impala
ASG000e83f,S4/B05/B05_R2/S4_B05_R2_IMAG0655.JPG,impala
ASG000e83f,S4/B05/B05_R2/S4_B05_R2_IMAG0656.JPG,impala
ASG000e8k7,S4/B05/B05_R2/S4_B05_R2_IMAG0706.JPG,impala
ASG000e8k7,S4/B05/B05_R2/S4_B05_R2_IMAG0707.JPG,impala
ASG000e8k7,S4/B05/B05_R2/S4_B05_R2_IMAG0708.JPG,impala
ASG000e89d,S4/B05/B05_R2/S4_B05_R2_IMAG0727.JPG,impala
ASG000e89d,S4/B05/B05_R2/S4_B05_R2_IMAG0728.JPG,impala
ASG000e89d,S4/B05/B05_R2/S4_B05_R2_IMAG0729.JPG,impala
ASG000e8hg,S4/B05/B05_R2/S4_B05_R2_IMAG0787.JPG,impala
ASG000e8hg,S4/B05/B05_R2/S4_B05_R2_IMAG0788.JPG,impala
ASG000e8hg,S4/B05/B05_R2/S4_B05_R2_IMAG0789.JPG,impala
ASG000e862,S4/B05/B05_R2/S4_B05_R2_IMAG1771.JPG,impala
ASG000e862,S4/B05/B05_R2/S4_B05_R2_IMAG1772.JPG,impala
ASG000e862,S4/B05/B05_R2/S4_B05_R2_IMAG1773.JPG,impala
ASG000e8h0,S4/B05/B05_R2/S4_B05_R2_IMAG1969.JPG,impala
ASG000e8h0,S4/B05/B05_R2/S4_B05_R2_IMAG1970.JPG,impala
ASG000e8h0,S4/B05/B05_R2/S4_B05_R2_IMAG1971.JPG,impala
ASG000e80h,S4/B05/B05_R2/S4_B05_R2_IMAG2017.JPG,impala
ASG000e80h,S4/B05/B05_R2/S4_B05_R2_IMAG2018.JPG,impala
ASG000e80h,S4/B05/B05_R2/S4_B05_R2_IMAG2019.JPG,impala
ASG000e8jo,S4/B05/B05_R2/S4_B05_R2_IMAG2447.JPG,warthog
ASG000e8jo,S4/B05/B05_R2/S4_B05_R2_IMAG2448.JPG,warthog
ASG000e8jo,S4/B05/B05_R2/S4_B05_R2_IMAG2449.JPG,warthog
ASG000f8y1,S4/B06/B06_R1/S4_B06_R1_IMAG0096.JPG,impala
ASG000f8y1,S4/B06/B06_R1/S4_B06_R1_IMAG0097.JPG,impala
ASG000f8y1,S4/B06/B06_R1/S4_B06_R1_IMAG0098.JPG,impala
ASG000f8zn,S4/B06/B06_R1/S4_B06_R1_IMAG0115.JPG,impala
ASG000f8zn,S4/B06/B06_R1/S4_B06_R1_IMAG0116.JPG,impala
ASG000f8zn,S4/B06/B06_R1/S4_B06_R1_IMAG0117.JPG,impala
ASG000f9a9,S4/B06/B06_R1/S4_B06_R1_IMAG0136.JPG,impala
ASG000f9a9,S4/B06/B06_R1/S4_B06_R1_IMAG0137.JPG,impala
ASG000f9a9,S4/B06/B06_R1/S4_B06_R1_IMAG0138.JPG,impala
ASG000f92u,S4/B06/B06_R1/S4_B06_R1_IMAG0191.JPG,impala
ASG000f92u,S4/B06/B06_R1/S4_B06_R1_IMAG0192.JPG,impala
ASG000f92u,S4/B06/B06_R1/S4_B06_R1_IMAG0193.JPG,impala
ASG000f9c6,S4/B06/B06_R1/S4_B06_R1_IMAG0203.JPG,impala
ASG000f9c6,S4/B06/B06_R1/S4_B06_R1_IMAG0204.JPG,impala
ASG000f9c6,S4/B06/B06_R1/S4_B06_R1_IMAG0205.JPG,impala
ASG000f8y7,S4/B06/B06_R1/S4_B06_R1_IMAG0206.JPG,impala
ASG000f8y7,S4/B06/B06_R1/S4_B06_R1_IMAG0207.JPG,impala
ASG000f8y7,S4/B06/B06_R1/S4_B06_R1_IMAG0208.JPG,impala
ASG000f90q,S4/B06/B06_R1/S4_B06_R1_IMAG0297.JPG,impala
ASG000f90q,S4/B06/B06_R1/S4_B06_R1_IMAG0298.JPG,impala
ASG000f90q,S4/B06/B06_R1/S4_B06_R1_IMAG0299.JPG,impala
ASG000f95b,S4/B06/B06_R1/S4_B06_R1_IMAG0347.JPG,impala
ASG000f95b,S4/B06/B06_R1/S4_B06_R1_IMAG0348.JPG,impala
ASG000f95b,S4/B06/B06_R1/S4_B06_R1_IMAG0349.JPG,impala
ASG000f9d0,S4/B06/B06_R1/S4_B06_R1_IMAG0353.JPG,impala
ASG000f9d0,S4/B06/B06_R1/S4_B06_R1_IMAG0354.JPG,impala
ASG000f9d0,S4/B06/B06_R1/S4_B06_R1_IMAG0355.JPG,impala
ASG000f95c,S4/B06/B06_R1/S4_B06_R1_IMAG0398.JPG,impala
ASG000f95c,S4/B06/B06_R1/S4_B06_R1_IMAG0399.JPG,impala
ASG000f95c,S4/B06/B06_R1/S4_B06_R1_IMAG0400.JPG,impala
ASG000f93g,S4/B06/B06_R1/S4_B06_R1_IMAG0476.JPG,zebra
ASG000f93g,S4/B06/B06_R1/S4_B06_R1_IMAG0477.JPG,zebra
ASG000f93g,S4/B06/B06_R1/S4_B06_R1_IMAG0478.JPG,zebra
ASG000f903,S4/B06/B06_R1/S4_B06_R1_IMAG0545.JPG,zebra
ASG000f903,S4/B06/B06_R1/S4_B06_R1_IMAG0546.JPG,zebra
ASG000f903,S4/B06/B06_R1/S4_B06_R1_IMAG0547.JPG,zebra
ASG000f941,S4/B06/B06_R1/S4_B06_R1_IMAG0554.JPG,zebra
ASG000f9cr,S4/B06/B06_R1/S4_B06_R1_IMAG0616.JPG,wildebeest
ASG000f9cr,S4/B06/B06_R1/S4_B06_R1_IMAG0617.JPG,wildebeest
ASG000f9cr,S4/B06/B06_R1/S4_B06_R1_IMAG0618.JPG,wildebeest
ASG000f8zi,S4/B06/B06_R1/S4_B06_R1_IMAG0658.JPG,zebra
ASG000f8zi,S4/B06/B06_R1/S4_B06_R1_IMAG0659.JPG,zebra
ASG000f8zi,S4/B06/B06_R1/S4_B06_R1_IMAG0660.JPG,zebra
ASG000f99k,S4/B06/B06_R1/S4_B06_R1_IMAG0748.JPG,zebra
ASG000f99k,S4/B06/B06_R1/S4_B06_R1_IMAG0749.JPG,zebra
ASG000f99k,S4/B06/B06_R1/S4_B06_R1_IMAG0750.JPG,zebra
ASG000f90v,S4/B06/B06_R1/S4_B06_R1_IMAG0868.JPG,zebra
ASG000f90v,S4/B06/B06_R1/S4_B06_R1_IMAG0869.JPG,zebra
ASG000f90v,S4/B06/B06_R1/S4_B06_R1_IMAG0870.JPG,zebra
ASG000f936,S4/B06/B06_R1/S4_B06_R1_IMAG0877.JPG,giraffe
ASG000f91z,S4/B06/B06_R1/S4_B06_R1_IMAG0945.JPG,wildebeest
ASG000f91z,S4/B06/B06_R1/S4_B06_R1_IMAG0946.JPG,wildebeest
ASG000f91z,S4/B06/B06_R1/S4_B06_R1_IMAG0947.JPG,wildebeest
ASG000f9cs,S4/B06/B06_R1/S4_B06_R1_IMAG1056.JPG,wildebeest
ASG000f9cs,S4/B06/B06_R1/S4_B06_R1_IMAG1057.JPG,wildebeest
ASG000f9cs,S4/B06/B06_R1/S4_B06_R1_IMAG1058.JPG,wildebeest
ASG000f93j,S4/B06/B06_R1/S4_B06_R1_IMAG1120.JPG,wildebeest
ASG000f93j,S4/B06/B06_R1/S4_B06_R1_IMAG1121.JPG,wildebeest
ASG000f93j,S4/B06/B06_R1/S4_B06_R1_IMAG1122.JPG,wildebeest
ASG000f959,S4/B06/B06_R1/S4_B06_R1_IMAG1168.JPG,wildebeest
ASG000f959,S4/B06/B06_R1/S4_B06_R1_IMAG1169.JPG,wildebeest
ASG000f959,S4/B06/B06_R1/S4_B06_R1_IMAG1170.JPG,wildebeest
ASG000f973,S4/B06/B06_R1/S4_B06_R1_IMAG1210.JPG,wildebeest
ASG000f973,S4/B06/B06_R1/S4_B06_R1_IMAG1211.JPG,wildebeest
ASG000f973,S4/B06/B06_R1/S4_B06_R1_IMAG1212.JPG,wildebeest
ASG000f9d6,S4/B06/B06_R1/S4_B06_R1_IMAG1233.JPG,wildebeest
ASG000f962,S4/B06/B06_R1/S4_B06_R1_IMAG1275.JPG,wildebeest
ASG000f962,S4/B06/B06_R1/S4_B06_R1_IMAG1276.JPG,wildebeest
ASG000f962,S4/B06/B06_R1/S4_B06_R1_IMAG1277.JPG,wildebeest
ASG000f9dj,S4/B06/B06_R1/S4_B06_R1_IMAG1386.JPG,zebra
ASG000f8ye,S4/B06/B06_R1/S4_B06_R1_IMAG1391.JPG,zebra
ASG000f8ye,S4/B06/B06_R1/S4_B06_R1_IMAG1392.JPG,zebra
ASG000f8ye,S4/B06/B06_R1/S4_B06_R1_IMAG1393.JPG,zebra
ASG000f97y,S4/B06/B06_R1/S4_B06_R1_IMAG1451.JPG,impala
ASG000f97y,S4/B06/B06_R1/S4_B06_R1_IMAG1452.JPG,impala
ASG000f97y,S4/B06/B06_R1/S4_B06_R1_IMAG1453.JPG,impala
ASG000f8t9,S4/B06/B06_R2/S4_B06_R2_IMAG0083.JPG,impala
ASG000f8xe,S4/B06/B06_R2/S4_B06_R2_IMAG0243.JPG,zebra
ASG000f8ib,S4/B06/B06_R2/S4_B06_R2_IMAG0290.JPG,impala
ASG000f8ib,S4/B06/B06_R2/S4_B06_R2_IMAG0291.JPG,impala
ASG000f8ib,S4/B06/B06_R2/S4_B06_R2_IMAG0292.JPG,impala
ASG000f8o3,S4/B06/B06_R2/S4_B06_R2_IMAG0307.JPG,impala
ASG000f8i1,S4/B06/B06_R2/S4_B06_R2_IMAG0317.JPG,impala
ASG000f8i1,S4/B06/B06_R2/S4_B06_R2_IMAG0318.JPG,impala
ASG000f8i1,S4/B06/B06_R2/S4_B06_R2_IMAG0319.JPG,impala
ASG000f8uq,S4/B06/B06_R2/S4_B06_R2_IMAG0382.JPG,impala
ASG000f8uq,S4/B06/B06_R2/S4_B06_R2_IMAG0383.JPG,impala
ASG000f8uq,S4/B06/B06_R2/S4_B06_R2_IMAG0384.JPG,impala
ASG000f8pn,S4/B06/B06_R2/S4_B06_R2_IMAG0413.JPG,impala
ASG000f8m3,S4/B06/B06_R2/S4_B06_R2_IMAG0435.JPG,impala
ASG000f8m3,S4/B06/B06_R2/S4_B06_R2_IMAG0436.JPG,impala
ASG000f8m3,S4/B06/B06_R2/S4_B06_R2_IMAG0437.JPG,impala
ASG000f8ik,S4/B06/B06_R2/S4_B06_R2_IMAG0530.JPG,impala
ASG000f8ik,S4/B06/B06_R2/S4_B06_R2_IMAG0531.JPG,impala
ASG000f8ik,S4/B06/B06_R2/S4_B06_R2_IMAG0532.JPG,impala
ASG000f8l8,S4/B06/B06_R2/S4_B06_R2_IMAG0567.JPG,impala
ASG000f8l8,S4/B06/B06_R2/S4_B06_R2_IMAG0568.JPG,impala
ASG000f8l8,S4/B06/B06_R2/S4_B06_R2_IMAG0569.JPG,impala
ASG000f8sb,S4/B06/B06_R2/S4_B06_R2_IMAG0648.JPG,impala
ASG000f8sb,S4/B06/B06_R2/S4_B06_R2_IMAG0649.JPG,impala
ASG000f8sb,S4/B06/B06_R2/S4_B06_R2_IMAG0650.JPG,impala
ASG000f8hd,S4/B06/B06_R2/S4_B06_R2_IMAG0651.JPG,impala
ASG000f8hd,S4/B06/B06_R2/S4_B06_R2_IMAG0652.JPG,impala
ASG000f8hd,S4/B06/B06_R2/S4_B06_R2_IMAG0653.JPG,impala
ASG000f8wx,S4/B06/B06_R2/S4_B06_R2_IMAG0690.JPG,zebra
ASG000f8kg,S4/B06/B06_R2/S4_B06_R2_IMAG0745.JPG,impala
ASG000f8kg,S4/B06/B06_R2/S4_B06_R2_IMAG0746.JPG,impala
ASG000f8kg,S4/B06/B06_R2/S4_B06_R2_IMAG0747.JPG,impala
ASG000f8ky,S4/B06/B06_R2/S4_B06_R2_IMAG0785.JPG,warthog
ASG000f8ky,S4/B06/B06_R2/S4_B06_R2_IMAG0786.JPG,warthog
ASG000f8ky,S4/B06/B06_R2/S4_B06_R2_IMAG0787.JPG,warthog
ASG000f8rl,S4/B06/B06_R2/S4_B06_R2_IMAG1157.JPG,warthog
ASG000f8rl,S4/B06/B06_R2/S4_B06_R2_IMAG1158.JPG,warthog
ASG000f8rl,S4/B06/B06_R2/S4_B06_R2_IMAG1159.JPG,warthog
ASG000f8jz,S4/B06/B06_R2/S4_B06_R2_IMAG1269.JPG,impala
ASG000f8jz,S4/B06/B06_R2/S4_B06_R2_IMAG1270.JPG,impala
ASG000f8jz,S4/B06/B06_R2/S4_B06_R2_IMAG1271.JPG,impala
ASG000f8ne,S4/B06/B06_R2/S4_B06_R2_IMAG1290.JPG,impala
ASG000f8ne,S4/B06/B06_R2/S4_B06_R2_IMAG1291.JPG,impala
ASG000f8ne,S4/B06/B06_R2/S4_B06_R2_IMAG1292.JPG,impala
ASG000f8sd,S4/B06/B06_R2/S4_B06_R2_IMAG1297.JPG,elephant
ASG000c7wj,S4/B07/B07_R1/S4_B07_R1_IMAG0284.JPG,buffalo
ASG000c7wj,S4/B07/B07_R1/S4_B07_R1_IMAG0285.JPG,buffalo
ASG000c7wj,S4/B07/B07_R1/S4_B07_R1_IMAG0286.JPG,buffalo
ASG000c7u8,S4/B07/B07_R1/S4_B07_R1_IMAG0299.JPG,buffalo
ASG000c7u8,S4/B07/B07_R1/S4_B07_R1_IMAG0300.JPG,buffalo
ASG000c7u8,S4/B07/B07_R1/S4_B07_R1_IMAG0301.JPG,buffalo
ASG000c7uo,S4/B07/B07_R1/S4_B07_R1_IMAG0308.JPG,buffalo
ASG000c7uo,S4/B07/B07_R1/S4_B07_R1_IMAG0309.JPG,buffalo
ASG000c7uo,S4/B07/B07_R1/S4_B07_R1_IMAG0310.JPG,buffalo
ASG000c7vl,S4/B07/B07_R1/S4_B07_R1_IMAG0332.JPG,buffalo
ASG000c7vl,S4/B07/B07_R1/S4_B07_R1_IMAG0333.JPG,buffalo
ASG000c7vl,S4/B07/B07_R1/S4_B07_R1_IMAG0334.JPG,buffalo
ASG000c7u9,S4/B07/B07_R1/S4_B07_R1_IMAG0476.JPG,buffalo
ASG000c7u9,S4/B07/B07_R1/S4_B07_R1_IMAG0477.JPG,buffalo
ASG000c7u9,S4/B07/B07_R1/S4_B07_R1_IMAG0478.JPG,buffalo
ASG000c7ul,S4/B07/B07_R1/S4_B07_R1_IMAG0525.JPG,buffalo
ASG000c7ul,S4/B07/B07_R1/S4_B07_R1_IMAG0526.JPG,buffalo
ASG000c7ul,S4/B07/B07_R1/S4_B07_R1_IMAG0527.JPG,buffalo
ASG000c7ub,S4/B07/B07_R1/S4_B07_R1_IMAG0528.JPG,buffalo
ASG000c7ub,S4/B07/B07_R1/S4_B07_R1_IMAG0529.JPG,buffalo
ASG000c7ub,S4/B07/B07_R1/S4_B07_R1_IMAG0530.JPG,buffalo
ASG000c79e,S4/B07/B07_R2/S4_B07_R2_IMAG0063.JPG,gazelleThomsons
ASG000c7po,S4/B07/B07_R2/S4_B07_R2_IMAG0082.JPG,zebra
ASG000c7j8,S4/B07/B07_R2/S4_B07_R2_IMAG0211.JPG,wildebeest
ASG000c7j8,S4/B07/B07_R2/S4_B07_R2_IMAG0212.JPG,wildebeest
ASG000c7j8,S4/B07/B07_R2/S4_B07_R2_IMAG0213.JPG,wildebeest
ASG000c7hr,S4/B07/B07_R2/S4_B07_R2_IMAG0289.JPG,wildebeest
ASG000c7hr,S4/B07/B07_R2/S4_B07_R2_IMAG0290.JPG,wildebeest
ASG000c7hr,S4/B07/B07_R2/S4_B07_R2_IMAG0291.JPG,wildebeest
ASG000c7cs,S4/B07/B07_R2/S4_B07_R2_IMAG0331.JPG,wildebeest
ASG000c7cs,S4/B07/B07_R2/S4_B07_R2_IMAG0332.JPG,wildebeest
ASG000c7cs,S4/B07/B07_R2/S4_B07_R2_IMAG0333.JPG,wildebeest
ASG000c7gc,S4/B07/B07_R2/S4_B07_R2_IMAG0385.JPG,wildebeest
ASG000c7gc,S4/B07/B07_R2/S4_B07_R2_IMAG0386.JPG,wildebeest
ASG000c7gc,S4/B07/B07_R2/S4_B07_R2_IMAG0387.JPG,wildebeest
ASG000c7ex,S4/B07/B07_R2/S4_B07_R2_IMAG0454.JPG,wildebeest
ASG000c7ex,S4/B07/B07_R2/S4_B07_R2_IMAG0455.JPG,wildebeest
ASG000c7ex,S4/B07/B07_R2/S4_B07_R2_IMAG0456.JPG,wildebeest
ASG000c79w,S4/B07/B07_R2/S4_B07_R2_IMAG0478.JPG,wildebeest
ASG000c79w,S4/B07/B07_R2/S4_B07_R2_IMAG0479.JPG,wildebeest
ASG000c79w,S4/B07/B07_R2/S4_B07_R2_IMAG0480.JPG,wildebeest
ASG000c7mt,S4/B07/B07_R2/S4_B07_R2_IMAG0532.JPG,wildebeest
ASG000c7mt,S4/B07/B07_R2/S4_B07_R2_IMAG0533.JPG,wildebeest
ASG000c7mt,S4/B07/B07_R2/S4_B07_R2_IMAG0534.JPG,wildebeest
ASG000c7m7,S4/B07/B07_R2/S4_B07_R2_IMAG0547.JPG,wildebeest
ASG000c7m7,S4/B07/B07_R2/S4_B07_R2_IMAG0548.JPG,wildebeest
ASG000c7m7,S4/B07/B07_R2/S4_B07_R2_IMAG0549.JPG,wildebeest
ASG000c7mo,S4/B07/B07_R2/S4_B07_R2_IMAG0589.JPG,wildebeest
ASG000c7mo,S4/B07/B07_R2/S4_B07_R2_IMAG0590.JPG,wildebeest
ASG000c7mo,S4/B07/B07_R2/S4_B07_R2_IMAG0591.JPG,wildebeest
ASG000c7np,S4/B07/B07_R2/S4_B07_R2_IMAG0616.JPG,wildebeest
ASG000c7np,S4/B07/B07_R2/S4_B07_R2_IMAG0617.JPG,wildebeest
ASG000c7np,S4/B07/B07_R2/S4_B07_R2_IMAG0618.JPG,wildebeest
ASG000c7gf,S4/B07/B07_R2/S4_B07_R2_IMAG0625.JPG,wildebeest
ASG000c7gf,S4/B07/B07_R2/S4_B07_R2_IMAG0626.JPG,wildebeest
ASG000c7gf,S4/B07/B07_R2/S4_B07_R2_IMAG0627.JPG,wildebeest
ASG000c7m0,S4/B07/B07_R2/S4_B07_R2_IMAG0661.JPG,wildebeest
ASG000c7m0,S4/B07/B07_R2/S4_B07_R2_IMAG0662.JPG,wildebeest
ASG000c7m0,S4/B07/B07_R2/S4_B07_R2_IMAG0663.JPG,wildebeest
ASG000c7lc,S4/B07/B07_R2/S4_B07_R2_IMAG0700.JPG,wildebeest
ASG000c7lc,S4/B07/B07_R2/S4_B07_R2_IMAG0701.JPG,wildebeest
ASG000c7lc,S4/B07/B07_R2/S4_B07_R2_IMAG0702.JPG,wildebeest
ASG000c7qi,S4/B07/B07_R2/S4_B07_R2_IMAG0709.JPG,wildebeest
ASG000c7qi,S4/B07/B07_R2/S4_B07_R2_IMAG0710.JPG,wildebeest
ASG000c7qi,S4/B07/B07_R2/S4_B07_R2_IMAG0711.JPG,wildebeest
ASG000c7hw,S4/B07/B07_R2/S4_B07_R2_IMAG0778.JPG,wildebeest
ASG000c7hw,S4/B07/B07_R2/S4_B07_R2_IMAG0779.JPG,wildebeest
ASG000c7hw,S4/B07/B07_R2/S4_B07_R2_IMAG0780.JPG,wildebeest
ASG000c7o3,S4/B07/B07_R2/S4_B07_R2_IMAG0799.JPG,wildebeest
ASG000c7o3,S4/B07/B07_R2/S4_B07_R2_IMAG0800.JPG,wildebeest
ASG000c7o3,S4/B07/B07_R2/S4_B07_R2_IMAG0801.JPG,wildebeest
ASG000c7ou,S4/B07/B07_R2/S4_B07_R2_IMAG0847.JPG,wildebeest
ASG000c7ou,S4/B07/B07_R2/S4_B07_R2_IMAG0848.JPG,wildebeest
ASG000c7ou,S4/B07/B07_R2/S4_B07_R2_IMAG0849.JPG,wildebeest
ASG000c7k8,S4/B07/B07_R2/S4_B07_R2_IMAG0871.JPG,wildebeest
ASG000c7k8,S4/B07/B07_R2/S4_B07_R2_IMAG0872.JPG,wildebeest
ASG000c7k8,S4/B07/B07_R2/S4_B07_R2_IMAG0873.JPG,wildebeest
ASG000c7nc,S4/B07/B07_R2/S4_B07_R2_IMAG0946.JPG,wildebeest
ASG000c7nc,S4/B07/B07_R2/S4_B07_R2_IMAG0947.JPG,wildebeest
ASG000c7nc,S4/B07/B07_R2/S4_B07_R2_IMAG0948.JPG,wildebeest
ASG000c7m6,S4/B07/B07_R2/S4_B07_R2_IMAG1009.JPG,wildebeest
ASG000c7m6,S4/B07/B07_R2/S4_B07_R2_IMAG1010.JPG,wildebeest
ASG000c7m6,S4/B07/B07_R2/S4_B07_R2_IMAG1011.JPG,wildebeest
ASG000c7i0,S4/B07/B07_R2/S4_B07_R2_IMAG1012.JPG,wildebeest
ASG000c7i0,S4/B07/B07_R2/S4_B07_R2_IMAG1013.JPG,wildebeest
ASG000c7i0,S4/B07/B07_R2/S4_B07_R2_IMAG1014.JPG,wildebeest
ASG000c77w,S4/B07/B07_R2/S4_B07_R2_IMAG1078.JPG,wildebeest
ASG000c77w,S4/B07/B07_R2/S4_B07_R2_IMAG1079.JPG,wildebeest
ASG000c77w,S4/B07/B07_R2/S4_B07_R2_IMAG1080.JPG,wildebeest
ASG000c7hb,S4/B07/B07_R2/S4_B07_R2_IMAG1195.JPG,wildebeest
ASG000c7hb,S4/B07/B07_R2/S4_B07_R2_IMAG1196.JPG,wildebeest
ASG000c7hb,S4/B07/B07_R2/S4_B07_R2_IMAG1197.JPG,wildebeest
ASG000c7di,S4/B07/B07_R2/S4_B07_R2_IMAG1324.JPG,wildebeest
ASG000c7di,S4/B07/B07_R2/S4_B07_R2_IMAG1325.JPG,wildebeest
ASG000c7di,S4/B07/B07_R2/S4_B07_R2_IMAG1326.JPG,wildebeest
ASG000c7nq,S4/B07/B07_R2/S4_B07_R2_IMAG1389.JPG,wildebeest
ASG000c7nq,S4/B07/B07_R2/S4_B07_R2_IMAG1390.JPG,wildebeest
ASG000c7nq,S4/B07/B07_R2/S4_B07_R2_IMAG1391.JPG,wildebeest
ASG000c7bt,S4/B07/B07_R2/S4_B07_R2_IMAG1488.JPG,wildebeest
ASG000c7bt,S4/B07/B07_R2/S4_B07_R2_IMAG1489.JPG,wildebeest
ASG000c7bt,S4/B07/B07_R2/S4_B07_R2_IMAG1490.JPG,wildebeest
ASG000c7q0,S4/B07/B07_R2/S4_B07_R2_IMAG1536.JPG,wildebeest
ASG000c7q0,S4/B07/B07_R2/S4_B07_R2_IMAG1537.JPG,wildebeest
ASG000c7q0,S4/B07/B07_R2/S4_B07_R2_IMAG1538.JPG,wildebeest
ASG000c77r,S4/B07/B07_R2/S4_B07_R2_IMAG1590.JPG,wildebeest
ASG000c77r,S4/B07/B07_R2/S4_B07_R2_IMAG1591.JPG,wildebeest
ASG000c77r,S4/B07/B07_R2/S4_B07_R2_IMAG1592.JPG,wildebeest
ASG000c7ko,S4/B07/B07_R2/S4_B07_R2_IMAG1644.JPG,wildebeest
ASG000c7ko,S4/B07/B07_R2/S4_B07_R2_IMAG1645.JPG,wildebeest
ASG000c7ko,S4/B07/B07_R2/S4_B07_R2_IMAG1646.JPG,wildebeest
ASG000c7ok,S4/B07/B07_R2/S4_B07_R2_IMAG1752.JPG,wildebeest
ASG000c7ok,S4/B07/B07_R2/S4_B07_R2_IMAG1753.JPG,wildebeest
ASG000c7ok,S4/B07/B07_R2/S4_B07_R2_IMAG1754.JPG,wildebeest
ASG000c78l,S4/B07/B07_R2/S4_B07_R2_IMAG1809.JPG,wildebeest
ASG000c78l,S4/B07/B07_R2/S4_B07_R2_IMAG1810.JPG,wildebeest
ASG000c78l,S4/B07/B07_R2/S4_B07_R2_IMAG1811.JPG,wildebeest
ASG000c7lr,S4/B07/B07_R2/S4_B07_R2_IMAG1911.JPG,wildebeest
ASG000c7lr,S4/B07/B07_R2/S4_B07_R2_IMAG1912.JPG,wildebeest
ASG000c7lr,S4/B07/B07_R2/S4_B07_R2_IMAG1913.JPG,wildebeest
ASG000c7bv,S4/B07/B07_R2/S4_B07_R2_IMAG2009.JPG,elephant
ASG000dp37,S4/B08/B08_R2/S4_B08_R2_IMAG0057.JPG,zebra
ASG000dp37,S4/B08/B08_R2/S4_B08_R2_IMAG0058.JPG,zebra
ASG000dp37,S4/B08/B08_R2/S4_B08_R2_IMAG0059.JPG,zebra
ASG000dp0f,S4/B08/B08_R2/S4_B08_R2_IMAG0084.JPG,wildebeest
ASG000dp0f,S4/B08/B08_R2/S4_B08_R2_IMAG0085.JPG,wildebeest
ASG000dp0f,S4/B08/B08_R2/S4_B08_R2_IMAG0086.JPG,wildebeest
ASG000dp3f,S4/B08/B08_R2/S4_B08_R2_IMAG0087.JPG,wildebeest
ASG000dp3f,S4/B08/B08_R2/S4_B08_R2_IMAG0088.JPG,wildebeest
ASG000dp3f,S4/B08/B08_R2/S4_B08_R2_IMAG0089.JPG,wildebeest
ASG000dp6j,S4/B08/B08_R2/S4_B08_R2_IMAG0096.JPG,wildebeest
ASG000dp6j,S4/B08/B08_R2/S4_B08_R2_IMAG0097.JPG,wildebeest
ASG000dp6j,S4/B08/B08_R2/S4_B08_R2_IMAG0098.JPG,wildebeest
ASG000dp4r,S4/B08/B08_R2/S4_B08_R2_IMAG0249.JPG,wildebeest
ASG000dp4r,S4/B08/B08_R2/S4_B08_R2_IMAG0250.JPG,wildebeest
ASG000dp4r,S4/B08/B08_R2/S4_B08_R2_IMAG0251.JPG,wildebeest
ASG000dp49,S4/B08/B08_R2/S4_B08_R2_IMAG0306.JPG,wildebeest
ASG000dp49,S4/B08/B08_R2/S4_B08_R2_IMAG0307.JPG,wildebeest
ASG000dp49,S4/B08/B08_R2/S4_B08_R2_IMAG0308.JPG,wildebeest
ASG000dosc,S4/B08/B08_R2/S4_B08_R2_IMAG0327.JPG,wildebeest
ASG000dosc,S4/B08/B08_R2/S4_B08_R2_IMAG0328.JPG,wildebeest
ASG000dosc,S4/B08/B08_R2/S4_B08_R2_IMAG0329.JPG,wildebeest
ASG000dp3o,S4/B08/B08_R2/S4_B08_R2_IMAG0348.JPG,wildebeest
ASG000dp3o,S4/B08/B08_R2/S4_B08_R2_IMAG0349.JPG,wildebeest
ASG000dp3o,S4/B08/B08_R2/S4_B08_R2_IMAG0350.JPG,wildebeest
ASG000doto,S4/B08/B08_R2/S4_B08_R2_IMAG0456.JPG,wildebeest
ASG000doto,S4/B08/B08_R2/S4_B08_R2_IMAG0457.JPG,wildebeest
ASG000doto,S4/B08/B08_R2/S4_B08_R2_IMAG0458.JPG,wildebeest
ASG000dosr,S4/B08/B08_R2/S4_B08_R2_IMAG0507.JPG,wildebeest
ASG000dosr,S4/B08/B08_R2/S4_B08_R2_IMAG0508.JPG,wildebeest
ASG000dosr,S4/B08/B08_R2/S4_B08_R2_IMAG0509.JPG,wildebeest
ASG000dp3g,S4/B08/B08_R2/S4_B08_R2_IMAG1277.JPG,wildebeest
ASG000dp3g,S4/B08/B08_R2/S4_B08_R2_IMAG1278.JPG,wildebeest
ASG000dp3g,S4/B08/B08_R2/S4_B08_R2_IMAG1279.JPG,wildebeest
ASG000dote,S4/B08/B08_R2/S4_B08_R2_IMAG1445.JPG,wildebeest
ASG000dote,S4/B08/B08_R2/S4_B08_R2_IMAG1446.JPG,wildebeest
ASG000dote,S4/B08/B08_R2/S4_B08_R2_IMAG1447.JPG,wildebeest
ASG000c4tr,S4/B09/B09_R1/S4_B09_R1_IMAG0061.JPG,zebra
ASG000c4tr,S4/B09/B09_R1/S4_B09_R1_IMAG0062.JPG,zebra
ASG000c4tr,S4/B09/B09_R1/S4_B09_R1_IMAG0063.JPG,zebra
ASG000c4ws,S4/B09/B09_R1/S4_B09_R1_IMAG0064.JPG,giraffe
ASG000c4y1,S4/B09/B09_R1/S4_B09_R1_IMAG0089.JPG,warthog
ASG000c4y1,S4/B09/B09_R1/S4_B09_R1_IMAG0090.JPG,warthog
ASG000c4y1,S4/B09/B09_R1/S4_B09_R1_IMAG0091.JPG,warthog
ASG000c4u5,S4/B09/B09_R1/S4_B09_R1_IMAG0095.JPG,buffalo
ASG000c4u5,S4/B09/B09_R1/S4_B09_R1_IMAG0096.JPG,buffalo
ASG000c4u5,S4/B09/B09_R1/S4_B09_R1_IMAG0097.JPG,buffalo
ASG000c4nu,S4/B09/B09_R1/S4_B09_R1_IMAG0121.JPG,zebra
ASG000c50c,S4/B09/B09_R1/S4_B09_R1_IMAG0133.JPG,wildebeest
ASG000c4mz,S4/B09/B09_R1/S4_B09_R1_IMAG0183.JPG,wildebeest
ASG000c4mz,S4/B09/B09_R1/S4_B09_R1_IMAG0184.JPG,wildebeest
ASG000c4mz,S4/B09/B09_R1/S4_B09_R1_IMAG0185.JPG,wildebeest
ASG000c4oa,S4/B09/B09_R1/S4_B09_R1_IMAG0231.JPG,wildebeest
ASG000c4oa,S4/B09/B09_R1/S4_B09_R1_IMAG0232.JPG,wildebeest
ASG000c4oa,S4/B09/B09_R1/S4_B09_R1_IMAG0233.JPG,wildebeest
ASG000c4pq,S4/B09/B09_R1/S4_B09_R1_IMAG0270.JPG,wildebeest
ASG000c4pq,S4/B09/B09_R1/S4_B09_R1_IMAG0271.JPG,wildebeest
ASG000c4pq,S4/B09/B09_R1/S4_B09_R1_IMAG0272.JPG,wildebeest
ASG000c4q3,S4/B09/B09_R1/S4_B09_R1_IMAG0354.JPG,wildebeest
ASG000c4q3,S4/B09/B09_R1/S4_B09_R1_IMAG0355.JPG,wildebeest
ASG000c4q3,S4/B09/B09_R1/S4_B09_R1_IMAG0356.JPG,wildebeest
ASG000c4xg,S4/B09/B09_R1/S4_B09_R1_IMAG0468.JPG,wildebeest
ASG000c4xg,S4/B09/B09_R1/S4_B09_R1_IMAG0469.JPG,wildebeest
ASG000c4xg,S4/B09/B09_R1/S4_B09_R1_IMAG0470.JPG,wildebeest
ASG000c4sl,S4/B09/B09_R1/S4_B09_R1_IMAG0471.JPG,wildebeest
ASG000c4sl,S4/B09/B09_R1/S4_B09_R1_IMAG0472.JPG,wildebeest
ASG000c4sl,S4/B09/B09_R1/S4_B09_R1_IMAG0473.JPG,wildebeest
ASG000c4yb,S4/B09/B09_R1/S4_B09_R1_IMAG0513.JPG,zebra
ASG000c4yb,S4/B09/B09_R1/S4_B09_R1_IMAG0514.JPG,zebra
ASG000c4yb,S4/B09/B09_R1/S4_B09_R1_IMAG0515.JPG,zebra
ASG000c4o9,S4/B09/B09_R1/S4_B09_R1_IMAG0594.JPG,wildebeest
ASG000c4o9,S4/B09/B09_R1/S4_B09_R1_IMAG0595.JPG,wildebeest
ASG000c4o9,S4/B09/B09_R1/S4_B09_R1_IMAG0596.JPG,wildebeest
ASG000c4sa,S4/B09/B09_R1/S4_B09_R1_IMAG0690.JPG,wildebeest
ASG000c4sa,S4/B09/B09_R1/S4_B09_R1_IMAG0691.JPG,wildebeest
ASG000c4sa,S4/B09/B09_R1/S4_B09_R1_IMAG0692.JPG,wildebeest
ASG000c4vg,S4/B09/B09_R1/S4_B09_R1_IMAG0714.JPG,wildebeest
ASG000c4vg,S4/B09/B09_R1/S4_B09_R1_IMAG0715.JPG,wildebeest
ASG000c4vg,S4/B09/B09_R1/S4_B09_R1_IMAG0716.JPG,wildebeest
ASG000c4rp,S4/B09/B09_R1/S4_B09_R1_IMAG0784.JPG,wildebeest
ASG000c4rp,S4/B09/B09_R1/S4_B09_R1_IMAG0785.JPG,wildebeest
ASG000c4rp,S4/B09/B09_R1/S4_B09_R1_IMAG0786.JPG,wildebeest
ASG000c4p7,S4/B09/B09_R1/S4_B09_R1_IMAG0796.JPG,wildebeest
ASG000c4p7,S4/B09/B09_R1/S4_B09_R1_IMAG0797.JPG,wildebeest
ASG000c4p7,S4/B09/B09_R1/S4_B09_R1_IMAG0798.JPG,wildebeest
ASG000c4qo,S4/B09/B09_R1/S4_B09_R1_IMAG0847.JPG,wildebeest
ASG000c4qo,S4/B09/B09_R1/S4_B09_R1_IMAG0848.JPG,wildebeest
ASG000c4qo,S4/B09/B09_R1/S4_B09_R1_IMAG0849.JPG,wildebeest
ASG000c4sc,S4/B09/B09_R1/S4_B09_R1_IMAG0922.JPG,wildebeest
ASG000c4sc,S4/B09/B09_R1/S4_B09_R1_IMAG0923.JPG,wildebeest
ASG000c4sc,S4/B09/B09_R1/S4_B09_R1_IMAG0924.JPG,wildebeest
ASG000c4o7,S4/B09/B09_R1/S4_B09_R1_IMAG0934.JPG,wildebeest
ASG000c4o7,S4/B09/B09_R1/S4_B09_R1_IMAG0935.JPG,wildebeest
ASG000c4o7,S4/B09/B09_R1/S4_B09_R1_IMAG0936.JPG,wildebeest
ASG000c4yo,S4/B09/B09_R1/S4_B09_R1_IMAG0976.JPG,wildebeest
ASG000c4yo,S4/B09/B09_R1/S4_B09_R1_IMAG0977.JPG,wildebeest
ASG000c4yo,S4/B09/B09_R1/S4_B09_R1_IMAG0978.JPG,wildebeest
ASG000c4qg,S4/B09/B09_R1/S4_B09_R1_IMAG1084.JPG,wildebeest
ASG000c4qg,S4/B09/B09_R1/S4_B09_R1_IMAG1085.JPG,wildebeest
ASG000c4qg,S4/B09/B09_R1/S4_B09_R1_IMAG1086.JPG,wildebeest
ASG000c4p4,S4/B09/B09_R1/S4_B09_R1_IMAG1087.JPG,wildebeest
ASG000c4p4,S4/B09/B09_R1/S4_B09_R1_IMAG1088.JPG,wildebeest
ASG000c4p4,S4/B09/B09_R1/S4_B09_R1_IMAG1089.JPG,wildebeest
ASG000c4vs,S4/B09/B09_R1/S4_B09_R1_IMAG1123.JPG,zebra
ASG000c4nm,S4/B09/B09_R1/S4_B09_R1_IMAG1133.JPG,wildebeest
ASG000c4re,S4/B09/B09_R1/S4_B09_R1_IMAG1165.JPG,zebra
ASG000c4re,S4/B09/B09_R1/S4_B09_R1_IMAG1166.JPG,zebra
ASG000c4re,S4/B09/B09_R1/S4_B09_R1_IMAG1167.JPG,zebra
ASG000c4hb,S4/B09/B09_R2/S4_B09_R2_IMAG0051.JPG,zebra
ASG000c4hb,S4/B09/B09_R2/S4_B09_R2_IMAG0052.JPG,zebra
ASG000c4hb,S4/B09/B09_R2/S4_B09_R2_IMAG0053.JPG,zebra
ASG000c4gv,S4/B09/B09_R2/S4_B09_R2_IMAG0092.JPG,elephant
ASG000c4gv,S4/B09/B09_R2/S4_B09_R2_IMAG0093.JPG,elephant
ASG000c4gv,S4/B09/B09_R2/S4_B09_R2_IMAG0094.JPG,elephant
ASG000br0u,S4/B10/B10_R1/S4_B10_R1_IMAG0023.JPG,impala
ASG000br0u,S4/B10/B10_R1/S4_B10_R1_IMAG0024.JPG,impala
ASG000br0u,S4/B10/B10_R1/S4_B10_R1_IMAG0025.JPG,impala
ASG000bqxt,S4/B10/B10_R1/S4_B10_R1_IMAG0091.JPG,zebra
ASG000bqxt,S4/B10/B10_R1/S4_B10_R1_IMAG0092.JPG,zebra
ASG000bqxt,S4/B10/B10_R1/S4_B10_R1_IMAG0093.JPG,zebra
ASG000bqvw,S4/B10/B10_R1/S4_B10_R1_IMAG0103.JPG,zebra
ASG000bqwh,S4/B10/B10_R1/S4_B10_R1_IMAG0136.JPG,wildebeest
ASG000bqwh,S4/B10/B10_R1/S4_B10_R1_IMAG0137.JPG,wildebeest
ASG000bqwh,S4/B10/B10_R1/S4_B10_R1_IMAG0138.JPG,wildebeest
ASG000br16,S4/B10/B10_R1/S4_B10_R1_IMAG0151.JPG,wildebeest
ASG000bqyn,S4/B10/B10_R1/S4_B10_R1_IMAG0179.JPG,wildebeest
ASG000bqyn,S4/B10/B10_R1/S4_B10_R1_IMAG0180.JPG,wildebeest
ASG000bqyn,S4/B10/B10_R1/S4_B10_R1_IMAG0181.JPG,wildebeest
ASG000bqzm,S4/B10/B10_R1/S4_B10_R1_IMAG0209.JPG,wildebeest
ASG000bqzm,S4/B10/B10_R1/S4_B10_R1_IMAG0210.JPG,wildebeest
ASG000bqzm,S4/B10/B10_R1/S4_B10_R1_IMAG0211.JPG,wildebeest
ASG000bqy9,S4/B10/B10_R1/S4_B10_R1_IMAG0229.JPG,wildebeest
ASG000br0y,S4/B10/B10_R1/S4_B10_R1_IMAG0234.JPG,wildebeest
ASG000bptu,S4/B10/B10_R2/S4_B10_R2_IMAG0079.JPG,zebra
ASG000bptu,S4/B10/B10_R2/S4_B10_R2_IMAG0080.JPG,zebra
ASG000bptu,S4/B10/B10_R2/S4_B10_R2_IMAG0081.JPG,zebra
ASG000bpyo,S4/B10/B10_R2/S4_B10_R2_IMAG0097.JPG,zebra
ASG000bpyo,S4/B10/B10_R2/S4_B10_R2_IMAG0098.JPG,zebra
ASG000bpyo,S4/B10/B10_R2/S4_B10_R2_IMAG0099.JPG,zebra
ASG000eva3,S4/B12/B12_R1/S4_B12_R1_IMAG0139.JPG,wildebeest
ASG000evhe,S4/B12/B12_R1/S4_B12_R1_IMAG0141.JPG,wildebeest
ASG000eve8,S4/B12/B12_R1/S4_B12_R1_IMAG0143.JPG,wildebeest
ASG000evhg,S4/B12/B12_R1/S4_B12_R1_IMAG0148.JPG,wildebeest
ASG000evhs,S4/B12/B12_R1/S4_B12_R1_IMAG0157.JPG,wildebeest
ASG000evhi,S4/B12/B12_R1/S4_B12_R1_IMAG0162.JPG,wildebeest
ASG000ever,S4/B12/B12_R1/S4_B12_R1_IMAG1029.JPG,zebra
ASG000ever,S4/B12/B12_R1/S4_B12_R1_IMAG1030.JPG,zebra
ASG000ever,S4/B12/B12_R1/S4_B12_R1_IMAG1031.JPG,zebra
ASG000d3xt,S4/B13/B13_R1/S4_B13_R1_IMAG0113.JPG,zebra
ASG000d3xt,S4/B13/B13_R1/S4_B13_R1_IMAG0114.JPG,zebra
ASG000d3xt,S4/B13/B13_R1/S4_B13_R1_IMAG0115.JPG,zebra
ASG000d42x,S4/B13/B13_R1/S4_B13_R1_IMAG0122.JPG,zebra
ASG000d42x,S4/B13/B13_R1/S4_B13_R1_IMAG0123.JPG,zebra
ASG000d42x,S4/B13/B13_R1/S4_B13_R1_IMAG0124.JPG,zebra
ASG000d3uq,S4/B13/B13_R1/S4_B13_R1_IMAG0234.JPG,zebra
ASG000d3uq,S4/B13/B13_R1/S4_B13_R1_IMAG0235.JPG,zebra
ASG000d3uq,S4/B13/B13_R1/S4_B13_R1_IMAG0236.JPG,zebra
ASG000d42h,S4/B13/B13_R1/S4_B13_R1_IMAG0297.JPG,wildebeest
ASG000d42h,S4/B13/B13_R1/S4_B13_R1_IMAG0298.JPG,wildebeest
ASG000d42h,S4/B13/B13_R1/S4_B13_R1_IMAG0299.JPG,wildebeest
ASG000d3ox,S4/B13/B13_R1/S4_B13_R1_IMAG0330.JPG,wildebeest
ASG000d3ox,S4/B13/B13_R1/S4_B13_R1_IMAG0331.JPG,wildebeest
ASG000d3ox,S4/B13/B13_R1/S4_B13_R1_IMAG0332.JPG,wildebeest
ASG000d3pr,S4/B13/B13_R1/S4_B13_R1_IMAG0336.JPG,wildebeest
ASG000d3pr,S4/B13/B13_R1/S4_B13_R1_IMAG0337.JPG,wildebeest
ASG000d3pr,S4/B13/B13_R1/S4_B13_R1_IMAG0338.JPG,wildebeest
ASG000d3zn,S4/B13/B13_R1/S4_B13_R1_IMAG0339.JPG,wildebeest
ASG000d3zn,S4/B13/B13_R1/S4_B13_R1_IMAG0340.JPG,wildebeest
ASG000d3zn,S4/B13/B13_R1/S4_B13_R1_IMAG0341.JPG,wildebeest
ASG000d42r,S4/B13/B13_R1/S4_B13_R1_IMAG0363.JPG,wildebeest
ASG000d42r,S4/B13/B13_R1/S4_B13_R1_IMAG0364.JPG,wildebeest
ASG000d42r,S4/B13/B13_R1/S4_B13_R1_IMAG0365.JPG,wildebeest
ASG000d3x0,S4/B13/B13_R1/S4_B13_R1_IMAG0384.JPG,wildebeest
ASG000d3x0,S4/B13/B13_R1/S4_B13_R1_IMAG0385.JPG,wildebeest
ASG000d3x0,S4/B13/B13_R1/S4_B13_R1_IMAG0386.JPG,wildebeest
ASG000d3z3,S4/B13/B13_R1/S4_B13_R1_IMAG0559.JPG,zebra
ASG000d3z3,S4/B13/B13_R1/S4_B13_R1_IMAG0560.JPG,zebra
ASG000d3z3,S4/B13/B13_R1/S4_B13_R1_IMAG0561.JPG,zebra
ASG000d41s,S4/B13/B13_R1/S4_B13_R1_IMAG0613.JPG,wildebeest
ASG000d41s,S4/B13/B13_R1/S4_B13_R1_IMAG0614.JPG,wildebeest
ASG000d41s,S4/B13/B13_R1/S4_B13_R1_IMAG0615.JPG,wildebeest
ASG000d3wh,S4/B13/B13_R1/S4_B13_R1_IMAG0616.JPG,wildebeest
ASG000d3wh,S4/B13/B13_R1/S4_B13_R1_IMAG0617.JPG,wildebeest
ASG000d3wh,S4/B13/B13_R1/S4_B13_R1_IMAG0618.JPG,wildebeest
ASG000d3rz,S4/B13/B13_R1/S4_B13_R1_IMAG0697.JPG,wildebeest
ASG000d3rz,S4/B13/B13_R1/S4_B13_R1_IMAG0698.JPG,wildebeest
ASG000d3rz,S4/B13/B13_R1/S4_B13_R1_IMAG0699.JPG,wildebeest
ASG000d41a,S4/B13/B13_R1/S4_B13_R1_IMAG0742.JPG,wildebeest
ASG000d41a,S4/B13/B13_R1/S4_B13_R1_IMAG0743.JPG,wildebeest
ASG000d41a,S4/B13/B13_R1/S4_B13_R1_IMAG0744.JPG,wildebeest
ASG000d433,S4/B13/B13_R1/S4_B13_R1_IMAG0868.JPG,wildebeest
ASG000d433,S4/B13/B13_R1/S4_B13_R1_IMAG0869.JPG,wildebeest
ASG000d433,S4/B13/B13_R1/S4_B13_R1_IMAG0870.JPG,wildebeest
ASG000d3up,S4/B13/B13_R1/S4_B13_R1_IMAG0931.JPG,wildebeest
ASG000d3up,S4/B13/B13_R1/S4_B13_R1_IMAG0932.JPG,wildebeest
ASG000d3up,S4/B13/B13_R1/S4_B13_R1_IMAG0933.JPG,wildebeest
ASG000d3yd,S4/B13/B13_R1/S4_B13_R1_IMAG1059.JPG,wildebeest
ASG000d3yd,S4/B13/B13_R1/S4_B13_R1_IMAG1060.JPG,wildebeest
ASG000d3yd,S4/B13/B13_R1/S4_B13_R1_IMAG1061.JPG,wildebeest
ASG000d3r7,S4/B13/B13_R1/S4_B13_R1_IMAG1071.JPG,wildebeest
ASG000d3r7,S4/B13/B13_R1/S4_B13_R1_IMAG1072.JPG,wildebeest
ASG000d3r7,S4/B13/B13_R1/S4_B13_R1_IMAG1073.JPG,wildebeest
ASG000d44f,S4/B13/B13_R1/S4_B13_R1_IMAG1166.JPG,impala
ASG000d44f,S4/B13/B13_R1/S4_B13_R1_IMAG1167.JPG,impala
ASG000d44f,S4/B13/B13_R1/S4_B13_R1_IMAG1168.JPG,impala
ASG000d3sm,S4/B13/B13_R1/S4_B13_R1_IMAG1466.JPG,zebra
ASG000d3sm,S4/B13/B13_R1/S4_B13_R1_IMAG1467.JPG,zebra
ASG000d3sm,S4/B13/B13_R1/S4_B13_R1_IMAG1468.JPG,zebra
ASG000d45d,S4/B13/B13_R1/S4_B13_R1_IMAG1511.JPG,buffalo
ASG000d3rs,S4/B13/B13_R1/S4_B13_R1_IMAG1534.JPG,buffalo
ASG000d3rs,S4/B13/B13_R1/S4_B13_R1_IMAG1535.JPG,buffalo
ASG000d3rs,S4/B13/B13_R1/S4_B13_R1_IMAG1536.JPG,buffalo
ASG000d3xa,S4/B13/B13_R1/S4_B13_R1_IMAG1567.JPG,buffalo
ASG000d3xa,S4/B13/B13_R1/S4_B13_R1_IMAG1568.JPG,buffalo
ASG000d3xa,S4/B13/B13_R1/S4_B13_R1_IMAG1569.JPG,buffalo
ASG000d44x,S4/B13/B13_R1/S4_B13_R1_IMAG1573.JPG,buffalo
ASG000d44x,S4/B13/B13_R1/S4_B13_R1_IMAG1574.JPG,buffalo
ASG000d44x,S4/B13/B13_R1/S4_B13_R1_IMAG1575.JPG,buffalo
ASG000d43q,S4/B13/B13_R1/S4_B13_R1_IMAG1597.JPG,zebra
ASG000d43q,S4/B13/B13_R1/S4_B13_R1_IMAG1598.JPG,zebra
ASG000d43q,S4/B13/B13_R1/S4_B13_R1_IMAG1599.JPG,zebra
ASG000d3t8,S4/B13/B13_R1/S4_B13_R1_IMAG1651.JPG,warthog
ASG000d3t8,S4/B13/B13_R1/S4_B13_R1_IMAG1652.JPG,warthog
ASG000d3t8,S4/B13/B13_R1/S4_B13_R1_IMAG1653.JPG,warthog
ASG000d3nz,S4/B13/B13_R2/S4_B13_R2_IMAG0013.JPG,zebra
ASG000d3nz,S4/B13/B13_R2/S4_B13_R2_IMAG0014.JPG,zebra
ASG000d3nz,S4/B13/B13_R2/S4_B13_R2_IMAG0015.JPG,zebra
ASG000d3m8,S4/B13/B13_R2/S4_B13_R2_IMAG0063.JPG,buffalo
ASG000d3m8,S4/B13/B13_R2/S4_B13_R2_IMAG0064.JPG,buffalo
ASG000d3m8,S4/B13/B13_R2/S4_B13_R2_IMAG0065.JPG,buffalo
ASG000d3mw,S4/B13/B13_R2/S4_B13_R2_IMAG0096.JPG,giraffe
ASG000d3mw,S4/B13/B13_R2/S4_B13_R2_IMAG0097.JPG,giraffe
ASG000d3mw,S4/B13/B13_R2/S4_B13_R2_IMAG0098.JPG,giraffe
ASG000d3lv,S4/B13/B13_R2/S4_B13_R2_IMAG0099.JPG,giraffe
ASG000d3lv,S4/B13/B13_R2/S4_B13_R2_IMAG0100.JPG,giraffe
ASG000d3lv,S4/B13/B13_R2/S4_B13_R2_IMAG0101.JPG,giraffe
ASG000d3o1,S4/B13/B13_R2/S4_B13_R2_IMAG0142.JPG,impala
ASG000d3o1,S4/B13/B13_R2/S4_B13_R2_IMAG0143.JPG,impala
ASG000d3o1,S4/B13/B13_R2/S4_B13_R2_IMAG0144.JPG,impala
ASG000d3mr,S4/B13/B13_R2/S4_B13_R2_IMAG0163.JPG,impala
ASG000d3mr,S4/B13/B13_R2/S4_B13_R2_IMAG0164.JPG,impala
ASG000d3mr,S4/B13/B13_R2/S4_B13_R2_IMAG0165.JPG,impala
ASG000f7rf,S4/C01/C01_R2/S4_C01_R2_IMAG0046.JPG,buffalo
ASG000f7rf,S4/C01/C01_R2/S4_C01_R2_IMAG0047.JPG,buffalo
ASG000f7rf,S4/C01/C01_R2/S4_C01_R2_IMAG0048.JPG,buffalo
ASG000e9jn,S4/C02/C02_R2/S4_C02_R2_IMAG0089.JPG,warthog
ASG000e9jn,S4/C02/C02_R2/S4_C02_R2_IMAG0090.JPG,warthog
ASG000e9jn,S4/C02/C02_R2/S4_C02_R2_IMAG0091.JPG,warthog
ASG000e9bm,S4/C02/C02_R2/S4_C02_R2_IMAG0124.JPG,warthog
ASG000e9bm,S4/C02/C02_R2/S4_C02_R2_IMAG0125.JPG,warthog
ASG000e9bm,S4/C02/C02_R2/S4_C02_R2_IMAG0126.JPG,warthog
ASG000e9lu,S4/C02/C02_R2/S4_C02_R2_IMAG0163.JPG,warthog
ASG000e9lu,S4/C02/C02_R2/S4_C02_R2_IMAG0164.JPG,warthog
ASG000e9lu,S4/C02/C02_R2/S4_C02_R2_IMAG0165.JPG,warthog
ASG000e9f4,S4/C02/C02_R2/S4_C02_R2_IMAG0218.JPG,giraffe
ASG000e9f4,S4/C02/C02_R2/S4_C02_R2_IMAG0219.JPG,giraffe
ASG000e9f4,S4/C02/C02_R2/S4_C02_R2_IMAG0220.JPG,giraffe
ASG000e9et,S4/C02/C02_R2/S4_C02_R2_IMAG0304.JPG,impala
ASG000e9et,S4/C02/C02_R2/S4_C02_R2_IMAG0305.JPG,impala
ASG000e9et,S4/C02/C02_R2/S4_C02_R2_IMAG0306.JPG,impala
ASG000e9gj,S4/C02/C02_R2/S4_C02_R2_IMAG0338.JPG,warthog
ASG000e9gj,S4/C02/C02_R2/S4_C02_R2_IMAG0339.JPG,warthog
ASG000e9gj,S4/C02/C02_R2/S4_C02_R2_IMAG0340.JPG,warthog
ASG000e9jo,S4/C02/C02_R2/S4_C02_R2_IMAG0347.JPG,warthog
ASG000e9jo,S4/C02/C02_R2/S4_C02_R2_IMAG0348.JPG,warthog
ASG000e9jo,S4/C02/C02_R2/S4_C02_R2_IMAG0349.JPG,warthog
ASG000e9f8,S4/C02/C02_R2/S4_C02_R2_IMAG0447.JPG,warthog
ASG000e9f8,S4/C02/C02_R2/S4_C02_R2_IMAG0448.JPG,warthog
ASG000e9f8,S4/C02/C02_R2/S4_C02_R2_IMAG0449.JPG,warthog
ASG000e9i4,S4/C02/C02_R2/S4_C02_R2_IMAG0459.JPG,giraffe
ASG000e9i4,S4/C02/C02_R2/S4_C02_R2_IMAG0460.JPG,giraffe
ASG000e9i4,S4/C02/C02_R2/S4_C02_R2_IMAG0461.JPG,giraffe
ASG000e9es,S4/C02/C02_R2/S4_C02_R2_IMAG0474.JPG,giraffe
ASG000e9es,S4/C02/C02_R2/S4_C02_R2_IMAG0475.JPG,giraffe
ASG000e9es,S4/C02/C02_R2/S4_C02_R2_IMAG0476.JPG,giraffe
ASG000e998,S4/C02/C02_R2/S4_C02_R2_IMAG0499.JPG,zebra
ASG000e998,S4/C02/C02_R2/S4_C02_R2_IMAG0500.JPG,zebra
ASG000e998,S4/C02/C02_R2/S4_C02_R2_IMAG0501.JPG,zebra
ASG000e9kv,S4/C02/C02_R2/S4_C02_R2_IMAG0529.JPG,impala
ASG000e9kv,S4/C02/C02_R2/S4_C02_R2_IMAG0530.JPG,impala
ASG000e9kv,S4/C02/C02_R2/S4_C02_R2_IMAG0531.JPG,impala
ASG000e9f9,S4/C02/C02_R2/S4_C02_R2_IMAG0834.JPG,impala
ASG000e9f9,S4/C02/C02_R2/S4_C02_R2_IMAG0835.JPG,impala
ASG000e9f9,S4/C02/C02_R2/S4_C02_R2_IMAG0836.JPG,impala
ASG000e9fu,S4/C02/C02_R2/S4_C02_R2_IMAG0914.JPG,warthog
ASG000e9fu,S4/C02/C02_R2/S4_C02_R2_IMAG0915.JPG,warthog
ASG000e9fu,S4/C02/C02_R2/S4_C02_R2_IMAG0916.JPG,warthog
ASG000e9he,S4/C02/C02_R2/S4_C02_R2_IMAG0941.JPG,buffalo
ASG000e9he,S4/C02/C02_R2/S4_C02_R2_IMAG0942.JPG,buffalo
ASG000e9he,S4/C02/C02_R2/S4_C02_R2_IMAG0943.JPG,buffalo
ASG000e9k3,S4/C02/C02_R2/S4_C02_R2_IMAG1002.JPG,impala
ASG000e9k3,S4/C02/C02_R2/S4_C02_R2_IMAG1003.JPG,impala
ASG000e9k3,S4/C02/C02_R2/S4_C02_R2_IMAG1004.JPG,impala
ASG000e9fa,S4/C02/C02_R2/S4_C02_R2_IMAG1205.JPG,hartebeest
ASG000e9fa,S4/C02/C02_R2/S4_C02_R2_IMAG1206.JPG,hartebeest
ASG000e9fa,S4/C02/C02_R2/S4_C02_R2_IMAG1207.JPG,hartebeest
ASG000e9iv,S4/C02/C02_R2/S4_C02_R2_IMAG1244.JPG,giraffe
ASG000e9iv,S4/C02/C02_R2/S4_C02_R2_IMAG1245.JPG,giraffe
ASG000e9iv,S4/C02/C02_R2/S4_C02_R2_IMAG1246.JPG,giraffe
ASG000e9ft,S4/C02/C02_R2/S4_C02_R2_IMAG1324.JPG,giraffe
ASG000e9ft,S4/C02/C02_R2/S4_C02_R2_IMAG1325.JPG,giraffe
ASG000e9ft,S4/C02/C02_R2/S4_C02_R2_IMAG1326.JPG,giraffe
ASG000e9lf,S4/C02/C02_R2/S4_C02_R2_IMAG1336.JPG,giraffe
ASG000e9lf,S4/C02/C02_R2/S4_C02_R2_IMAG1337.JPG,giraffe
ASG000e9lf,S4/C02/C02_R2/S4_C02_R2_IMAG1338.JPG,giraffe
ASG000e9w5,S4/C02/C02_R1/S4_C02_R1_IMAG0248.JPG,buffalo
ASG000e9w5,S4/C02/C02_R1/S4_C02_R1_IMAG0249.JPG,buffalo
ASG000e9w5,S4/C02/C02_R1/S4_C02_R1_IMAG0250.JPG,buffalo
ASG000e9z0,S4/C02/C02_R1/S4_C02_R1_IMAG0272.JPG,buffalo
ASG000e9z0,S4/C02/C02_R1/S4_C02_R1_IMAG0273.JPG,buffalo
ASG000e9z0,S4/C02/C02_R1/S4_C02_R1_IMAG0274.JPG,buffalo
ASG000e9tl,S4/C02/C02_R1/S4_C02_R1_IMAG0308.JPG,buffalo
ASG000e9tl,S4/C02/C02_R1/S4_C02_R1_IMAG0309.JPG,buffalo
ASG000e9tl,S4/C02/C02_R1/S4_C02_R1_IMAG0310.JPG,buffalo
ASG000ea3h,S4/C02/C02_R1/S4_C02_R1_IMAG0326.JPG,buffalo
ASG000ea3h,S4/C02/C02_R1/S4_C02_R1_IMAG0327.JPG,buffalo
ASG000ea3h,S4/C02/C02_R1/S4_C02_R1_IMAG0328.JPG,buffalo
ASG000ea1r,S4/C02/C02_R1/S4_C02_R1_IMAG0341.JPG,buffalo
ASG000ea1r,S4/C02/C02_R1/S4_C02_R1_IMAG0342.JPG,buffalo
ASG000ea1r,S4/C02/C02_R1/S4_C02_R1_IMAG0343.JPG,buffalo
ASG000e9t6,S4/C02/C02_R1/S4_C02_R1_IMAG0374.JPG,buffalo
ASG000e9t6,S4/C02/C02_R1/S4_C02_R1_IMAG0375.JPG,buffalo
ASG000e9t6,S4/C02/C02_R1/S4_C02_R1_IMAG0376.JPG,buffalo
ASG000e9uv,S4/C02/C02_R1/S4_C02_R1_IMAG0467.JPG,warthog
ASG000e9uv,S4/C02/C02_R1/S4_C02_R1_IMAG0468.JPG,warthog
ASG000e9uv,S4/C02/C02_R1/S4_C02_R1_IMAG0469.JPG,warthog
ASG000e9wx,S4/C02/C02_R1/S4_C02_R1_IMAG1136.JPG,warthog
ASG000e9wx,S4/C02/C02_R1/S4_C02_R1_IMAG1137.JPG,warthog
ASG000e9wx,S4/C02/C02_R1/S4_C02_R1_IMAG1138.JPG,warthog
ASG000ea0c,S4/C02/C02_R1/S4_C02_R1_IMAG2286.JPG,hartebeest
ASG000ea0c,S4/C02/C02_R1/S4_C02_R1_IMAG2287.JPG,hartebeest
ASG000ea0c,S4/C02/C02_R1/S4_C02_R1_IMAG2288.JPG,hartebeest
ASG000ea54,S4/C02/C02_R1/S4_C02_R1_IMAG2328.JPG,impala
ASG000ea54,S4/C02/C02_R1/S4_C02_R1_IMAG2329.JPG,impala
ASG000ea54,S4/C02/C02_R1/S4_C02_R1_IMAG2330.JPG,impala
ASG000e9x0,S4/C02/C02_R1/S4_C02_R1_IMAG2334.JPG,impala
ASG000e9x0,S4/C02/C02_R1/S4_C02_R1_IMAG2335.JPG,impala
ASG000e9x0,S4/C02/C02_R1/S4_C02_R1_IMAG2336.JPG,impala
ASG000b4yi,S4/C03/C03_R1/S4_C03_R1_IMAG0105.JPG,elephant
ASG000b4yi,S4/C03/C03_R1/S4_C03_R1_IMAG0106.JPG,elephant
ASG000b4yi,S4/C03/C03_R1/S4_C03_R1_IMAG0107.JPG,elephant
ASG000b51i,S4/C03/C03_R1/S4_C03_R1_IMAG0170.JPG,buffalo
ASG000b50u,S4/C03/C03_R1/S4_C03_R1_IMAG0213.JPG,giraffe
ASG000b50u,S4/C03/C03_R1/S4_C03_R1_IMAG0214.JPG,giraffe
ASG000b50u,S4/C03/C03_R1/S4_C03_R1_IMAG0215.JPG,giraffe
ASG000b51h,S4/C03/C03_R1/S4_C03_R1_IMAG0260.JPG,zebra
ASG000b4y1,S4/C03/C03_R1/S4_C03_R1_IMAG0270.JPG,warthog
ASG000b4y1,S4/C03/C03_R1/S4_C03_R1_IMAG0271.JPG,warthog
ASG000b4y1,S4/C03/C03_R1/S4_C03_R1_IMAG0272.JPG,warthog
ASG000b514,S4/C03/C03_R1/S4_C03_R1_IMAG0328.JPG,wildebeest
ASG000c516,S4/C04/C04_R2/S4_C04_R2_IMAG0097.JPG,elephant
ASG000c516,S4/C04/C04_R2/S4_C04_R2_IMAG0098.JPG,elephant
ASG000c516,S4/C04/C04_R2/S4_C04_R2_IMAG0099.JPG,elephant
ASG000dpcx,S4/C05/C05_R2/S4_C05_R2_IMAG0092.JPG,wildebeest
ASG000elzr,S4/C06/C06_R1/S4_C06_R1_IMAG0048.JPG,buffalo
ASG000elzr,S4/C06/C06_R1/S4_C06_R1_IMAG0049.JPG,buffalo
ASG000elzr,S4/C06/C06_R1/S4_C06_R1_IMAG0050.JPG,buffalo
ASG000em0r,S4/C06/C06_R1/S4_C06_R1_IMAG0054.JPG,buffalo
ASG000em0r,S4/C06/C06_R1/S4_C06_R1_IMAG0055.JPG,buffalo
ASG000em0r,S4/C06/C06_R1/S4_C06_R1_IMAG0056.JPG,buffalo
ASG000em1h,S4/C06/C06_R1/S4_C06_R1_IMAG0066.JPG,buffalo
ASG000em1h,S4/C06/C06_R1/S4_C06_R1_IMAG0067.JPG,buffalo
ASG000em1h,S4/C06/C06_R1/S4_C06_R1_IMAG0068.JPG,buffalo
ASG000embx,S4/C06/C06_R2/S4_C06_R2_IMAG0135.JPG,zebra
ASG000emar,S4/C06/C06_R2/S4_C06_R2_IMAG0175.JPG,zebra
ASG000em9s,S4/C06/C06_R2/S4_C06_R2_IMAG0187.JPG,zebra
ASG000em9s,S4/C06/C06_R2/S4_C06_R2_IMAG0188.JPG,zebra
ASG000em9s,S4/C06/C06_R2/S4_C06_R2_IMAG0189.JPG,zebra
ASG000emeb,S4/C06/C06_R2/S4_C06_R2_IMAG0242.JPG,zebra
ASG000em8c,S4/C06/C06_R2/S4_C06_R2_IMAG0291.JPG,zebra
ASG000em8c,S4/C06/C06_R2/S4_C06_R2_IMAG0292.JPG,zebra
ASG000em8c,S4/C06/C06_R2/S4_C06_R2_IMAG0293.JPG,zebra
ASG000em2o,S4/C06/C06_R2/S4_C06_R2_IMAG0300.JPG,zebra
ASG000em2o,S4/C06/C06_R2/S4_C06_R2_IMAG0301.JPG,zebra
ASG000em2o,S4/C06/C06_R2/S4_C06_R2_IMAG0302.JPG,zebra
ASG000em5s,S4/C06/C06_R2/S4_C06_R2_IMAG0332.JPG,zebra
ASG000emay,S4/C06/C06_R2/S4_C06_R2_IMAG0341.JPG,zebra
ASG000em6c,S4/C06/C06_R2/S4_C06_R2_IMAG0455.JPG,wildebeest
ASG000em6c,S4/C06/C06_R2/S4_C06_R2_IMAG0456.JPG,wildebeest
ASG000em6c,S4/C06/C06_R2/S4_C06_R2_IMAG0457.JPG,wildebeest
ASG000emja,S4/C06/C06_R2/S4_C06_R2_IMAG0464.JPG,zebra
ASG000emif,S4/C06/C06_R2/S4_C06_R2_IMAG0487.JPG,zebra
ASG000em25,S4/C06/C06_R2/S4_C06_R2_IMAG0553.JPG,wildebeest
ASG000em25,S4/C06/C06_R2/S4_C06_R2_IMAG0554.JPG,wildebeest
ASG000em25,S4/C06/C06_R2/S4_C06_R2_IMAG0555.JPG,wildebeest
ASG000em6h,S4/C06/C06_R2/S4_C06_R2_IMAG0571.JPG,zebra
ASG000em6h,S4/C06/C06_R2/S4_C06_R2_IMAG0572.JPG,zebra
ASG000em6h,S4/C06/C06_R2/S4_C06_R2_IMAG0573.JPG,zebra
ASG000emed,S4/C06/C06_R2/S4_C06_R2_IMAG0622.JPG,wildebeest
ASG000emed,S4/C06/C06_R2/S4_C06_R2_IMAG0623.JPG,wildebeest
ASG000emed,S4/C06/C06_R2/S4_C06_R2_IMAG0624.JPG,wildebeest
ASG000em90,S4/C06/C06_R2/S4_C06_R2_IMAG0700.JPG,wildebeest
ASG000em90,S4/C06/C06_R2/S4_C06_R2_IMAG0701.JPG,wildebeest
ASG000em90,S4/C06/C06_R2/S4_C06_R2_IMAG0702.JPG,wildebeest
ASG000em2x,S4/C06/C06_R2/S4_C06_R2_IMAG0712.JPG,wildebeest
ASG000em2x,S4/C06/C06_R2/S4_C06_R2_IMAG0713.JPG,wildebeest
ASG000em2x,S4/C06/C06_R2/S4_C06_R2_IMAG0714.JPG,wildebeest
ASG000em68,S4/C06/C06_R2/S4_C06_R2_IMAG0742.JPG,wildebeest
ASG000em68,S4/C06/C06_R2/S4_C06_R2_IMAG0743.JPG,wildebeest
ASG000em68,S4/C06/C06_R2/S4_C06_R2_IMAG0744.JPG,wildebeest
ASG000embq,S4/C06/C06_R2/S4_C06_R2_IMAG0805.JPG,wildebeest
ASG000embq,S4/C06/C06_R2/S4_C06_R2_IMAG0806.JPG,wildebeest
ASG000embq,S4/C06/C06_R2/S4_C06_R2_IMAG0807.JPG,wildebeest
ASG000em5h,S4/C06/C06_R2/S4_C06_R2_IMAG0829.JPG,wildebeest
ASG000em5h,S4/C06/C06_R2/S4_C06_R2_IMAG0830.JPG,wildebeest
ASG000em5h,S4/C06/C06_R2/S4_C06_R2_IMAG0831.JPG,wildebeest
ASG000em3t,S4/C06/C06_R2/S4_C06_R2_IMAG0871.JPG,wildebeest
ASG000em3t,S4/C06/C06_R2/S4_C06_R2_IMAG0872.JPG,wildebeest
ASG000em3t,S4/C06/C06_R2/S4_C06_R2_IMAG0873.JPG,wildebeest
ASG000emcy,S4/C06/C06_R2/S4_C06_R2_IMAG0880.JPG,wildebeest
ASG000emcy,S4/C06/C06_R2/S4_C06_R2_IMAG0881.JPG,wildebeest
ASG000emcy,S4/C06/C06_R2/S4_C06_R2_IMAG0882.JPG,wildebeest
ASG000emas,S4/C06/C06_R2/S4_C06_R2_IMAG0964.JPG,wildebeest
ASG000emas,S4/C06/C06_R2/S4_C06_R2_IMAG0965.JPG,wildebeest
ASG000emas,S4/C06/C06_R2/S4_C06_R2_IMAG0966.JPG,wildebeest
ASG000emjd,S4/C06/C06_R2/S4_C06_R2_IMAG1006.JPG,zebra
ASG000emc4,S4/C06/C06_R2/S4_C06_R2_IMAG1012.JPG,wildebeest
ASG000emgh,S4/C06/C06_R2/S4_C06_R2_IMAG1047.JPG,wildebeest
ASG000emgh,S4/C06/C06_R2/S4_C06_R2_IMAG1048.JPG,wildebeest
ASG000emgh,S4/C06/C06_R2/S4_C06_R2_IMAG1049.JPG,wildebeest
ASG000em91,S4/C06/C06_R2/S4_C06_R2_IMAG1065.JPG,wildebeest
ASG000em91,S4/C06/C06_R2/S4_C06_R2_IMAG1066.JPG,wildebeest
ASG000em91,S4/C06/C06_R2/S4_C06_R2_IMAG1067.JPG,wildebeest
ASG000emfe,S4/C06/C06_R2/S4_C06_R2_IMAG1086.JPG,wildebeest
ASG000emfe,S4/C06/C06_R2/S4_C06_R2_IMAG1087.JPG,wildebeest
ASG000emfe,S4/C06/C06_R2/S4_C06_R2_IMAG1088.JPG,wildebeest
ASG000emab,S4/C06/C06_R2/S4_C06_R2_IMAG1110.JPG,wildebeest
ASG000emab,S4/C06/C06_R2/S4_C06_R2_IMAG1111.JPG,wildebeest
ASG000emab,S4/C06/C06_R2/S4_C06_R2_IMAG1112.JPG,wildebeest
ASG000emim,S4/C06/C06_R2/S4_C06_R2_IMAG1173.JPG,wildebeest
ASG000emig,S4/C06/C06_R2/S4_C06_R2_IMAG1216.JPG,zebra
ASG000dehq,S4/C07/C07_R2/S4_C07_R2_IMAG0030.JPG,zebra
ASG000dehq,S4/C07/C07_R2/S4_C07_R2_IMAG0031.JPG,zebra
ASG000dehq,S4/C07/C07_R2/S4_C07_R2_IMAG0032.JPG,zebra
ASG000deca,S4/C07/C07_R2/S4_C07_R2_IMAG0075.JPG,zebra
ASG000deca,S4/C07/C07_R2/S4_C07_R2_IMAG0076.JPG,zebra
ASG000deca,S4/C07/C07_R2/S4_C07_R2_IMAG0077.JPG,zebra
ASG000df0m,S4/C07/C07_R2/S4_C07_R2_IMAG0099.JPG,zebra
ASG000df0m,S4/C07/C07_R2/S4_C07_R2_IMAG0100.JPG,zebra
ASG000df0m,S4/C07/C07_R2/S4_C07_R2_IMAG0101.JPG,zebra
ASG000derp,S4/C07/C07_R2/S4_C07_R2_IMAG0112.JPG,zebra
ASG000deni,S4/C07/C07_R2/S4_C07_R2_IMAG0145.JPG,zebra
ASG000df2e,S4/C07/C07_R2/S4_C07_R2_IMAG0206.JPG,zebra
ASG000derz,S4/C07/C07_R2/S4_C07_R2_IMAG0326.JPG,wildebeest
ASG000df4v,S4/C07/C07_R2/S4_C07_R2_IMAG0593.JPG,zebra
ASG000df4v,S4/C07/C07_R2/S4_C07_R2_IMAG0594.JPG,zebra
ASG000df4v,S4/C07/C07_R2/S4_C07_R2_IMAG0595.JPG,zebra
ASG000deya,S4/C07/C07_R2/S4_C07_R2_IMAG0870.JPG,zebra
ASG000df69,S4/C07/C07_R2/S4_C07_R2_IMAG0871.JPG,zebra
ASG000deh2,S4/C07/C07_R2/S4_C07_R2_IMAG0905.JPG,zebra
ASG000deh2,S4/C07/C07_R2/S4_C07_R2_IMAG0906.JPG,zebra
ASG000deh2,S4/C07/C07_R2/S4_C07_R2_IMAG0907.JPG,zebra
ASG000degs,S4/C07/C07_R2/S4_C07_R2_IMAG1049.JPG,wildebeest
ASG000degs,S4/C07/C07_R2/S4_C07_R2_IMAG1050.JPG,wildebeest
ASG000degs,S4/C07/C07_R2/S4_C07_R2_IMAG1051.JPG,wildebeest
ASG000df37,S4/C07/C07_R2/S4_C07_R2_IMAG1052.JPG,wildebeest
ASG000df37,S4/C07/C07_R2/S4_C07_R2_IMAG1053.JPG,wildebeest
ASG000df37,S4/C07/C07_R2/S4_C07_R2_IMAG1054.JPG,wildebeest
ASG000degd,S4/C07/C07_R2/S4_C07_R2_IMAG1079.JPG,wildebeest
ASG000degd,S4/C07/C07_R2/S4_C07_R2_IMAG1080.JPG,wildebeest
ASG000degd,S4/C07/C07_R2/S4_C07_R2_IMAG1081.JPG,wildebeest
ASG000devm,S4/C07/C07_R2/S4_C07_R2_IMAG1094.JPG,wildebeest
ASG000devm,S4/C07/C07_R2/S4_C07_R2_IMAG1095.JPG,wildebeest
ASG000devm,S4/C07/C07_R2/S4_C07_R2_IMAG1096.JPG,wildebeest
ASG000df0d,S4/C07/C07_R2/S4_C07_R2_IMAG1112.JPG,wildebeest
ASG000df0d,S4/C07/C07_R2/S4_C07_R2_IMAG1113.JPG,wildebeest
ASG000df0d,S4/C07/C07_R2/S4_C07_R2_IMAG1114.JPG,wildebeest
ASG000df3l,S4/C07/C07_R2/S4_C07_R2_IMAG1142.JPG,wildebeest
ASG000df3l,S4/C07/C07_R2/S4_C07_R2_IMAG1143.JPG,wildebeest
ASG000df3l,S4/C07/C07_R2/S4_C07_R2_IMAG1144.JPG,wildebeest
ASG000devb,S4/C07/C07_R2/S4_C07_R2_IMAG1154.JPG,wildebeest
ASG000devb,S4/C07/C07_R2/S4_C07_R2_IMAG1155.JPG,wildebeest
ASG000devb,S4/C07/C07_R2/S4_C07_R2_IMAG1156.JPG,wildebeest
ASG000df10,S4/C07/C07_R2/S4_C07_R2_IMAG1202.JPG,wildebeest
ASG000df10,S4/C07/C07_R2/S4_C07_R2_IMAG1203.JPG,wildebeest
ASG000df10,S4/C07/C07_R2/S4_C07_R2_IMAG1204.JPG,wildebeest
ASG000dexz,S4/C07/C07_R2/S4_C07_R2_IMAG1409.JPG,wildebeest
ASG000dexz,S4/C07/C07_R2/S4_C07_R2_IMAG1410.JPG,wildebeest
ASG000dexz,S4/C07/C07_R2/S4_C07_R2_IMAG1411.JPG,wildebeest
ASG000dero,S4/C07/C07_R2/S4_C07_R2_IMAG1439.JPG,wildebeest
ASG000dero,S4/C07/C07_R2/S4_C07_R2_IMAG1440.JPG,wildebeest
ASG000dero,S4/C07/C07_R2/S4_C07_R2_IMAG1441.JPG,wildebeest
ASG000df0u,S4/C07/C07_R2/S4_C07_R2_IMAG1448.JPG,wildebeest
ASG000df0u,S4/C07/C07_R2/S4_C07_R2_IMAG1449.JPG,wildebeest
ASG000df0u,S4/C07/C07_R2/S4_C07_R2_IMAG1450.JPG,wildebeest
ASG000df0w,S4/C07/C07_R2/S4_C07_R2_IMAG1508.JPG,wildebeest
ASG000df0w,S4/C07/C07_R2/S4_C07_R2_IMAG1509.JPG,wildebeest
ASG000df0w,S4/C07/C07_R2/S4_C07_R2_IMAG1510.JPG,wildebeest
ASG000def3,S4/C07/C07_R2/S4_C07_R2_IMAG1511.JPG,wildebeest
ASG000def3,S4/C07/C07_R2/S4_C07_R2_IMAG1512.JPG,wildebeest
ASG000def3,S4/C07/C07_R2/S4_C07_R2_IMAG1513.JPG,wildebeest
ASG000deft,S4/C07/C07_R2/S4_C07_R2_IMAG1514.JPG,wildebeest
ASG000deft,S4/C07/C07_R2/S4_C07_R2_IMAG1515.JPG,wildebeest
ASG000deft,S4/C07/C07_R2/S4_C07_R2_IMAG1516.JPG,wildebeest
ASG000dey1,S4/C07/C07_R2/S4_C07_R2_IMAG1547.JPG,wildebeest
ASG000dey1,S4/C07/C07_R2/S4_C07_R2_IMAG1548.JPG,wildebeest
ASG000dey1,S4/C07/C07_R2/S4_C07_R2_IMAG1549.JPG,wildebeest
ASG000dea6,S4/C07/C07_R2/S4_C07_R2_IMAG1553.JPG,wildebeest
ASG000dea6,S4/C07/C07_R2/S4_C07_R2_IMAG1554.JPG,wildebeest
ASG000dea6,S4/C07/C07_R2/S4_C07_R2_IMAG1555.JPG,wildebeest
ASG000df05,S4/C07/C07_R2/S4_C07_R2_IMAG1616.JPG,wildebeest
ASG000df05,S4/C07/C07_R2/S4_C07_R2_IMAG1617.JPG,wildebeest
ASG000df05,S4/C07/C07_R2/S4_C07_R2_IMAG1618.JPG,wildebeest
ASG000dein,S4/C07/C07_R2/S4_C07_R2_IMAG1751.JPG,wildebeest
ASG000dein,S4/C07/C07_R2/S4_C07_R2_IMAG1752.JPG,wildebeest
ASG000dein,S4/C07/C07_R2/S4_C07_R2_IMAG1753.JPG,wildebeest
ASG000deto,S4/C07/C07_R2/S4_C07_R2_IMAG1805.JPG,wildebeest
ASG000deto,S4/C07/C07_R2/S4_C07_R2_IMAG1806.JPG,wildebeest
ASG000deto,S4/C07/C07_R2/S4_C07_R2_IMAG1807.JPG,wildebeest
ASG000denq,S4/C07/C07_R2/S4_C07_R2_IMAG1859.JPG,wildebeest
ASG000denq,S4/C07/C07_R2/S4_C07_R2_IMAG1860.JPG,wildebeest
ASG000denq,S4/C07/C07_R2/S4_C07_R2_IMAG1861.JPG,wildebeest
ASG000dem7,S4/C07/C07_R2/S4_C07_R2_IMAG1883.JPG,wildebeest
ASG000dem7,S4/C07/C07_R2/S4_C07_R2_IMAG1884.JPG,wildebeest
ASG000dem7,S4/C07/C07_R2/S4_C07_R2_IMAG1885.JPG,wildebeest
ASG000deqd,S4/C07/C07_R2/S4_C07_R2_IMAG1931.JPG,wildebeest
ASG000deqd,S4/C07/C07_R2/S4_C07_R2_IMAG1932.JPG,wildebeest
ASG000deqd,S4/C07/C07_R2/S4_C07_R2_IMAG1933.JPG,wildebeest
ASG000dea3,S4/C07/C07_R2/S4_C07_R2_IMAG2021.JPG,wildebeest
ASG000dea3,S4/C07/C07_R2/S4_C07_R2_IMAG2022.JPG,wildebeest
ASG000dea3,S4/C07/C07_R2/S4_C07_R2_IMAG2023.JPG,wildebeest
ASG000dek8,S4/C07/C07_R2/S4_C07_R2_IMAG2078.JPG,wildebeest
ASG000dek8,S4/C07/C07_R2/S4_C07_R2_IMAG2079.JPG,wildebeest
ASG000dek8,S4/C07/C07_R2/S4_C07_R2_IMAG2080.JPG,wildebeest
ASG000dey0,S4/C07/C07_R2/S4_C07_R2_IMAG2162.JPG,wildebeest
ASG000dey0,S4/C07/C07_R2/S4_C07_R2_IMAG2163.JPG,wildebeest
ASG000dey0,S4/C07/C07_R2/S4_C07_R2_IMAG2164.JPG,wildebeest
ASG000denj,S4/C07/C07_R2/S4_C07_R2_IMAG2165.JPG,wildebeest
ASG000denj,S4/C07/C07_R2/S4_C07_R2_IMAG2166.JPG,wildebeest
ASG000denj,S4/C07/C07_R2/S4_C07_R2_IMAG2167.JPG,wildebeest
ASG000dem5,S4/C07/C07_R2/S4_C07_R2_IMAG2183.JPG,wildebeest
ASG000dem5,S4/C07/C07_R2/S4_C07_R2_IMAG2184.JPG,wildebeest
ASG000dem5,S4/C07/C07_R2/S4_C07_R2_IMAG2185.JPG,wildebeest
ASG000deuh,S4/C07/C07_R2/S4_C07_R2_IMAG2279.JPG,zebra
ASG000demh,S4/C07/C07_R2/S4_C07_R2_IMAG2295.JPG,zebra
ASG000denv,S4/C07/C07_R2/S4_C07_R2_IMAG2329.JPG,wildebeest
ASG000df6k,S4/C07/C07_R2/S4_C07_R2_IMAG2332.JPG,wildebeest
ASG000deog,S4/C07/C07_R2/S4_C07_R2_IMAG2355.JPG,zebra
ASG000den4,S4/C07/C07_R2/S4_C07_R2_IMAG2360.JPG,wildebeest
ASG000df4g,S4/C07/C07_R2/S4_C07_R2_IMAG2397.JPG,wildebeest
ASG000df4g,S4/C07/C07_R2/S4_C07_R2_IMAG2398.JPG,wildebeest
ASG000df4g,S4/C07/C07_R2/S4_C07_R2_IMAG2399.JPG,wildebeest
ASG000dezl,S4/C07/C07_R2/S4_C07_R2_IMAG2530.JPG,wildebeest
ASG000deux,S4/C07/C07_R2/S4_C07_R2_IMAG2614.JPG,zebra
ASG000deux,S4/C07/C07_R2/S4_C07_R2_IMAG2615.JPG,zebra
ASG000deux,S4/C07/C07_R2/S4_C07_R2_IMAG2616.JPG,zebra
ASG000df09,S4/C07/C07_R2/S4_C07_R2_IMAG2629.JPG,wildebeest
ASG000df09,S4/C07/C07_R2/S4_C07_R2_IMAG2630.JPG,wildebeest
ASG000df09,S4/C07/C07_R2/S4_C07_R2_IMAG2631.JPG,wildebeest
ASG000e7b2,S4/C08/C08_R1/S4_C08_R1_IMAG0554.JPG,gazelleThomsons
ASG000e7b2,S4/C08/C08_R1/S4_C08_R1_IMAG0555.JPG,gazelleThomsons
ASG000e7b2,S4/C08/C08_R1/S4_C08_R1_IMAG0556.JPG,gazelleThomsons
ASG000e7a1,S4/C08/C08_R1/S4_C08_R1_IMAG0557.JPG,gazelleThomsons
ASG000e7a1,S4/C08/C08_R1/S4_C08_R1_IMAG0558.JPG,gazelleThomsons
ASG000e7a1,S4/C08/C08_R1/S4_C08_R1_IMAG0559.JPG,gazelleThomsons
ASG000e6y0,S4/C08/C08_R2/S4_C08_R2_IMAG0084.JPG,gazelleThomsons
ASG000e6y0,S4/C08/C08_R2/S4_C08_R2_IMAG0085.JPG,gazelleThomsons
ASG000e6y0,S4/C08/C08_R2/S4_C08_R2_IMAG0086.JPG,gazelleThomsons
ASG000e6p8,S4/C08/C08_R2/S4_C08_R2_IMAG0130.JPG,wildebeest
ASG000e6p8,S4/C08/C08_R2/S4_C08_R2_IMAG0131.JPG,wildebeest
ASG000e6p8,S4/C08/C08_R2/S4_C08_R2_IMAG0132.JPG,wildebeest
ASG000e6ug,S4/C08/C08_R2/S4_C08_R2_IMAG0163.JPG,wildebeest
ASG000e6ug,S4/C08/C08_R2/S4_C08_R2_IMAG0164.JPG,wildebeest
ASG000e6ug,S4/C08/C08_R2/S4_C08_R2_IMAG0165.JPG,wildebeest
ASG000e6k9,S4/C08/C08_R2/S4_C08_R2_IMAG0175.JPG,wildebeest
ASG000e6k9,S4/C08/C08_R2/S4_C08_R2_IMAG0176.JPG,wildebeest
ASG000e6k9,S4/C08/C08_R2/S4_C08_R2_IMAG0177.JPG,wildebeest
ASG000e76c,S4/C08/C08_R2/S4_C08_R2_IMAG0266.JPG,wildebeest
ASG000e76c,S4/C08/C08_R2/S4_C08_R2_IMAG0267.JPG,wildebeest
ASG000e76c,S4/C08/C08_R2/S4_C08_R2_IMAG0268.JPG,wildebeest
ASG000e6ze,S4/C08/C08_R2/S4_C08_R2_IMAG0275.JPG,wildebeest
ASG000e6ze,S4/C08/C08_R2/S4_C08_R2_IMAG0276.JPG,wildebeest
ASG000e6ze,S4/C08/C08_R2/S4_C08_R2_IMAG0277.JPG,wildebeest
ASG000e6rd,S4/C08/C08_R2/S4_C08_R2_IMAG0465.JPG,wildebeest
ASG000e6rd,S4/C08/C08_R2/S4_C08_R2_IMAG0466.JPG,wildebeest
ASG000e6rd,S4/C08/C08_R2/S4_C08_R2_IMAG0467.JPG,wildebeest
ASG000e71z,S4/C08/C08_R2/S4_C08_R2_IMAG0498.JPG,wildebeest
ASG000e71z,S4/C08/C08_R2/S4_C08_R2_IMAG0499.JPG,wildebeest
ASG000e71z,S4/C08/C08_R2/S4_C08_R2_IMAG0500.JPG,wildebeest
ASG000e6y3,S4/C08/C08_R2/S4_C08_R2_IMAG0510.JPG,wildebeest
ASG000e6y3,S4/C08/C08_R2/S4_C08_R2_IMAG0511.JPG,wildebeest
ASG000e6y3,S4/C08/C08_R2/S4_C08_R2_IMAG0512.JPG,wildebeest
ASG000e6q2,S4/C08/C08_R2/S4_C08_R2_IMAG0528.JPG,wildebeest
ASG000e6q2,S4/C08/C08_R2/S4_C08_R2_IMAG0529.JPG,wildebeest
ASG000e6q2,S4/C08/C08_R2/S4_C08_R2_IMAG0530.JPG,wildebeest
ASG000e6wt,S4/C08/C08_R2/S4_C08_R2_IMAG0570.JPG,wildebeest
ASG000e6wt,S4/C08/C08_R2/S4_C08_R2_IMAG0571.JPG,wildebeest
ASG000e6wt,S4/C08/C08_R2/S4_C08_R2_IMAG0572.JPG,wildebeest
ASG000e6v8,S4/C08/C08_R2/S4_C08_R2_IMAG0579.JPG,wildebeest
ASG000e6v8,S4/C08/C08_R2/S4_C08_R2_IMAG0580.JPG,wildebeest
ASG000e6v8,S4/C08/C08_R2/S4_C08_R2_IMAG0581.JPG,wildebeest
ASG000e6md,S4/C08/C08_R2/S4_C08_R2_IMAG0714.JPG,wildebeest
ASG000e6md,S4/C08/C08_R2/S4_C08_R2_IMAG0715.JPG,wildebeest
ASG000e6md,S4/C08/C08_R2/S4_C08_R2_IMAG0716.JPG,wildebeest
ASG000e6j1,S4/C08/C08_R2/S4_C08_R2_IMAG0783.JPG,wildebeest
ASG000e6j1,S4/C08/C08_R2/S4_C08_R2_IMAG0784.JPG,wildebeest
ASG000e6j1,S4/C08/C08_R2/S4_C08_R2_IMAG0785.JPG,wildebeest
ASG000e726,S4/C08/C08_R2/S4_C08_R2_IMAG0798.JPG,wildebeest
ASG000e726,S4/C08/C08_R2/S4_C08_R2_IMAG0799.JPG,wildebeest
ASG000e726,S4/C08/C08_R2/S4_C08_R2_IMAG0800.JPG,wildebeest
ASG000e6xk,S4/C08/C08_R2/S4_C08_R2_IMAG0918.JPG,wildebeest
ASG000e6xk,S4/C08/C08_R2/S4_C08_R2_IMAG0919.JPG,wildebeest
ASG000e6xk,S4/C08/C08_R2/S4_C08_R2_IMAG0920.JPG,wildebeest
ASG000e73p,S4/C08/C08_R2/S4_C08_R2_IMAG0933.JPG,wildebeest
ASG000e73p,S4/C08/C08_R2/S4_C08_R2_IMAG0934.JPG,wildebeest
ASG000e73p,S4/C08/C08_R2/S4_C08_R2_IMAG0935.JPG,wildebeest
ASG000e74a,S4/C08/C08_R2/S4_C08_R2_IMAG1122.JPG,wildebeest
ASG000e74a,S4/C08/C08_R2/S4_C08_R2_IMAG1123.JPG,wildebeest
ASG000e74a,S4/C08/C08_R2/S4_C08_R2_IMAG1124.JPG,wildebeest
ASG000e6pv,S4/C08/C08_R2/S4_C08_R2_IMAG1125.JPG,wildebeest
ASG000e6pv,S4/C08/C08_R2/S4_C08_R2_IMAG1126.JPG,wildebeest
ASG000e6pv,S4/C08/C08_R2/S4_C08_R2_IMAG1127.JPG,wildebeest
ASG000e6y1,S4/C08/C08_R2/S4_C08_R2_IMAG1161.JPG,wildebeest
ASG000e6y1,S4/C08/C08_R2/S4_C08_R2_IMAG1162.JPG,wildebeest
ASG000e6y1,S4/C08/C08_R2/S4_C08_R2_IMAG1163.JPG,wildebeest
ASG000e70g,S4/C08/C08_R2/S4_C08_R2_IMAG1218.JPG,wildebeest
ASG000e70g,S4/C08/C08_R2/S4_C08_R2_IMAG1219.JPG,wildebeest
ASG000e70g,S4/C08/C08_R2/S4_C08_R2_IMAG1220.JPG,wildebeest
ASG000e6pq,S4/C08/C08_R2/S4_C08_R2_IMAG1230.JPG,wildebeest
ASG000e6pq,S4/C08/C08_R2/S4_C08_R2_IMAG1231.JPG,wildebeest
ASG000e6pq,S4/C08/C08_R2/S4_C08_R2_IMAG1232.JPG,wildebeest
ASG000e6na,S4/C08/C08_R2/S4_C08_R2_IMAG1239.JPG,wildebeest
ASG000e6na,S4/C08/C08_R2/S4_C08_R2_IMAG1240.JPG,wildebeest
ASG000e6na,S4/C08/C08_R2/S4_C08_R2_IMAG1241.JPG,wildebeest
ASG000e6v7,S4/C08/C08_R2/S4_C08_R2_IMAG1338.JPG,wildebeest
ASG000e6v7,S4/C08/C08_R2/S4_C08_R2_IMAG1339.JPG,wildebeest
ASG000e6v7,S4/C08/C08_R2/S4_C08_R2_IMAG1340.JPG,wildebeest
ASG000e6ux,S4/C08/C08_R2/S4_C08_R2_IMAG1344.JPG,wildebeest
ASG000e6ux,S4/C08/C08_R2/S4_C08_R2_IMAG1345.JPG,wildebeest
ASG000e6ux,S4/C08/C08_R2/S4_C08_R2_IMAG1346.JPG,wildebeest
ASG000e76o,S4/C08/C08_R2/S4_C08_R2_IMAG1428.JPG,wildebeest
ASG000e76o,S4/C08/C08_R2/S4_C08_R2_IMAG1429.JPG,wildebeest
ASG000e76o,S4/C08/C08_R2/S4_C08_R2_IMAG1430.JPG,wildebeest
ASG000e6tp,S4/C08/C08_R2/S4_C08_R2_IMAG1497.JPG,wildebeest
ASG000e6tp,S4/C08/C08_R2/S4_C08_R2_IMAG1498.JPG,wildebeest
ASG000e6tp,S4/C08/C08_R2/S4_C08_R2_IMAG1499.JPG,wildebeest
ASG000e6l7,S4/C08/C08_R2/S4_C08_R2_IMAG1500.JPG,wildebeest
ASG000e6l7,S4/C08/C08_R2/S4_C08_R2_IMAG1501.JPG,wildebeest
ASG000e6l7,S4/C08/C08_R2/S4_C08_R2_IMAG1502.JPG,wildebeest
ASG000e6vh,S4/C08/C08_R2/S4_C08_R2_IMAG1515.JPG,wildebeest
ASG000e6vh,S4/C08/C08_R2/S4_C08_R2_IMAG1516.JPG,wildebeest
ASG000e6vh,S4/C08/C08_R2/S4_C08_R2_IMAG1517.JPG,wildebeest
ASG000e70f,S4/C08/C08_R2/S4_C08_R2_IMAG1554.JPG,wildebeest
ASG000e70f,S4/C08/C08_R2/S4_C08_R2_IMAG1555.JPG,wildebeest
ASG000e70f,S4/C08/C08_R2/S4_C08_R2_IMAG1556.JPG,wildebeest
ASG000e6re,S4/C08/C08_R2/S4_C08_R2_IMAG1581.JPG,wildebeest
ASG000e6re,S4/C08/C08_R2/S4_C08_R2_IMAG1582.JPG,wildebeest
ASG000e6re,S4/C08/C08_R2/S4_C08_R2_IMAG1583.JPG,wildebeest
ASG000e6qz,S4/C08/C08_R2/S4_C08_R2_IMAG1584.JPG,wildebeest
ASG000e6qz,S4/C08/C08_R2/S4_C08_R2_IMAG1585.JPG,wildebeest
ASG000e6qz,S4/C08/C08_R2/S4_C08_R2_IMAG1586.JPG,wildebeest
ASG000e74w,S4/C08/C08_R2/S4_C08_R2_IMAG1593.JPG,wildebeest
ASG000e74w,S4/C08/C08_R2/S4_C08_R2_IMAG1594.JPG,wildebeest
ASG000e74w,S4/C08/C08_R2/S4_C08_R2_IMAG1595.JPG,wildebeest
ASG000e6mp,S4/C08/C08_R2/S4_C08_R2_IMAG1599.JPG,wildebeest
ASG000e6mp,S4/C08/C08_R2/S4_C08_R2_IMAG1600.JPG,wildebeest
ASG000e6mp,S4/C08/C08_R2/S4_C08_R2_IMAG1601.JPG,wildebeest
ASG000e6lf,S4/C08/C08_R2/S4_C08_R2_IMAG1614.JPG,wildebeest
ASG000e6lf,S4/C08/C08_R2/S4_C08_R2_IMAG1615.JPG,wildebeest
ASG000e6lf,S4/C08/C08_R2/S4_C08_R2_IMAG1616.JPG,wildebeest
ASG000e6ri,S4/C08/C08_R2/S4_C08_R2_IMAG1647.JPG,wildebeest
ASG000e6ri,S4/C08/C08_R2/S4_C08_R2_IMAG1648.JPG,wildebeest
ASG000e6ri,S4/C08/C08_R2/S4_C08_R2_IMAG1649.JPG,wildebeest
ASG000e6z9,S4/C08/C08_R2/S4_C08_R2_IMAG1725.JPG,wildebeest
ASG000e6z9,S4/C08/C08_R2/S4_C08_R2_IMAG1726.JPG,wildebeest
ASG000e6z9,S4/C08/C08_R2/S4_C08_R2_IMAG1727.JPG,wildebeest
ASG000e6kb,S4/C08/C08_R2/S4_C08_R2_IMAG1734.JPG,wildebeest
ASG000e6kb,S4/C08/C08_R2/S4_C08_R2_IMAG1735.JPG,wildebeest
ASG000e6kb,S4/C08/C08_R2/S4_C08_R2_IMAG1736.JPG,wildebeest
ASG000e75q,S4/C08/C08_R2/S4_C08_R2_IMAG1737.JPG,wildebeest
ASG000e75q,S4/C08/C08_R2/S4_C08_R2_IMAG1738.JPG,wildebeest
ASG000e75q,S4/C08/C08_R2/S4_C08_R2_IMAG1739.JPG,wildebeest
ASG000e6id,S4/C08/C08_R2/S4_C08_R2_IMAG1740.JPG,wildebeest
ASG000e6id,S4/C08/C08_R2/S4_C08_R2_IMAG1741.JPG,wildebeest
ASG000e6id,S4/C08/C08_R2/S4_C08_R2_IMAG1742.JPG,wildebeest
ASG000e711,S4/C08/C08_R2/S4_C08_R2_IMAG1752.JPG,wildebeest
ASG000e711,S4/C08/C08_R2/S4_C08_R2_IMAG1753.JPG,wildebeest
ASG000e711,S4/C08/C08_R2/S4_C08_R2_IMAG1754.JPG,wildebeest
ASG000e6wc,S4/C08/C08_R2/S4_C08_R2_IMAG1755.JPG,wildebeest
ASG000e6wc,S4/C08/C08_R2/S4_C08_R2_IMAG1756.JPG,wildebeest
ASG000e6wc,S4/C08/C08_R2/S4_C08_R2_IMAG1757.JPG,wildebeest
ASG000e6wb,S4/C08/C08_R2/S4_C08_R2_IMAG1785.JPG,wildebeest
ASG000e6wb,S4/C08/C08_R2/S4_C08_R2_IMAG1786.JPG,wildebeest
ASG000e6wb,S4/C08/C08_R2/S4_C08_R2_IMAG1787.JPG,wildebeest
ASG000e75d,S4/C08/C08_R2/S4_C08_R2_IMAG1866.JPG,wildebeest
ASG000e75d,S4/C08/C08_R2/S4_C08_R2_IMAG1867.JPG,wildebeest
ASG000e75d,S4/C08/C08_R2/S4_C08_R2_IMAG1868.JPG,wildebeest
ASG000e6xe,S4/C08/C08_R2/S4_C08_R2_IMAG1935.JPG,wildebeest
ASG000e6xe,S4/C08/C08_R2/S4_C08_R2_IMAG1936.JPG,wildebeest
ASG000e6xe,S4/C08/C08_R2/S4_C08_R2_IMAG1937.JPG,wildebeest
ASG000e6kr,S4/C08/C08_R2/S4_C08_R2_IMAG1974.JPG,wildebeest
ASG000e6kr,S4/C08/C08_R2/S4_C08_R2_IMAG1975.JPG,wildebeest
ASG000e6kr,S4/C08/C08_R2/S4_C08_R2_IMAG1976.JPG,wildebeest
ASG000e6qr,S4/C08/C08_R2/S4_C08_R2_IMAG2022.JPG,wildebeest
ASG000e6qr,S4/C08/C08_R2/S4_C08_R2_IMAG2023.JPG,wildebeest
ASG000e6qr,S4/C08/C08_R2/S4_C08_R2_IMAG2024.JPG,wildebeest
ASG000e6rq,S4/C08/C08_R2/S4_C08_R2_IMAG2100.JPG,wildebeest
ASG000e6rq,S4/C08/C08_R2/S4_C08_R2_IMAG2101.JPG,wildebeest
ASG000e6rq,S4/C08/C08_R2/S4_C08_R2_IMAG2102.JPG,wildebeest
ASG000e763,S4/C08/C08_R2/S4_C08_R2_IMAG2127.JPG,wildebeest
ASG000e763,S4/C08/C08_R2/S4_C08_R2_IMAG2128.JPG,wildebeest
ASG000e763,S4/C08/C08_R2/S4_C08_R2_IMAG2129.JPG,wildebeest
ASG000e70v,S4/C08/C08_R2/S4_C08_R2_IMAG2136.JPG,wildebeest
ASG000e70v,S4/C08/C08_R2/S4_C08_R2_IMAG2137.JPG,wildebeest
ASG000e70v,S4/C08/C08_R2/S4_C08_R2_IMAG2138.JPG,wildebeest
ASG000e6xm,S4/C08/C08_R2/S4_C08_R2_IMAG2160.JPG,wildebeest
ASG000e6xm,S4/C08/C08_R2/S4_C08_R2_IMAG2161.JPG,wildebeest
ASG000e6xm,S4/C08/C08_R2/S4_C08_R2_IMAG2162.JPG,wildebeest
ASG000e72n,S4/C08/C08_R2/S4_C08_R2_IMAG2169.JPG,wildebeest
ASG000e72n,S4/C08/C08_R2/S4_C08_R2_IMAG2170.JPG,wildebeest
ASG000e72n,S4/C08/C08_R2/S4_C08_R2_IMAG2171.JPG,wildebeest
ASG000e6jk,S4/C08/C08_R2/S4_C08_R2_IMAG2187.JPG,wildebeest
ASG000e6jk,S4/C08/C08_R2/S4_C08_R2_IMAG2188.JPG,wildebeest
ASG000e6jk,S4/C08/C08_R2/S4_C08_R2_IMAG2189.JPG,wildebeest
ASG000e6yy,S4/C08/C08_R2/S4_C08_R2_IMAG2258.JPG,wildebeest
ASG000e6vw,S4/C08/C08_R2/S4_C08_R2_IMAG2304.JPG,wildebeest
ASG000e6vw,S4/C08/C08_R2/S4_C08_R2_IMAG2305.JPG,wildebeest
ASG000e6vw,S4/C08/C08_R2/S4_C08_R2_IMAG2306.JPG,wildebeest
ASG000e6k8,S4/C08/C08_R2/S4_C08_R2_IMAG2319.JPG,wildebeest
ASG000e6k8,S4/C08/C08_R2/S4_C08_R2_IMAG2320.JPG,wildebeest
ASG000e6k8,S4/C08/C08_R2/S4_C08_R2_IMAG2321.JPG,wildebeest
ASG000e6rh,S4/C08/C08_R2/S4_C08_R2_IMAG2331.JPG,wildebeest
ASG000e6rh,S4/C08/C08_R2/S4_C08_R2_IMAG2332.JPG,wildebeest
ASG000e6rh,S4/C08/C08_R2/S4_C08_R2_IMAG2333.JPG,wildebeest
ASG000b7m6,S4/C09/C09_R2/S4_C09_R2_IMAG0043.JPG,zebra
ASG000b7m6,S4/C09/C09_R2/S4_C09_R2_IMAG0044.JPG,zebra
ASG000b7m6,S4/C09/C09_R2/S4_C09_R2_IMAG0045.JPG,zebra
ASG000b7nl,S4/C09/C09_R2/S4_C09_R2_IMAG0095.JPG,zebra
ASG000b7ug,S4/C09/C09_R2/S4_C09_R2_IMAG1612.JPG,zebra
ASG000b7yr,S4/C09/C09_R2/S4_C09_R2_IMAG1613.JPG,zebra
ASG000b7ey,S4/C09/C09_R3/S4_C09_R3_IMAG2816.JPG,buffalo
ASG000b7ey,S4/C09/C09_R3/S4_C09_R3_IMAG2817.JPG,buffalo
ASG000b7ey,S4/C09/C09_R3/S4_C09_R3_IMAG2818.JPG,buffalo
ASG000bgup,S4/C10/C10_R1/S4_C10_R1_IMAG0013.JPG,warthog
ASG000bgup,S4/C10/C10_R1/S4_C10_R1_IMAG0014.JPG,warthog
ASG000bgup,S4/C10/C10_R1/S4_C10_R1_IMAG0015.JPG,warthog
ASG000bgnq,S4/C10/C10_R1/S4_C10_R1_IMAG0205.JPG,warthog
ASG000bgnq,S4/C10/C10_R1/S4_C10_R1_IMAG0206.JPG,warthog
ASG000bgnq,S4/C10/C10_R1/S4_C10_R1_IMAG0207.JPG,warthog
ASG000bha7,S4/C10/C10_R1/S4_C10_R1_IMAG0299.JPG,zebra
ASG000bh4n,S4/C10/C10_R1/S4_C10_R1_IMAG0300.JPG,zebra
ASG000bgn0,S4/C10/C10_R1/S4_C10_R1_IMAG0353.JPG,zebra
ASG000bh22,S4/C10/C10_R1/S4_C10_R1_IMAG0371.JPG,zebra
ASG000bh5c,S4/C10/C10_R1/S4_C10_R1_IMAG0375.JPG,zebra
ASG000bgu0,S4/C10/C10_R1/S4_C10_R1_IMAG0379.JPG,zebra
ASG000bh88,S4/C10/C10_R1/S4_C10_R1_IMAG0502.JPG,zebra
ASG000bh88,S4/C10/C10_R1/S4_C10_R1_IMAG0503.JPG,zebra
ASG000bh88,S4/C10/C10_R1/S4_C10_R1_IMAG0504.JPG,zebra
ASG000bglz,S4/C10/C10_R1/S4_C10_R1_IMAG0505.JPG,zebra
ASG000bglz,S4/C10/C10_R1/S4_C10_R1_IMAG0506.JPG,zebra
ASG000bglz,S4/C10/C10_R1/S4_C10_R1_IMAG0507.JPG,zebra
ASG000bgvu,S4/C10/C10_R1/S4_C10_R1_IMAG0563.JPG,zebra
ASG000bgvu,S4/C10/C10_R1/S4_C10_R1_IMAG0564.JPG,zebra
ASG000bgvu,S4/C10/C10_R1/S4_C10_R1_IMAG0565.JPG,zebra
ASG000bh9b,S4/C10/C10_R1/S4_C10_R1_IMAG0603.JPG,zebra
ASG000bgzp,S4/C10/C10_R1/S4_C10_R1_IMAG0617.JPG,zebra
ASG000bh1b,S4/C10/C10_R1/S4_C10_R1_IMAG0641.JPG,zebra
ASG000bgym,S4/C10/C10_R1/S4_C10_R1_IMAG0650.JPG,zebra
ASG000bgoj,S4/C10/C10_R1/S4_C10_R1_IMAG0794.JPG,zebra
ASG000bgoj,S4/C10/C10_R1/S4_C10_R1_IMAG0795.JPG,zebra
ASG000bgoj,S4/C10/C10_R1/S4_C10_R1_IMAG0796.JPG,zebra
ASG000bgsa,S4/C10/C10_R1/S4_C10_R1_IMAG0806.JPG,wildebeest
ASG000bgsa,S4/C10/C10_R1/S4_C10_R1_IMAG0807.JPG,wildebeest
ASG000bgsa,S4/C10/C10_R1/S4_C10_R1_IMAG0808.JPG,wildebeest
ASG000bgr3,S4/C10/C10_R1/S4_C10_R1_IMAG0860.JPG,wildebeest
ASG000bgr3,S4/C10/C10_R1/S4_C10_R1_IMAG0861.JPG,wildebeest
ASG000bgr3,S4/C10/C10_R1/S4_C10_R1_IMAG0862.JPG,wildebeest
ASG000bh20,S4/C10/C10_R1/S4_C10_R1_IMAG0875.JPG,zebra
ASG000bh20,S4/C10/C10_R1/S4_C10_R1_IMAG0876.JPG,zebra
ASG000bh20,S4/C10/C10_R1/S4_C10_R1_IMAG0877.JPG,zebra
ASG000bgnx,S4/C10/C10_R1/S4_C10_R1_IMAG0887.JPG,wildebeest
ASG000bgnx,S4/C10/C10_R1/S4_C10_R1_IMAG0888.JPG,wildebeest
ASG000bgnx,S4/C10/C10_R1/S4_C10_R1_IMAG0889.JPG,wildebeest
ASG000bgxv,S4/C10/C10_R1/S4_C10_R1_IMAG0890.JPG,wildebeest
ASG000bgxv,S4/C10/C10_R1/S4_C10_R1_IMAG0891.JPG,wildebeest
ASG000bgxv,S4/C10/C10_R1/S4_C10_R1_IMAG0892.JPG,wildebeest
ASG000bh5m,S4/C10/C10_R1/S4_C10_R1_IMAG0953.JPG,wildebeest
ASG000bh5m,S4/C10/C10_R1/S4_C10_R1_IMAG0954.JPG,wildebeest
ASG000bh5m,S4/C10/C10_R1/S4_C10_R1_IMAG0955.JPG,wildebeest
ASG000bh67,S4/C10/C10_R1/S4_C10_R1_IMAG0992.JPG,wildebeest
ASG000bh67,S4/C10/C10_R1/S4_C10_R1_IMAG0993.JPG,wildebeest
ASG000bh67,S4/C10/C10_R1/S4_C10_R1_IMAG0994.JPG,wildebeest
ASG000bh15,S4/C10/C10_R1/S4_C10_R1_IMAG1004.JPG,wildebeest
ASG000bh15,S4/C10/C10_R1/S4_C10_R1_IMAG1005.JPG,wildebeest
ASG000bh15,S4/C10/C10_R1/S4_C10_R1_IMAG1006.JPG,wildebeest
ASG000bgm3,S4/C10/C10_R1/S4_C10_R1_IMAG1079.JPG,wildebeest
ASG000bgm3,S4/C10/C10_R1/S4_C10_R1_IMAG1080.JPG,wildebeest
ASG000bgm3,S4/C10/C10_R1/S4_C10_R1_IMAG1081.JPG,wildebeest
ASG000bgom,S4/C10/C10_R1/S4_C10_R1_IMAG1106.JPG,wildebeest
ASG000bgom,S4/C10/C10_R1/S4_C10_R1_IMAG1107.JPG,wildebeest
ASG000bgom,S4/C10/C10_R1/S4_C10_R1_IMAG1108.JPG,wildebeest
ASG000bgqa,S4/C10/C10_R1/S4_C10_R1_IMAG1148.JPG,wildebeest
ASG000bgqa,S4/C10/C10_R1/S4_C10_R1_IMAG1149.JPG,wildebeest
ASG000bgqa,S4/C10/C10_R1/S4_C10_R1_IMAG1150.JPG,wildebeest
ASG000bgrz,S4/C10/C10_R1/S4_C10_R1_IMAG1520.JPG,wildebeest
ASG000bgrz,S4/C10/C10_R1/S4_C10_R1_IMAG1521.JPG,wildebeest
ASG000bgrz,S4/C10/C10_R1/S4_C10_R1_IMAG1522.JPG,wildebeest
ASG000bgz3,S4/C10/C10_R1/S4_C10_R1_IMAG1639.JPG,zebra
ASG000bgz3,S4/C10/C10_R1/S4_C10_R1_IMAG1640.JPG,zebra
ASG000bgz3,S4/C10/C10_R1/S4_C10_R1_IMAG1641.JPG,zebra
ASG000bgzs,S4/C10/C10_R1/S4_C10_R1_IMAG1721.JPG,zebra
ASG000bh8n,S4/C10/C10_R1/S4_C10_R1_IMAG1722.JPG,zebra
ASG000bgwa,S4/C10/C10_R1/S4_C10_R1_IMAG1792.JPG,zebra
ASG000bgwa,S4/C10/C10_R1/S4_C10_R1_IMAG1793.JPG,zebra
ASG000bgwa,S4/C10/C10_R1/S4_C10_R1_IMAG1794.JPG,zebra
ASG000bgri,S4/C10/C10_R1/S4_C10_R1_IMAG1927.JPG,wildebeest
ASG000bgri,S4/C10/C10_R1/S4_C10_R1_IMAG1928.JPG,wildebeest
ASG000bgri,S4/C10/C10_R1/S4_C10_R1_IMAG1929.JPG,wildebeest
ASG000bgqu,S4/C10/C10_R1/S4_C10_R1_IMAG1954.JPG,wildebeest
ASG000bgqu,S4/C10/C10_R1/S4_C10_R1_IMAG1955.JPG,wildebeest
ASG000bgqu,S4/C10/C10_R1/S4_C10_R1_IMAG1956.JPG,wildebeest
ASG000bgn1,S4/C10/C10_R1/S4_C10_R1_IMAG1960.JPG,zebra
ASG000bgn1,S4/C10/C10_R1/S4_C10_R1_IMAG1961.JPG,zebra
ASG000bgn1,S4/C10/C10_R1/S4_C10_R1_IMAG1962.JPG,zebra
ASG000bgol,S4/C10/C10_R1/S4_C10_R1_IMAG2012.JPG,warthog
ASG000bgol,S4/C10/C10_R1/S4_C10_R1_IMAG2013.JPG,warthog
ASG000bgol,S4/C10/C10_R1/S4_C10_R1_IMAG2014.JPG,warthog
ASG000bgqg,S4/C10/C10_R1/S4_C10_R1_IMAG2018.JPG,warthog
ASG000bgqg,S4/C10/C10_R1/S4_C10_R1_IMAG2019.JPG,warthog
ASG000bgqg,S4/C10/C10_R1/S4_C10_R1_IMAG2020.JPG,warthog
ASG000bg3o,S4/C10/C10_R3/S4_C10_R3_IMAG0131.JPG,zebra
ASG000bg3o,S4/C10/C10_R3/S4_C10_R3_IMAG0132.JPG,zebra
ASG000bg3o,S4/C10/C10_R3/S4_C10_R3_IMAG0133.JPG,zebra
ASG000bfzu,S4/C10/C10_R3/S4_C10_R3_IMAG0179.JPG,buffalo
ASG000bfzu,S4/C10/C10_R3/S4_C10_R3_IMAG0180.JPG,buffalo
ASG000bfzu,S4/C10/C10_R3/S4_C10_R3_IMAG0181.JPG,buffalo
ASG000bgjl,S4/C10/C10_R3/S4_C10_R3_IMAG0182.JPG,buffalo
ASG000bgjl,S4/C10/C10_R3/S4_C10_R3_IMAG0183.JPG,buffalo
ASG000bgjl,S4/C10/C10_R3/S4_C10_R3_IMAG0184.JPG,buffalo
ASG000bgdj,S4/C10/C10_R3/S4_C10_R3_IMAG1459.JPG,elephant
ASG000bgdj,S4/C10/C10_R3/S4_C10_R3_IMAG1460.JPG,elephant
ASG000bgdj,S4/C10/C10_R3/S4_C10_R3_IMAG1461.JPG,elephant
ASG000bg3m,S4/C10/C10_R3/S4_C10_R3_IMAG2664.JPG,giraffe
ASG000bg3m,S4/C10/C10_R3/S4_C10_R3_IMAG2665.JPG,giraffe
ASG000bg3m,S4/C10/C10_R3/S4_C10_R3_IMAG2666.JPG,giraffe
ASG000ezxd,S4/C12/C12_R1/S4_C12_R1_IMAG0032.JPG,wildebeest
ASG000ezxd,S4/C12/C12_R1/S4_C12_R1_IMAG0033.JPG,wildebeest
ASG000ezxd,S4/C12/C12_R1/S4_C12_R1_IMAG0034.JPG,wildebeest
ASG000f0h2,S4/C12/C12_R1/S4_C12_R1_IMAG0053.JPG,wildebeest
ASG000f0h2,S4/C12/C12_R1/S4_C12_R1_IMAG0054.JPG,wildebeest
ASG000f0h2,S4/C12/C12_R1/S4_C12_R1_IMAG0055.JPG,wildebeest
ASG000f0cn,S4/C12/C12_R1/S4_C12_R1_IMAG0074.JPG,zebra
ASG000f0mp,S4/C12/C12_R1/S4_C12_R1_IMAG0079.JPG,wildebeest
ASG000f0b6,S4/C12/C12_R1/S4_C12_R1_IMAG0087.JPG,wildebeest
ASG000f0e1,S4/C12/C12_R1/S4_C12_R1_IMAG0097.JPG,wildebeest
ASG000f07d,S4/C12/C12_R1/S4_C12_R1_IMAG0135.JPG,zebra
ASG000f07d,S4/C12/C12_R1/S4_C12_R1_IMAG0136.JPG,zebra
ASG000f07d,S4/C12/C12_R1/S4_C12_R1_IMAG0137.JPG,zebra
ASG000f05a,S4/C12/C12_R1/S4_C12_R1_IMAG0255.JPG,zebra
ASG000f05a,S4/C12/C12_R1/S4_C12_R1_IMAG0256.JPG,zebra
ASG000f05a,S4/C12/C12_R1/S4_C12_R1_IMAG0257.JPG,zebra
ASG000f0bx,S4/C12/C12_R1/S4_C12_R1_IMAG0264.JPG,zebra
ASG000f0bx,S4/C12/C12_R1/S4_C12_R1_IMAG0265.JPG,zebra
ASG000f0bx,S4/C12/C12_R1/S4_C12_R1_IMAG0266.JPG,zebra
ASG000f0c8,S4/C12/C12_R1/S4_C12_R1_IMAG0291.JPG,zebra
ASG000f0c8,S4/C12/C12_R1/S4_C12_R1_IMAG0292.JPG,zebra
ASG000f0c8,S4/C12/C12_R1/S4_C12_R1_IMAG0293.JPG,zebra
ASG000ezz6,S4/C12/C12_R1/S4_C12_R1_IMAG0321.JPG,zebra
ASG000ezz6,S4/C12/C12_R1/S4_C12_R1_IMAG0322.JPG,zebra
ASG000ezz6,S4/C12/C12_R1/S4_C12_R1_IMAG0323.JPG,zebra
ASG000f0gx,S4/C12/C12_R1/S4_C12_R1_IMAG0342.JPG,zebra
ASG000f0gx,S4/C12/C12_R1/S4_C12_R1_IMAG0343.JPG,zebra
ASG000f0gx,S4/C12/C12_R1/S4_C12_R1_IMAG0344.JPG,zebra
ASG000f0gb,S4/C12/C12_R1/S4_C12_R1_IMAG0375.JPG,zebra
ASG000f0gb,S4/C12/C12_R1/S4_C12_R1_IMAG0376.JPG,zebra
ASG000f0gb,S4/C12/C12_R1/S4_C12_R1_IMAG0377.JPG,zebra
ASG000f0da,S4/C12/C12_R1/S4_C12_R1_IMAG0450.JPG,zebra
ASG000f0da,S4/C12/C12_R1/S4_C12_R1_IMAG0451.JPG,zebra
ASG000f0da,S4/C12/C12_R1/S4_C12_R1_IMAG0452.JPG,zebra
ASG000f0nq,S4/C12/C12_R1/S4_C12_R1_IMAG0486.JPG,zebra
ASG000f0nq,S4/C12/C12_R1/S4_C12_R1_IMAG0487.JPG,zebra
ASG000f0nq,S4/C12/C12_R1/S4_C12_R1_IMAG0488.JPG,zebra
ASG000f0mr,S4/C12/C12_R1/S4_C12_R1_IMAG0507.JPG,wildebeest
ASG000f0mr,S4/C12/C12_R1/S4_C12_R1_IMAG0508.JPG,wildebeest
ASG000f0mr,S4/C12/C12_R1/S4_C12_R1_IMAG0509.JPG,wildebeest
ASG000f0k5,S4/C12/C12_R1/S4_C12_R1_IMAG0717.JPG,wildebeest
ASG000ezz2,S4/C12/C12_R1/S4_C12_R1_IMAG0741.JPG,wildebeest
ASG000ezz2,S4/C12/C12_R1/S4_C12_R1_IMAG0742.JPG,wildebeest
ASG000ezz2,S4/C12/C12_R1/S4_C12_R1_IMAG0743.JPG,wildebeest
ASG000f0ew,S4/C12/C12_R1/S4_C12_R1_IMAG0915.JPG,zebra
ASG000f0ew,S4/C12/C12_R1/S4_C12_R1_IMAG0916.JPG,zebra
ASG000f0ew,S4/C12/C12_R1/S4_C12_R1_IMAG0917.JPG,zebra
ASG000f0bm,S4/C12/C12_R1/S4_C12_R1_IMAG0960.JPG,zebra
ASG000f0bm,S4/C12/C12_R1/S4_C12_R1_IMAG0961.JPG,zebra
ASG000f0bm,S4/C12/C12_R1/S4_C12_R1_IMAG0962.JPG,zebra
ASG000ezya,S4/C12/C12_R1/S4_C12_R1_IMAG1026.JPG,wildebeest
ASG000ezya,S4/C12/C12_R1/S4_C12_R1_IMAG1027.JPG,wildebeest
ASG000ezya,S4/C12/C12_R1/S4_C12_R1_IMAG1028.JPG,wildebeest
ASG000f05d,S4/C12/C12_R1/S4_C12_R1_IMAG1074.JPG,wildebeest
ASG000f05d,S4/C12/C12_R1/S4_C12_R1_IMAG1075.JPG,wildebeest
ASG000f05d,S4/C12/C12_R1/S4_C12_R1_IMAG1076.JPG,wildebeest
ASG000f02i,S4/C12/C12_R1/S4_C12_R1_IMAG1143.JPG,zebra
ASG000f02i,S4/C12/C12_R1/S4_C12_R1_IMAG1144.JPG,zebra
ASG000f02i,S4/C12/C12_R1/S4_C12_R1_IMAG1145.JPG,zebra
ASG000f0b4,S4/C12/C12_R1/S4_C12_R1_IMAG1158.JPG,wildebeest
ASG000f0b4,S4/C12/C12_R1/S4_C12_R1_IMAG1159.JPG,wildebeest
ASG000f0b4,S4/C12/C12_R1/S4_C12_R1_IMAG1160.JPG,wildebeest
ASG000f05k,S4/C12/C12_R1/S4_C12_R1_IMAG1183.JPG,zebra
ASG000f027,S4/C12/C12_R1/S4_C12_R1_IMAG1228.JPG,zebra
ASG000f027,S4/C12/C12_R1/S4_C12_R1_IMAG1229.JPG,zebra
ASG000f027,S4/C12/C12_R1/S4_C12_R1_IMAG1230.JPG,zebra
ASG000f0fo,S4/C12/C12_R1/S4_C12_R1_IMAG1231.JPG,zebra
ASG000f0fo,S4/C12/C12_R1/S4_C12_R1_IMAG1232.JPG,zebra
ASG000f0fo,S4/C12/C12_R1/S4_C12_R1_IMAG1233.JPG,zebra
ASG000f0j6,S4/C12/C12_R1/S4_C12_R1_IMAG1249.JPG,zebra
ASG000f0j6,S4/C12/C12_R1/S4_C12_R1_IMAG1250.JPG,zebra
ASG000f0j6,S4/C12/C12_R1/S4_C12_R1_IMAG1251.JPG,zebra
ASG000ezwr,S4/C12/C12_R1/S4_C12_R1_IMAG1261.JPG,wildebeest
ASG000ezwr,S4/C12/C12_R1/S4_C12_R1_IMAG1262.JPG,wildebeest
ASG000ezwr,S4/C12/C12_R1/S4_C12_R1_IMAG1263.JPG,wildebeest
ASG000ezzh,S4/C12/C12_R1/S4_C12_R1_IMAG1303.JPG,zebra
ASG000ezzh,S4/C12/C12_R1/S4_C12_R1_IMAG1304.JPG,zebra
ASG000ezzh,S4/C12/C12_R1/S4_C12_R1_IMAG1305.JPG,zebra
ASG000f0dh,S4/C12/C12_R1/S4_C12_R1_IMAG1395.JPG,zebra
ASG000f0dh,S4/C12/C12_R1/S4_C12_R1_IMAG1396.JPG,zebra
ASG000f0dh,S4/C12/C12_R1/S4_C12_R1_IMAG1397.JPG,zebra
ASG000f0mz,S4/C12/C12_R1/S4_C12_R1_IMAG1443.JPG,wildebeest
ASG000f0mz,S4/C12/C12_R1/S4_C12_R1_IMAG1444.JPG,wildebeest
ASG000f0mz,S4/C12/C12_R1/S4_C12_R1_IMAG1445.JPG,wildebeest
ASG000f0or,S4/C12/C12_R1/S4_C12_R1_IMAG1453.JPG,zebra
ASG000f0ev,S4/C12/C12_R1/S4_C12_R1_IMAG1478.JPG,wildebeest
ASG000f0ev,S4/C12/C12_R1/S4_C12_R1_IMAG1479.JPG,wildebeest
ASG000f0ev,S4/C12/C12_R1/S4_C12_R1_IMAG1480.JPG,wildebeest
ASG000ezut,S4/C12/C12_R1/S4_C12_R1_IMAG1499.JPG,wildebeest
ASG000ezut,S4/C12/C12_R1/S4_C12_R1_IMAG1500.JPG,wildebeest
ASG000ezut,S4/C12/C12_R1/S4_C12_R1_IMAG1501.JPG,wildebeest
ASG000f0oa,S4/C12/C12_R1/S4_C12_R1_IMAG1568.JPG,zebra
ASG000f0oa,S4/C12/C12_R1/S4_C12_R1_IMAG1569.JPG,zebra
ASG000f0oa,S4/C12/C12_R1/S4_C12_R1_IMAG1570.JPG,zebra
ASG000f0me,S4/C12/C12_R1/S4_C12_R1_IMAG1583.JPG,zebra
ASG000f0me,S4/C12/C12_R1/S4_C12_R1_IMAG1584.JPG,zebra
ASG000f0me,S4/C12/C12_R1/S4_C12_R1_IMAG1585.JPG,zebra
ASG000f0hl,S4/C12/C12_R1/S4_C12_R1_IMAG1667.JPG,zebra
ASG000f0hl,S4/C12/C12_R1/S4_C12_R1_IMAG1668.JPG,zebra
ASG000f0hl,S4/C12/C12_R1/S4_C12_R1_IMAG1669.JPG,zebra
ASG000ezzb,S4/C12/C12_R1/S4_C12_R1_IMAG1762.JPG,zebra
ASG000ezzb,S4/C12/C12_R1/S4_C12_R1_IMAG1763.JPG,zebra
ASG000ezzb,S4/C12/C12_R1/S4_C12_R1_IMAG1764.JPG,zebra
ASG000f0nb,S4/C12/C12_R1/S4_C12_R1_IMAG1836.JPG,zebra
ASG000f0nb,S4/C12/C12_R1/S4_C12_R1_IMAG1837.JPG,zebra
ASG000f0nb,S4/C12/C12_R1/S4_C12_R1_IMAG1838.JPG,zebra
ASG000ezze,S4/C12/C12_R1/S4_C12_R1_IMAG2209.JPG,zebra
ASG000ezze,S4/C12/C12_R1/S4_C12_R1_IMAG2210.JPG,zebra
ASG000ezze,S4/C12/C12_R1/S4_C12_R1_IMAG2211.JPG,zebra
ASG000f0dg,S4/C12/C12_R1/S4_C12_R1_IMAG2278.JPG,zebra
ASG000f0dg,S4/C12/C12_R1/S4_C12_R1_IMAG2279.JPG,zebra
ASG000f0dg,S4/C12/C12_R1/S4_C12_R1_IMAG2280.JPG,zebra
ASG000ezys,S4/C12/C12_R1/S4_C12_R1_IMAG2287.JPG,zebra
ASG000ezys,S4/C12/C12_R1/S4_C12_R1_IMAG2288.JPG,zebra
ASG000ezys,S4/C12/C12_R1/S4_C12_R1_IMAG2289.JPG,zebra
ASG000f0fe,S4/C12/C12_R1/S4_C12_R1_IMAG2311.JPG,zebra
ASG000f0fe,S4/C12/C12_R1/S4_C12_R1_IMAG2312.JPG,zebra
ASG000f0fe,S4/C12/C12_R1/S4_C12_R1_IMAG2313.JPG,zebra
ASG000f069,S4/C12/C12_R1/S4_C12_R1_IMAG2320.JPG,zebra
ASG000f069,S4/C12/C12_R1/S4_C12_R1_IMAG2321.JPG,zebra
ASG000f069,S4/C12/C12_R1/S4_C12_R1_IMAG2322.JPG,zebra
ASG000f0ka,S4/C12/C12_R1/S4_C12_R1_IMAG2329.JPG,zebra
ASG000f0ka,S4/C12/C12_R1/S4_C12_R1_IMAG2330.JPG,zebra
ASG000f0ka,S4/C12/C12_R1/S4_C12_R1_IMAG2331.JPG,zebra
ASG000f0jw,S4/C12/C12_R1/S4_C12_R1_IMAG2449.JPG,zebra
ASG000f0jw,S4/C12/C12_R1/S4_C12_R1_IMAG2450.JPG,zebra
ASG000f0jw,S4/C12/C12_R1/S4_C12_R1_IMAG2451.JPG,zebra
ASG000f0mt,S4/C12/C12_R1/S4_C12_R1_IMAG2763.JPG,wildebeest
ASG000f0mt,S4/C12/C12_R1/S4_C12_R1_IMAG2764.JPG,wildebeest
ASG000f0mt,S4/C12/C12_R1/S4_C12_R1_IMAG2765.JPG,wildebeest
ASG000f05r,S4/C12/C12_R1/S4_C12_R1_IMAG2884.JPG,zebra
ASG000f05r,S4/C12/C12_R1/S4_C12_R1_IMAG2885.JPG,zebra
ASG000f05r,S4/C12/C12_R1/S4_C12_R1_IMAG2886.JPG,zebra
ASG000ckk9,S4/C13/C13_R1/S4_C13_R1_IMAG0023.JPG,zebra
ASG000ckk9,S4/C13/C13_R1/S4_C13_R1_IMAG0024.JPG,zebra
ASG000ckk9,S4/C13/C13_R1/S4_C13_R1_IMAG0025.JPG,zebra
ASG000ck09,S4/C13/C13_R1/S4_C13_R1_IMAG0080.JPG,zebra
ASG000ck09,S4/C13/C13_R1/S4_C13_R1_IMAG0081.JPG,zebra
ASG000ck09,S4/C13/C13_R1/S4_C13_R1_IMAG0082.JPG,zebra
ASG000ckdo,S4/C13/C13_R1/S4_C13_R1_IMAG0122.JPG,zebra
ASG000ckdo,S4/C13/C13_R1/S4_C13_R1_IMAG0123.JPG,zebra
ASG000ckdo,S4/C13/C13_R1/S4_C13_R1_IMAG0124.JPG,zebra
ASG000cjj5,S4/C13/C13_R1/S4_C13_R1_IMAG0125.JPG,zebra
ASG000cjj5,S4/C13/C13_R1/S4_C13_R1_IMAG0126.JPG,zebra
ASG000cjj5,S4/C13/C13_R1/S4_C13_R1_IMAG0127.JPG,zebra
ASG000cizv,S4/C13/C13_R1/S4_C13_R1_IMAG0212.JPG,zebra
ASG000cizv,S4/C13/C13_R1/S4_C13_R1_IMAG0213.JPG,zebra
ASG000cizv,S4/C13/C13_R1/S4_C13_R1_IMAG0214.JPG,zebra
ASG000ciyd,S4/C13/C13_R1/S4_C13_R1_IMAG0268.JPG,zebra
ASG000ciyd,S4/C13/C13_R1/S4_C13_R1_IMAG0269.JPG,zebra
ASG000ciyd,S4/C13/C13_R1/S4_C13_R1_IMAG0270.JPG,zebra
ASG000ckia,S4/C13/C13_R1/S4_C13_R1_IMAG0346.JPG,wildebeest
ASG000ckia,S4/C13/C13_R1/S4_C13_R1_IMAG0347.JPG,wildebeest
ASG000ckia,S4/C13/C13_R1/S4_C13_R1_IMAG0348.JPG,wildebeest
ASG000cjr8,S4/C13/C13_R1/S4_C13_R1_IMAG0382.JPG,zebra
ASG000cjr8,S4/C13/C13_R1/S4_C13_R1_IMAG0383.JPG,zebra
ASG000cjr8,S4/C13/C13_R1/S4_C13_R1_IMAG0384.JPG,zebra
ASG000cjjs,S4/C13/C13_R1/S4_C13_R1_IMAG0418.JPG,wildebeest
ASG000cjjs,S4/C13/C13_R1/S4_C13_R1_IMAG0419.JPG,wildebeest
ASG000cjjs,S4/C13/C13_R1/S4_C13_R1_IMAG0420.JPG,wildebeest
ASG000cj5v,S4/C13/C13_R1/S4_C13_R1_IMAG0499.JPG,wildebeest
ASG000cj5v,S4/C13/C13_R1/S4_C13_R1_IMAG0500.JPG,wildebeest
ASG000cj5v,S4/C13/C13_R1/S4_C13_R1_IMAG0501.JPG,wildebeest
ASG000cjbg,S4/C13/C13_R1/S4_C13_R1_IMAG0634.JPG,wildebeest
ASG000cjbg,S4/C13/C13_R1/S4_C13_R1_IMAG0635.JPG,wildebeest
ASG000cjbg,S4/C13/C13_R1/S4_C13_R1_IMAG0636.JPG,wildebeest
ASG000ck16,S4/C13/C13_R1/S4_C13_R1_IMAG0784.JPG,wildebeest
ASG000ck16,S4/C13/C13_R1/S4_C13_R1_IMAG0785.JPG,wildebeest
ASG000ck16,S4/C13/C13_R1/S4_C13_R1_IMAG0786.JPG,wildebeest
ASG000cjfa,S4/C13/C13_R1/S4_C13_R1_IMAG0799.JPG,wildebeest
ASG000cjfa,S4/C13/C13_R1/S4_C13_R1_IMAG0800.JPG,wildebeest
ASG000cjfa,S4/C13/C13_R1/S4_C13_R1_IMAG0801.JPG,wildebeest
ASG000cjl7,S4/C13/C13_R1/S4_C13_R1_IMAG0817.JPG,wildebeest
ASG000cjl7,S4/C13/C13_R1/S4_C13_R1_IMAG0818.JPG,wildebeest
ASG000cjl7,S4/C13/C13_R1/S4_C13_R1_IMAG0819.JPG,wildebeest
ASG000cjsc,S4/C13/C13_R1/S4_C13_R1_IMAG0850.JPG,wildebeest
ASG000cjsc,S4/C13/C13_R1/S4_C13_R1_IMAG0851.JPG,wildebeest
ASG000cjsc,S4/C13/C13_R1/S4_C13_R1_IMAG0852.JPG,wildebeest
ASG000cjr9,S4/C13/C13_R1/S4_C13_R1_IMAG0886.JPG,wildebeest
ASG000cjr9,S4/C13/C13_R1/S4_C13_R1_IMAG0887.JPG,wildebeest
ASG000cjr9,S4/C13/C13_R1/S4_C13_R1_IMAG0888.JPG,wildebeest
ASG000ckax,S4/C13/C13_R1/S4_C13_R1_IMAG0943.JPG,wildebeest
ASG000ckax,S4/C13/C13_R1/S4_C13_R1_IMAG0944.JPG,wildebeest
ASG000ckax,S4/C13/C13_R1/S4_C13_R1_IMAG0945.JPG,wildebeest
ASG000ckge,S4/C13/C13_R1/S4_C13_R1_IMAG0982.JPG,wildebeest
ASG000ckge,S4/C13/C13_R1/S4_C13_R1_IMAG0983.JPG,wildebeest
ASG000ckge,S4/C13/C13_R1/S4_C13_R1_IMAG0984.JPG,wildebeest
ASG000cj7m,S4/C13/C13_R1/S4_C13_R1_IMAG0985.JPG,wildebeest
ASG000cj7m,S4/C13/C13_R1/S4_C13_R1_IMAG0986.JPG,wildebeest
ASG000cj7m,S4/C13/C13_R1/S4_C13_R1_IMAG0987.JPG,wildebeest
ASG000ckdd,S4/C13/C13_R1/S4_C13_R1_IMAG1012.JPG,wildebeest
ASG000ckdd,S4/C13/C13_R1/S4_C13_R1_IMAG1013.JPG,wildebeest
ASG000ckdd,S4/C13/C13_R1/S4_C13_R1_IMAG1014.JPG,wildebeest
ASG000cjx7,S4/C13/C13_R1/S4_C13_R1_IMAG1057.JPG,wildebeest
ASG000cjx7,S4/C13/C13_R1/S4_C13_R1_IMAG1058.JPG,wildebeest
ASG000cjx7,S4/C13/C13_R1/S4_C13_R1_IMAG1059.JPG,wildebeest
ASG000cju3,S4/C13/C13_R1/S4_C13_R1_IMAG1078.JPG,wildebeest
ASG000cju3,S4/C13/C13_R1/S4_C13_R1_IMAG1079.JPG,wildebeest
ASG000cju3,S4/C13/C13_R1/S4_C13_R1_IMAG1080.JPG,wildebeest
ASG000ckc3,S4/C13/C13_R1/S4_C13_R1_IMAG1252.JPG,zebra
ASG000ckc3,S4/C13/C13_R1/S4_C13_R1_IMAG1253.JPG,zebra
ASG000ckc3,S4/C13/C13_R1/S4_C13_R1_IMAG1254.JPG,zebra
ASG000cjjr,S4/C13/C13_R1/S4_C13_R1_IMAG1258.JPG,zebra
ASG000cjjr,S4/C13/C13_R1/S4_C13_R1_IMAG1259.JPG,zebra
ASG000cjjr,S4/C13/C13_R1/S4_C13_R1_IMAG1260.JPG,zebra
ASG000cj0r,S4/C13/C13_R1/S4_C13_R1_IMAG1325.JPG,wildebeest
ASG000cj0r,S4/C13/C13_R1/S4_C13_R1_IMAG1326.JPG,wildebeest
ASG000cj0r,S4/C13/C13_R1/S4_C13_R1_IMAG1327.JPG,wildebeest
ASG000ckhw,S4/C13/C13_R1/S4_C13_R1_IMAG1328.JPG,wildebeest
ASG000ckhw,S4/C13/C13_R1/S4_C13_R1_IMAG1329.JPG,wildebeest
ASG000ckhw,S4/C13/C13_R1/S4_C13_R1_IMAG1330.JPG,wildebeest
ASG000cjqw,S4/C13/C13_R1/S4_C13_R1_IMAG1340.JPG,wildebeest
ASG000cjqw,S4/C13/C13_R1/S4_C13_R1_IMAG1341.JPG,wildebeest
ASG000cjqw,S4/C13/C13_R1/S4_C13_R1_IMAG1342.JPG,wildebeest
ASG000cizu,S4/C13/C13_R1/S4_C13_R1_IMAG1454.JPG,wildebeest
ASG000cizu,S4/C13/C13_R1/S4_C13_R1_IMAG1455.JPG,wildebeest
ASG000cizu,S4/C13/C13_R1/S4_C13_R1_IMAG1456.JPG,wildebeest
ASG000ckft,S4/C13/C13_R1/S4_C13_R1_IMAG1547.JPG,wildebeest
ASG000ckft,S4/C13/C13_R1/S4_C13_R1_IMAG1548.JPG,wildebeest
ASG000ckft,S4/C13/C13_R1/S4_C13_R1_IMAG1549.JPG,wildebeest
ASG000cjl4,S4/C13/C13_R1/S4_C13_R1_IMAG1580.JPG,wildebeest
ASG000cjl4,S4/C13/C13_R1/S4_C13_R1_IMAG1581.JPG,wildebeest
ASG000cjl4,S4/C13/C13_R1/S4_C13_R1_IMAG1582.JPG,wildebeest
ASG000cjhi,S4/C13/C13_R1/S4_C13_R1_IMAG1643.JPG,wildebeest
ASG000cjhi,S4/C13/C13_R1/S4_C13_R1_IMAG1644.JPG,wildebeest
ASG000cjhi,S4/C13/C13_R1/S4_C13_R1_IMAG1645.JPG,wildebeest
ASG000ckfo,S4/C13/C13_R1/S4_C13_R1_IMAG1649.JPG,wildebeest
ASG000ckfo,S4/C13/C13_R1/S4_C13_R1_IMAG1650.JPG,wildebeest
ASG000ckfo,S4/C13/C13_R1/S4_C13_R1_IMAG1651.JPG,wildebeest
ASG000ckeb,S4/C13/C13_R1/S4_C13_R1_IMAG1772.JPG,wildebeest
ASG000ckeb,S4/C13/C13_R1/S4_C13_R1_IMAG1773.JPG,wildebeest
ASG000ckeb,S4/C13/C13_R1/S4_C13_R1_IMAG1774.JPG,wildebeest
ASG000cj4d,S4/C13/C13_R1/S4_C13_R1_IMAG1880.JPG,wildebeest
ASG000cj4d,S4/C13/C13_R1/S4_C13_R1_IMAG1881.JPG,wildebeest
ASG000cj4d,S4/C13/C13_R1/S4_C13_R1_IMAG1882.JPG,wildebeest
ASG000cj5d,S4/C13/C13_R1/S4_C13_R1_IMAG1883.JPG,wildebeest
ASG000cj5d,S4/C13/C13_R1/S4_C13_R1_IMAG1884.JPG,wildebeest
ASG000cj5d,S4/C13/C13_R1/S4_C13_R1_IMAG1885.JPG,wildebeest
ASG000cjyh,S4/C13/C13_R1/S4_C13_R1_IMAG1934.JPG,wildebeest
ASG000cjyh,S4/C13/C13_R1/S4_C13_R1_IMAG1935.JPG,wildebeest
ASG000cjyh,S4/C13/C13_R1/S4_C13_R1_IMAG1936.JPG,wildebeest
ASG000cjm7,S4/C13/C13_R1/S4_C13_R1_IMAG1982.JPG,wildebeest
ASG000cjm7,S4/C13/C13_R1/S4_C13_R1_IMAG1983.JPG,wildebeest
ASG000cjm7,S4/C13/C13_R1/S4_C13_R1_IMAG1984.JPG,wildebeest
ASG000ck15,S4/C13/C13_R1/S4_C13_R1_IMAG2000.JPG,wildebeest
ASG000ck15,S4/C13/C13_R1/S4_C13_R1_IMAG2001.JPG,wildebeest
ASG000ck15,S4/C13/C13_R1/S4_C13_R1_IMAG2002.JPG,wildebeest
ASG000ck6h,S4/C13/C13_R1/S4_C13_R1_IMAG2009.JPG,wildebeest
ASG000ck6h,S4/C13/C13_R1/S4_C13_R1_IMAG2010.JPG,wildebeest
ASG000ck6h,S4/C13/C13_R1/S4_C13_R1_IMAG2011.JPG,wildebeest
ASG000cjwz,S4/C13/C13_R1/S4_C13_R1_IMAG2015.JPG,wildebeest
ASG000cjwz,S4/C13/C13_R1/S4_C13_R1_IMAG2016.JPG,wildebeest
ASG000cjwz,S4/C13/C13_R1/S4_C13_R1_IMAG2017.JPG,wildebeest
ASG000cj9m,S4/C13/C13_R1/S4_C13_R1_IMAG2042.JPG,wildebeest
ASG000cj9m,S4/C13/C13_R1/S4_C13_R1_IMAG2043.JPG,wildebeest
ASG000cj9m,S4/C13/C13_R1/S4_C13_R1_IMAG2044.JPG,wildebeest
ASG000cki6,S4/C13/C13_R1/S4_C13_R1_IMAG2072.JPG,wildebeest
ASG000cki6,S4/C13/C13_R1/S4_C13_R1_IMAG2073.JPG,wildebeest
ASG000cki6,S4/C13/C13_R1/S4_C13_R1_IMAG2074.JPG,wildebeest
ASG000cj0y,S4/C13/C13_R1/S4_C13_R1_IMAG2228.JPG,wildebeest
ASG000cj0y,S4/C13/C13_R1/S4_C13_R1_IMAG2229.JPG,wildebeest
ASG000cj0y,S4/C13/C13_R1/S4_C13_R1_IMAG2230.JPG,wildebeest
ASG000cj4k,S4/C13/C13_R1/S4_C13_R1_IMAG2291.JPG,wildebeest
ASG000cj4k,S4/C13/C13_R1/S4_C13_R1_IMAG2292.JPG,wildebeest
ASG000cj4k,S4/C13/C13_R1/S4_C13_R1_IMAG2293.JPG,wildebeest
ASG000ckd4,S4/C13/C13_R1/S4_C13_R1_IMAG2348.JPG,wildebeest
ASG000ckd4,S4/C13/C13_R1/S4_C13_R1_IMAG2349.JPG,wildebeest
ASG000ckd4,S4/C13/C13_R1/S4_C13_R1_IMAG2350.JPG,wildebeest
ASG000ck8u,S4/C13/C13_R1/S4_C13_R1_IMAG2402.JPG,wildebeest
ASG000ck8u,S4/C13/C13_R1/S4_C13_R1_IMAG2403.JPG,wildebeest
ASG000ck8u,S4/C13/C13_R1/S4_C13_R1_IMAG2404.JPG,wildebeest
ASG000ciyo,S4/C13/C13_R1/S4_C13_R1_IMAG2465.JPG,wildebeest
ASG000ciyo,S4/C13/C13_R1/S4_C13_R1_IMAG2466.JPG,wildebeest
ASG000ciyo,S4/C13/C13_R1/S4_C13_R1_IMAG2467.JPG,wildebeest
ASG000cjvy,S4/C13/C13_R1/S4_C13_R1_IMAG2471.JPG,wildebeest
ASG000cjvy,S4/C13/C13_R1/S4_C13_R1_IMAG2472.JPG,wildebeest
ASG000cjvy,S4/C13/C13_R1/S4_C13_R1_IMAG2473.JPG,wildebeest
ASG000cjn5,S4/C13/C13_R1/S4_C13_R1_IMAG2498.JPG,wildebeest
ASG000cjn5,S4/C13/C13_R1/S4_C13_R1_IMAG2499.JPG,wildebeest
ASG000cjn5,S4/C13/C13_R1/S4_C13_R1_IMAG2500.JPG,wildebeest
ASG000cjy3,S4/C13/C13_R1/S4_C13_R1_IMAG2646.JPG,zebra
ASG000cjy3,S4/C13/C13_R1/S4_C13_R1_IMAG2647.JPG,zebra
ASG000cjy3,S4/C13/C13_R1/S4_C13_R1_IMAG2648.JPG,zebra
ASG000cj8a,S4/C13/C13_R1/S4_C13_R1_IMAG2748.JPG,wildebeest
ASG000cj8a,S4/C13/C13_R1/S4_C13_R1_IMAG2749.JPG,wildebeest
ASG000cj8a,S4/C13/C13_R1/S4_C13_R1_IMAG2750.JPG,wildebeest
ASG000cj2f,S4/C13/C13_R1/S4_C13_R1_IMAG2808.JPG,wildebeest
ASG000cj2f,S4/C13/C13_R1/S4_C13_R1_IMAG2809.JPG,wildebeest
ASG000cj2f,S4/C13/C13_R1/S4_C13_R1_IMAG2810.JPG,wildebeest
ASG000cjox,S4/C13/C13_R1/S4_C13_R1_IMAG2841.JPG,wildebeest
ASG000cjox,S4/C13/C13_R1/S4_C13_R1_IMAG2842.JPG,wildebeest
ASG000cjox,S4/C13/C13_R1/S4_C13_R1_IMAG2843.JPG,wildebeest
ASG000cjly,S4/C13/C13_R1/S4_C13_R1_IMAG2844.JPG,wildebeest
ASG000cjly,S4/C13/C13_R1/S4_C13_R1_IMAG2845.JPG,wildebeest
ASG000cjly,S4/C13/C13_R1/S4_C13_R1_IMAG2846.JPG,wildebeest
ASG000cj3l,S4/C13/C13_R1/S4_C13_R1_IMAG2862.JPG,wildebeest
ASG000cj3l,S4/C13/C13_R1/S4_C13_R1_IMAG2863.JPG,wildebeest
ASG000cj3l,S4/C13/C13_R1/S4_C13_R1_IMAG2864.JPG,wildebeest
ASG000cjkn,S4/C13/C13_R1/S4_C13_R1_IMAG2910.JPG,wildebeest
ASG000cjkn,S4/C13/C13_R1/S4_C13_R1_IMAG2911.JPG,wildebeest
ASG000cjkn,S4/C13/C13_R1/S4_C13_R1_IMAG2912.JPG,wildebeest
ASG000cizs,S4/C13/C13_R1/S4_C13_R1_IMAG2931.JPG,wildebeest
ASG000cizs,S4/C13/C13_R1/S4_C13_R1_IMAG2932.JPG,wildebeest
ASG000cizs,S4/C13/C13_R1/S4_C13_R1_IMAG2933.JPG,wildebeest
ASG000ckbq,S4/C13/C13_R1/S4_C13_R1_IMAG2967.JPG,wildebeest
ASG000ckbq,S4/C13/C13_R1/S4_C13_R1_IMAG2968.JPG,wildebeest
ASG000ckbq,S4/C13/C13_R1/S4_C13_R1_IMAG2969.JPG,wildebeest
ASG000cjhg,S4/C13/C13_R1/S4_C13_R1_IMAG3114.JPG,wildebeest
ASG000cjhg,S4/C13/C13_R1/S4_C13_R1_IMAG3115.JPG,wildebeest
ASG000cjhg,S4/C13/C13_R1/S4_C13_R1_IMAG3116.JPG,wildebeest
ASG000ck6c,S4/C13/C13_R1/S4_C13_R1_IMAG3126.JPG,wildebeest
ASG000ck6c,S4/C13/C13_R1/S4_C13_R1_IMAG3127.JPG,wildebeest
ASG000ck6c,S4/C13/C13_R1/S4_C13_R1_IMAG3128.JPG,wildebeest
ASG000ck41,S4/C13/C13_R1/S4_C13_R1_IMAG3165.JPG,wildebeest
ASG000ck41,S4/C13/C13_R1/S4_C13_R1_IMAG3166.JPG,wildebeest
ASG000ck41,S4/C13/C13_R1/S4_C13_R1_IMAG3167.JPG,wildebeest
ASG000ck3b,S4/C13/C13_R1/S4_C13_R1_IMAG3294.JPG,wildebeest
ASG000ck3b,S4/C13/C13_R1/S4_C13_R1_IMAG3295.JPG,wildebeest
ASG000ck3b,S4/C13/C13_R1/S4_C13_R1_IMAG3296.JPG,wildebeest
ASG000ck0l,S4/C13/C13_R1/S4_C13_R1_IMAG3375.JPG,wildebeest
ASG000ck0l,S4/C13/C13_R1/S4_C13_R1_IMAG3376.JPG,wildebeest
ASG000ck0l,S4/C13/C13_R1/S4_C13_R1_IMAG3377.JPG,wildebeest
ASG000cjna,S4/C13/C13_R1/S4_C13_R1_IMAG3381.JPG,wildebeest
ASG000cjna,S4/C13/C13_R1/S4_C13_R1_IMAG3382.JPG,wildebeest
ASG000cjna,S4/C13/C13_R1/S4_C13_R1_IMAG3383.JPG,wildebeest
ASG000cjz9,S4/C13/C13_R1/S4_C13_R1_IMAG3510.JPG,wildebeest
ASG000cjz9,S4/C13/C13_R1/S4_C13_R1_IMAG3511.JPG,wildebeest
ASG000cjz9,S4/C13/C13_R1/S4_C13_R1_IMAG3512.JPG,wildebeest
ASG000cjwl,S4/C13/C13_R1/S4_C13_R1_IMAG3540.JPG,wildebeest
ASG000cjwl,S4/C13/C13_R1/S4_C13_R1_IMAG3541.JPG,wildebeest
ASG000cjwl,S4/C13/C13_R1/S4_C13_R1_IMAG3542.JPG,wildebeest
ASG000cjhb,S4/C13/C13_R1/S4_C13_R1_IMAG3576.JPG,wildebeest
ASG000cjhb,S4/C13/C13_R1/S4_C13_R1_IMAG3577.JPG,wildebeest
ASG000cjhb,S4/C13/C13_R1/S4_C13_R1_IMAG3578.JPG,wildebeest
ASG000cjo2,S4/C13/C13_R1/S4_C13_R1_IMAG3579.JPG,wildebeest
ASG000cjo2,S4/C13/C13_R1/S4_C13_R1_IMAG3580.JPG,wildebeest
ASG000cjo2,S4/C13/C13_R1/S4_C13_R1_IMAG3581.JPG,wildebeest
ASG000cizz,S4/C13/C13_R1/S4_C13_R1_IMAG3759.JPG,zebra
ASG000cizz,S4/C13/C13_R1/S4_C13_R1_IMAG3760.JPG,zebra
ASG000cizz,S4/C13/C13_R1/S4_C13_R1_IMAG3761.JPG,zebra
ASG000cjnq,S4/C13/C13_R1/S4_C13_R1_IMAG3883.JPG,wildebeest
ASG000cjnq,S4/C13/C13_R1/S4_C13_R1_IMAG3884.JPG,wildebeest
ASG000cjnq,S4/C13/C13_R1/S4_C13_R1_IMAG3885.JPG,wildebeest
ASG000ckbz,S4/C13/C13_R1/S4_C13_R1_IMAG3973.JPG,zebra
ASG000ckbz,S4/C13/C13_R1/S4_C13_R1_IMAG3974.JPG,zebra
ASG000ckbz,S4/C13/C13_R1/S4_C13_R1_IMAG3975.JPG,zebra
ASG000cjrz,S4/C13/C13_R1/S4_C13_R1_IMAG4000.JPG,wildebeest
ASG000cjrz,S4/C13/C13_R1/S4_C13_R1_IMAG4001.JPG,wildebeest
ASG000cjrz,S4/C13/C13_R1/S4_C13_R1_IMAG4002.JPG,wildebeest
ASG000cj1o,S4/C13/C13_R1/S4_C13_R1_IMAG4141.JPG,zebra
ASG000cj1o,S4/C13/C13_R1/S4_C13_R1_IMAG4142.JPG,zebra
ASG000cj1o,S4/C13/C13_R1/S4_C13_R1_IMAG4143.JPG,zebra
ASG000cjmc,S4/C13/C13_R1/S4_C13_R1_IMAG4167.JPG,wildebeest
ASG000cjmc,S4/C13/C13_R1/S4_C13_R1_IMAG4168.JPG,wildebeest
ASG000cjmc,S4/C13/C13_R1/S4_C13_R1_IMAG4169.JPG,wildebeest
ASG000cjgk,S4/C13/C13_R1/S4_C13_R1_IMAG4170.JPG,wildebeest
ASG000cjgk,S4/C13/C13_R1/S4_C13_R1_IMAG4171.JPG,wildebeest
ASG000cjgk,S4/C13/C13_R1/S4_C13_R1_IMAG4172.JPG,wildebeest
ASG000ckhu,S4/C13/C13_R1/S4_C13_R1_IMAG4209.JPG,wildebeest
ASG000ckhu,S4/C13/C13_R1/S4_C13_R1_IMAG4210.JPG,wildebeest
ASG000ckhu,S4/C13/C13_R1/S4_C13_R1_IMAG4211.JPG,wildebeest
ASG000cj1f,S4/C13/C13_R1/S4_C13_R1_IMAG4254.JPG,wildebeest
ASG000cj1f,S4/C13/C13_R1/S4_C13_R1_IMAG4255.JPG,wildebeest
ASG000cj1f,S4/C13/C13_R1/S4_C13_R1_IMAG4256.JPG,wildebeest
ASG000ckga,S4/C13/C13_R1/S4_C13_R1_IMAG4263.JPG,wildebeest
ASG000ckga,S4/C13/C13_R1/S4_C13_R1_IMAG4264.JPG,wildebeest
ASG000ckga,S4/C13/C13_R1/S4_C13_R1_IMAG4265.JPG,wildebeest
ASG000ckcv,S4/C13/C13_R1/S4_C13_R1_IMAG4272.JPG,wildebeest
ASG000ckcv,S4/C13/C13_R1/S4_C13_R1_IMAG4273.JPG,wildebeest
ASG000ckcv,S4/C13/C13_R1/S4_C13_R1_IMAG4274.JPG,wildebeest
ASG000cjq8,S4/C13/C13_R1/S4_C13_R1_IMAG4368.JPG,wildebeest
ASG000cjq8,S4/C13/C13_R1/S4_C13_R1_IMAG4369.JPG,wildebeest
ASG000cjq8,S4/C13/C13_R1/S4_C13_R1_IMAG4370.JPG,wildebeest
ASG000ciy8,S4/C13/C13_R1/S4_C13_R1_IMAG4398.JPG,wildebeest
ASG000ciy8,S4/C13/C13_R1/S4_C13_R1_IMAG4399.JPG,wildebeest
ASG000ciy8,S4/C13/C13_R1/S4_C13_R1_IMAG4400.JPG,wildebeest
ASG000ck0y,S4/C13/C13_R1/S4_C13_R1_IMAG4404.JPG,zebra
ASG000ck0y,S4/C13/C13_R1/S4_C13_R1_IMAG4405.JPG,zebra
ASG000ck0y,S4/C13/C13_R1/S4_C13_R1_IMAG4406.JPG,zebra
ASG000cjpp,S4/C13/C13_R1/S4_C13_R1_IMAG4485.JPG,wildebeest
ASG000cjpp,S4/C13/C13_R1/S4_C13_R1_IMAG4486.JPG,wildebeest
ASG000cjpp,S4/C13/C13_R1/S4_C13_R1_IMAG4487.JPG,wildebeest
ASG000cjih,S4/C13/C13_R1/S4_C13_R1_IMAG4500.JPG,wildebeest
ASG000cjih,S4/C13/C13_R1/S4_C13_R1_IMAG4501.JPG,wildebeest
ASG000cjih,S4/C13/C13_R1/S4_C13_R1_IMAG4502.JPG,wildebeest
ASG000cjjq,S4/C13/C13_R1/S4_C13_R1_IMAG4506.JPG,wildebeest
ASG000cjjq,S4/C13/C13_R1/S4_C13_R1_IMAG4507.JPG,wildebeest
ASG000cjjq,S4/C13/C13_R1/S4_C13_R1_IMAG4508.JPG,wildebeest
ASG000cjui,S4/C13/C13_R1/S4_C13_R1_IMAG4530.JPG,zebra
ASG000cjui,S4/C13/C13_R1/S4_C13_R1_IMAG4531.JPG,zebra
ASG000cjui,S4/C13/C13_R1/S4_C13_R1_IMAG4532.JPG,zebra
ASG000ck2z,S4/C13/C13_R1/S4_C13_R1_IMAG4544.JPG,wildebeest
ASG000ck2z,S4/C13/C13_R1/S4_C13_R1_IMAG4545.JPG,wildebeest
ASG000ck2z,S4/C13/C13_R1/S4_C13_R1_IMAG4546.JPG,wildebeest
ASG000cjn4,S4/C13/C13_R1/S4_C13_R1_IMAG4574.JPG,zebra
ASG000cjn4,S4/C13/C13_R1/S4_C13_R1_IMAG4575.JPG,zebra
ASG000cjn4,S4/C13/C13_R1/S4_C13_R1_IMAG4576.JPG,zebra
ASG000ckbb,S4/C13/C13_R1/S4_C13_R1_IMAG4666.JPG,impala
ASG000ckbb,S4/C13/C13_R1/S4_C13_R1_IMAG4667.JPG,impala
ASG000ckbb,S4/C13/C13_R1/S4_C13_R1_IMAG4668.JPG,impala
ASG000cjmm,S4/C13/C13_R1/S4_C13_R1_IMAG4744.JPG,impala
ASG000cjmm,S4/C13/C13_R1/S4_C13_R1_IMAG4745.JPG,impala
ASG000cjmm,S4/C13/C13_R1/S4_C13_R1_IMAG4746.JPG,impala
ASG000cjkc,S4/C13/C13_R1/S4_C13_R1_IMAG4747.JPG,impala
ASG000cjkc,S4/C13/C13_R1/S4_C13_R1_IMAG4748.JPG,impala
ASG000cjkc,S4/C13/C13_R1/S4_C13_R1_IMAG4749.JPG,impala
ASG000ckjj,S4/C13/C13_R1/S4_C13_R1_IMAG4802.JPG,zebra
ASG000ckjj,S4/C13/C13_R1/S4_C13_R1_IMAG4803.JPG,zebra
ASG000ckjj,S4/C13/C13_R1/S4_C13_R1_IMAG4804.JPG,zebra
ASG000cj86,S4/C13/C13_R1/S4_C13_R1_IMAG4909.JPG,zebra
ASG000cj86,S4/C13/C13_R1/S4_C13_R1_IMAG4910.JPG,zebra
ASG000cj86,S4/C13/C13_R1/S4_C13_R1_IMAG4911.JPG,zebra
ASG000cjdf,S4/C13/C13_R1/S4_C13_R1_IMAG5041.JPG,impala
ASG000cjdf,S4/C13/C13_R1/S4_C13_R1_IMAG5042.JPG,impala
ASG000cjdf,S4/C13/C13_R1/S4_C13_R1_IMAG5043.JPG,impala
ASG000cjwa,S4/C13/C13_R1/S4_C13_R1_IMAG5140.JPG,wildebeest
ASG000cjwa,S4/C13/C13_R1/S4_C13_R1_IMAG5141.JPG,wildebeest
ASG000cjwa,S4/C13/C13_R1/S4_C13_R1_IMAG5142.JPG,wildebeest
ASG000cjyd,S4/C13/C13_R1/S4_C13_R1_IMAG5163.JPG,wildebeest
ASG000ckb3,S4/C13/C13_R1/S4_C13_R1_IMAG5176.JPG,wildebeest
ASG000ckb3,S4/C13/C13_R1/S4_C13_R1_IMAG5177.JPG,wildebeest
ASG000ckb3,S4/C13/C13_R1/S4_C13_R1_IMAG5178.JPG,wildebeest
ASG000ck63,S4/C13/C13_R1/S4_C13_R1_IMAG5227.JPG,wildebeest
ASG000ck63,S4/C13/C13_R1/S4_C13_R1_IMAG5228.JPG,wildebeest
ASG000ck63,S4/C13/C13_R1/S4_C13_R1_IMAG5229.JPG,wildebeest
ASG000ciz6,S4/C13/C13_R1/S4_C13_R1_IMAG5317.JPG,wildebeest
ASG000ciz6,S4/C13/C13_R1/S4_C13_R1_IMAG5318.JPG,wildebeest
ASG000ciz6,S4/C13/C13_R1/S4_C13_R1_IMAG5319.JPG,wildebeest
ASG000cjgs,S4/C13/C13_R1/S4_C13_R1_IMAG5378.JPG,wildebeest
ASG000cjgs,S4/C13/C13_R1/S4_C13_R1_IMAG5379.JPG,wildebeest
ASG000cjgs,S4/C13/C13_R1/S4_C13_R1_IMAG5380.JPG,wildebeest
ASG000ckl3,S4/C13/C13_R1/S4_C13_R1_IMAG5395.JPG,impala
ASG000ck49,S4/C13/C13_R1/S4_C13_R1_IMAG5399.JPG,impala
ASG000cjdh,S4/C13/C13_R1/S4_C13_R1_IMAG5418.JPG,wildebeest
ASG000cjdh,S4/C13/C13_R1/S4_C13_R1_IMAG5419.JPG,wildebeest
ASG000cjdh,S4/C13/C13_R1/S4_C13_R1_IMAG5420.JPG,wildebeest
ASG000cjyx,S4/C13/C13_R1/S4_C13_R1_IMAG5421.JPG,wildebeest
ASG000cjyx,S4/C13/C13_R1/S4_C13_R1_IMAG5422.JPG,wildebeest
ASG000cjyx,S4/C13/C13_R1/S4_C13_R1_IMAG5423.JPG,wildebeest
ASG000ckiz,S4/C13/C13_R1/S4_C13_R1_IMAG5463.JPG,wildebeest
ASG000ckiz,S4/C13/C13_R1/S4_C13_R1_IMAG5464.JPG,wildebeest
ASG000ckiz,S4/C13/C13_R1/S4_C13_R1_IMAG5465.JPG,wildebeest
ASG000ckbc,S4/C13/C13_R1/S4_C13_R1_IMAG5496.JPG,wildebeest
ASG000ckbc,S4/C13/C13_R1/S4_C13_R1_IMAG5497.JPG,wildebeest
ASG000ckbc,S4/C13/C13_R1/S4_C13_R1_IMAG5498.JPG,wildebeest
ASG000ck67,S4/C13/C13_R1/S4_C13_R1_IMAG5647.JPG,impala
ASG000ck67,S4/C13/C13_R1/S4_C13_R1_IMAG5648.JPG,impala
ASG000ck67,S4/C13/C13_R1/S4_C13_R1_IMAG5649.JPG,impala
ASG000cjq1,S4/C13/C13_R1/S4_C13_R1_IMAG5802.JPG,warthog
ASG000cjq1,S4/C13/C13_R1/S4_C13_R1_IMAG5803.JPG,warthog
ASG000cjq1,S4/C13/C13_R1/S4_C13_R1_IMAG5804.JPG,warthog
ASG000ckiy,S4/C13/C13_R1/S4_C13_R1_IMAG5817.JPG,zebra
ASG000ckiy,S4/C13/C13_R1/S4_C13_R1_IMAG5818.JPG,zebra
ASG000ckiy,S4/C13/C13_R1/S4_C13_R1_IMAG5819.JPG,zebra
ASG000cjmr,S4/C13/C13_R1/S4_C13_R1_IMAG5913.JPG,zebra
ASG000cjmr,S4/C13/C13_R1/S4_C13_R1_IMAG5914.JPG,zebra
ASG000cjmr,S4/C13/C13_R1/S4_C13_R1_IMAG5915.JPG,zebra
ASG000cjxt,S4/C13/C13_R1/S4_C13_R1_IMAG5928.JPG,zebra
ASG000cjxt,S4/C13/C13_R1/S4_C13_R1_IMAG5929.JPG,zebra
ASG000cjxt,S4/C13/C13_R1/S4_C13_R1_IMAG5930.JPG,zebra
ASG000cj6i,S4/C13/C13_R1/S4_C13_R1_IMAG5934.JPG,zebra
ASG000cj6i,S4/C13/C13_R1/S4_C13_R1_IMAG5935.JPG,zebra
ASG000cj6i,S4/C13/C13_R1/S4_C13_R1_IMAG5936.JPG,zebra
ASG000cjlk,S4/C13/C13_R1/S4_C13_R1_IMAG5967.JPG,giraffe
ASG000cjlk,S4/C13/C13_R1/S4_C13_R1_IMAG5968.JPG,giraffe
ASG000cjlk,S4/C13/C13_R1/S4_C13_R1_IMAG5969.JPG,giraffe
ASG000cjsz,S4/C13/C13_R1/S4_C13_R1_IMAG6024.JPG,zebra
ASG000cjsz,S4/C13/C13_R1/S4_C13_R1_IMAG6025.JPG,zebra
ASG000cjsz,S4/C13/C13_R1/S4_C13_R1_IMAG6026.JPG,zebra
ASG000ck6y,S4/C13/C13_R1/S4_C13_R1_IMAG6087.JPG,zebra
ASG000ck6y,S4/C13/C13_R1/S4_C13_R1_IMAG6088.JPG,zebra
ASG000ck6y,S4/C13/C13_R1/S4_C13_R1_IMAG6089.JPG,zebra
ASG000cjgj,S4/C13/C13_R1/S4_C13_R1_IMAG6180.JPG,zebra
ASG000cjgj,S4/C13/C13_R1/S4_C13_R1_IMAG6181.JPG,zebra
ASG000cjgj,S4/C13/C13_R1/S4_C13_R1_IMAG6182.JPG,zebra
ASG000cixh,S4/C13/C13_R2/S4_C13_R2_IMAG0212.JPG,buffalo
ASG000cixh,S4/C13/C13_R2/S4_C13_R2_IMAG0213.JPG,buffalo
ASG000cixh,S4/C13/C13_R2/S4_C13_R2_IMAG0214.JPG,buffalo
ASG000ciwq,S4/C13/C13_R2/S4_C13_R2_IMAG0253.JPG,impala
ASG000ciwq,S4/C13/C13_R2/S4_C13_R2_IMAG0254.JPG,impala
ASG000ciwq,S4/C13/C13_R2/S4_C13_R2_IMAG0255.JPG,impala
ASG000cinn,S4/C13/C13_R2/S4_C13_R2_IMAG0259.JPG,impala
ASG000cinn,S4/C13/C13_R2/S4_C13_R2_IMAG0260.JPG,impala
ASG000cinn,S4/C13/C13_R2/S4_C13_R2_IMAG0261.JPG,impala
ASG000cim4,S4/C13/C13_R2/S4_C13_R2_IMAG0306.JPG,elephant
ASG000cim4,S4/C13/C13_R2/S4_C13_R2_IMAG0307.JPG,elephant
ASG000cim4,S4/C13/C13_R2/S4_C13_R2_IMAG0308.JPG,elephant
ASG000cith,S4/C13/C13_R2/S4_C13_R2_IMAG0351.JPG,warthog
ASG000cith,S4/C13/C13_R2/S4_C13_R2_IMAG0352.JPG,warthog
ASG000cith,S4/C13/C13_R2/S4_C13_R2_IMAG0353.JPG,warthog
ASG000cio0,S4/C13/C13_R2/S4_C13_R2_IMAG0554.JPG,buffalo
ASG000cio0,S4/C13/C13_R2/S4_C13_R2_IMAG0555.JPG,buffalo
ASG000cio0,S4/C13/C13_R2/S4_C13_R2_IMAG0556.JPG,buffalo
ASG000ciu1,S4/C13/C13_R2/S4_C13_R2_IMAG1333.JPG,warthog
ASG000ciu1,S4/C13/C13_R2/S4_C13_R2_IMAG1334.JPG,warthog
ASG000ciu1,S4/C13/C13_R2/S4_C13_R2_IMAG1335.JPG,warthog
ASG000bcka,S4/D02/D02_R1/S4_D02_R1_IMAG1013.JPG,zebra
ASG000bcka,S4/D02/D02_R1/S4_D02_R1_IMAG1014.JPG,zebra
ASG000bcka,S4/D02/D02_R1/S4_D02_R1_IMAG1015.JPG,zebra
ASG000bbz7,S4/D02/D02_R1/S4_D02_R1_IMAG1049.JPG,wildebeest
ASG000bbz7,S4/D02/D02_R1/S4_D02_R1_IMAG1050.JPG,wildebeest
ASG000bbz7,S4/D02/D02_R1/S4_D02_R1_IMAG1051.JPG,wildebeest
ASG000bbzv,S4/D02/D02_R1/S4_D02_R1_IMAG1106.JPG,wildebeest
ASG000bbzv,S4/D02/D02_R1/S4_D02_R1_IMAG1107.JPG,wildebeest
ASG000bbzv,S4/D02/D02_R1/S4_D02_R1_IMAG1108.JPG,wildebeest
ASG000bcgp,S4/D02/D02_R1/S4_D02_R1_IMAG1112.JPG,wildebeest
ASG000bcgp,S4/D02/D02_R1/S4_D02_R1_IMAG1113.JPG,wildebeest
ASG000bcgp,S4/D02/D02_R1/S4_D02_R1_IMAG1114.JPG,wildebeest
ASG000bc7w,S4/D02/D02_R1/S4_D02_R1_IMAG1124.JPG,buffalo
ASG000bc7w,S4/D02/D02_R1/S4_D02_R1_IMAG1125.JPG,buffalo
ASG000bc7w,S4/D02/D02_R1/S4_D02_R1_IMAG1126.JPG,buffalo
ASG000bc4s,S4/D02/D02_R1/S4_D02_R1_IMAG1280.JPG,wildebeest
ASG000bc4s,S4/D02/D02_R1/S4_D02_R1_IMAG1281.JPG,wildebeest
ASG000bc4s,S4/D02/D02_R1/S4_D02_R1_IMAG1282.JPG,wildebeest
ASG000bbxe,S4/D02/D02_R1/S4_D02_R1_IMAG1340.JPG,wildebeest
ASG000bbxe,S4/D02/D02_R1/S4_D02_R1_IMAG1341.JPG,wildebeest
ASG000bbxe,S4/D02/D02_R1/S4_D02_R1_IMAG1342.JPG,wildebeest
ASG000bcld,S4/D02/D02_R1/S4_D02_R1_IMAG1496.JPG,wildebeest
ASG000bcld,S4/D02/D02_R1/S4_D02_R1_IMAG1497.JPG,wildebeest
ASG000bcld,S4/D02/D02_R1/S4_D02_R1_IMAG1498.JPG,wildebeest
ASG000bcgr,S4/D02/D02_R1/S4_D02_R1_IMAG1572.JPG,wildebeest
ASG000bcgr,S4/D02/D02_R1/S4_D02_R1_IMAG1573.JPG,wildebeest
ASG000bcgr,S4/D02/D02_R1/S4_D02_R1_IMAG1574.JPG,wildebeest
ASG000bc4n,S4/D02/D02_R1/S4_D02_R1_IMAG1629.JPG,wildebeest
ASG000bc4n,S4/D02/D02_R1/S4_D02_R1_IMAG1630.JPG,wildebeest
ASG000bc4n,S4/D02/D02_R1/S4_D02_R1_IMAG1631.JPG,wildebeest
ASG000bcm3,S4/D02/D02_R1/S4_D02_R1_IMAG1759.JPG,zebra
ASG000bc8u,S4/D02/D02_R1/S4_D02_R1_IMAG1902.JPG,wildebeest
ASG000bc8u,S4/D02/D02_R1/S4_D02_R1_IMAG1903.JPG,wildebeest
ASG000bc8u,S4/D02/D02_R1/S4_D02_R1_IMAG1904.JPG,wildebeest
ASG000bchq,S4/D02/D02_R1/S4_D02_R1_IMAG1932.JPG,wildebeest
ASG000bchq,S4/D02/D02_R1/S4_D02_R1_IMAG1933.JPG,wildebeest
ASG000bchq,S4/D02/D02_R1/S4_D02_R1_IMAG1934.JPG,wildebeest
ASG000bc5n,S4/D02/D02_R1/S4_D02_R1_IMAG1944.JPG,wildebeest
ASG000bc5n,S4/D02/D02_R1/S4_D02_R1_IMAG1945.JPG,wildebeest
ASG000bc5n,S4/D02/D02_R1/S4_D02_R1_IMAG1946.JPG,wildebeest
ASG000bcac,S4/D02/D02_R1/S4_D02_R1_IMAG2001.JPG,wildebeest
ASG000bcac,S4/D02/D02_R1/S4_D02_R1_IMAG2002.JPG,wildebeest
ASG000bcac,S4/D02/D02_R1/S4_D02_R1_IMAG2003.JPG,wildebeest
ASG000bck6,S4/D02/D02_R1/S4_D02_R1_IMAG2022.JPG,wildebeest
ASG000bck6,S4/D02/D02_R1/S4_D02_R1_IMAG2023.JPG,wildebeest
ASG000bck6,S4/D02/D02_R1/S4_D02_R1_IMAG2024.JPG,wildebeest
ASG000bc2x,S4/D02/D02_R1/S4_D02_R1_IMAG2025.JPG,wildebeest
ASG000bc2x,S4/D02/D02_R1/S4_D02_R1_IMAG2026.JPG,wildebeest
ASG000bc2x,S4/D02/D02_R1/S4_D02_R1_IMAG2027.JPG,wildebeest
ASG000bbye,S4/D02/D02_R1/S4_D02_R1_IMAG2058.JPG,wildebeest
ASG000bbye,S4/D02/D02_R1/S4_D02_R1_IMAG2059.JPG,wildebeest
ASG000bbye,S4/D02/D02_R1/S4_D02_R1_IMAG2060.JPG,wildebeest
ASG000bc5y,S4/D02/D02_R1/S4_D02_R1_IMAG2091.JPG,wildebeest
ASG000bc5y,S4/D02/D02_R1/S4_D02_R1_IMAG2092.JPG,wildebeest
ASG000bc5y,S4/D02/D02_R1/S4_D02_R1_IMAG2093.JPG,wildebeest
ASG000bcei,S4/D02/D02_R1/S4_D02_R1_IMAG2121.JPG,wildebeest
ASG000bcei,S4/D02/D02_R1/S4_D02_R1_IMAG2122.JPG,wildebeest
ASG000bcei,S4/D02/D02_R1/S4_D02_R1_IMAG2123.JPG,wildebeest
ASG000bby5,S4/D02/D02_R1/S4_D02_R1_IMAG2226.JPG,wildebeest
ASG000bby5,S4/D02/D02_R1/S4_D02_R1_IMAG2227.JPG,wildebeest
ASG000bby5,S4/D02/D02_R1/S4_D02_R1_IMAG2228.JPG,wildebeest
ASG000bc6m,S4/D02/D02_R1/S4_D02_R1_IMAG2277.JPG,wildebeest
ASG000bc6m,S4/D02/D02_R1/S4_D02_R1_IMAG2278.JPG,wildebeest
ASG000bc6m,S4/D02/D02_R1/S4_D02_R1_IMAG2279.JPG,wildebeest
ASG000bcfu,S4/D02/D02_R1/S4_D02_R1_IMAG2412.JPG,wildebeest
ASG000bcfu,S4/D02/D02_R1/S4_D02_R1_IMAG2413.JPG,wildebeest
ASG000bcfu,S4/D02/D02_R1/S4_D02_R1_IMAG2414.JPG,wildebeest
ASG000bc5l,S4/D02/D02_R1/S4_D02_R1_IMAG2421.JPG,wildebeest
ASG000bc5l,S4/D02/D02_R1/S4_D02_R1_IMAG2422.JPG,wildebeest
ASG000bc5l,S4/D02/D02_R1/S4_D02_R1_IMAG2423.JPG,wildebeest
ASG000bc65,S4/D02/D02_R1/S4_D02_R1_IMAG2424.JPG,wildebeest
ASG000bc65,S4/D02/D02_R1/S4_D02_R1_IMAG2425.JPG,wildebeest
ASG000bc65,S4/D02/D02_R1/S4_D02_R1_IMAG2426.JPG,wildebeest
ASG000bcja,S4/D02/D02_R1/S4_D02_R1_IMAG2436.JPG,wildebeest
ASG000bcja,S4/D02/D02_R1/S4_D02_R1_IMAG2437.JPG,wildebeest
ASG000bcja,S4/D02/D02_R1/S4_D02_R1_IMAG2438.JPG,wildebeest
ASG000bc3o,S4/D02/D02_R1/S4_D02_R1_IMAG2448.JPG,wildebeest
ASG000bc3o,S4/D02/D02_R1/S4_D02_R1_IMAG2449.JPG,wildebeest
ASG000bc3o,S4/D02/D02_R1/S4_D02_R1_IMAG2450.JPG,wildebeest
ASG000bcd2,S4/D02/D02_R1/S4_D02_R1_IMAG2475.JPG,wildebeest
ASG000bcd2,S4/D02/D02_R1/S4_D02_R1_IMAG2476.JPG,wildebeest
ASG000bcd2,S4/D02/D02_R1/S4_D02_R1_IMAG2477.JPG,wildebeest
ASG000bcgv,S4/D02/D02_R1/S4_D02_R1_IMAG2542.JPG,zebra
ASG000bcgv,S4/D02/D02_R1/S4_D02_R1_IMAG2543.JPG,zebra
ASG000bcgv,S4/D02/D02_R1/S4_D02_R1_IMAG2544.JPG,zebra
ASG000bc2e,S4/D02/D02_R1/S4_D02_R1_IMAG2560.JPG,zebra
ASG000bc2e,S4/D02/D02_R1/S4_D02_R1_IMAG2561.JPG,zebra
ASG000bc2e,S4/D02/D02_R1/S4_D02_R1_IMAG2562.JPG,zebra
ASG000bc1u,S4/D02/D02_R1/S4_D02_R1_IMAG2563.JPG,zebra
ASG000bc1u,S4/D02/D02_R1/S4_D02_R1_IMAG2564.JPG,zebra
ASG000bc1u,S4/D02/D02_R1/S4_D02_R1_IMAG2565.JPG,zebra
ASG000bc9c,S4/D02/D02_R1/S4_D02_R1_IMAG2590.JPG,elephant
ASG000bcel,S4/D02/D02_R1/S4_D02_R1_IMAG2591.JPG,warthog
ASG000bcel,S4/D02/D02_R1/S4_D02_R1_IMAG2592.JPG,warthog
ASG000bcel,S4/D02/D02_R1/S4_D02_R1_IMAG2593.JPG,warthog
ASG000bbu0,S4/D02/D02_R2/S4_D02_R2_IMAG0023.JPG,giraffe
ASG000bbu0,S4/D02/D02_R2/S4_D02_R2_IMAG0024.JPG,giraffe
ASG000bbu0,S4/D02/D02_R2/S4_D02_R2_IMAG0025.JPG,giraffe
ASG000bbw7,S4/D02/D02_R2/S4_D02_R2_IMAG0068.JPG,buffalo
ASG000bbw7,S4/D02/D02_R2/S4_D02_R2_IMAG0069.JPG,buffalo
ASG000bbw7,S4/D02/D02_R2/S4_D02_R2_IMAG0070.JPG,buffalo
ASG000bbwl,S4/D02/D02_R2/S4_D02_R2_IMAG0083.JPG,buffalo
ASG000bbwl,S4/D02/D02_R2/S4_D02_R2_IMAG0084.JPG,buffalo
ASG000bbwl,S4/D02/D02_R2/S4_D02_R2_IMAG0085.JPG,buffalo
ASG000bbu9,S4/D02/D02_R2/S4_D02_R2_IMAG0108.JPG,buffalo
ASG000bbu9,S4/D02/D02_R2/S4_D02_R2_IMAG0109.JPG,buffalo
ASG000bbu9,S4/D02/D02_R2/S4_D02_R2_IMAG0110.JPG,buffalo
ASG000bbtk,S4/D02/D02_R2/S4_D02_R2_IMAG0138.JPG,warthog
ASG000bbtk,S4/D02/D02_R2/S4_D02_R2_IMAG0139.JPG,warthog
ASG000bbtk,S4/D02/D02_R2/S4_D02_R2_IMAG0140.JPG,warthog
ASG000bbwi,S4/D02/D02_R2/S4_D02_R2_IMAG0177.JPG,warthog
ASG000bbwi,S4/D02/D02_R2/S4_D02_R2_IMAG0178.JPG,warthog
ASG000bbwi,S4/D02/D02_R2/S4_D02_R2_IMAG0179.JPG,warthog
ASG000bbva,S4/D02/D02_R2/S4_D02_R2_IMAG0180.JPG,warthog
ASG000bbva,S4/D02/D02_R2/S4_D02_R2_IMAG0181.JPG,warthog
ASG000bbva,S4/D02/D02_R2/S4_D02_R2_IMAG0182.JPG,warthog
ASG000bbw8,S4/D02/D02_R2/S4_D02_R2_IMAG0183.JPG,warthog
ASG000bbw8,S4/D02/D02_R2/S4_D02_R2_IMAG0184.JPG,warthog
ASG000bbw8,S4/D02/D02_R2/S4_D02_R2_IMAG0185.JPG,warthog
ASG000bbu6,S4/D02/D02_R2/S4_D02_R2_IMAG0261.JPG,warthog
ASG000bbu6,S4/D02/D02_R2/S4_D02_R2_IMAG0262.JPG,warthog
ASG000bbu6,S4/D02/D02_R2/S4_D02_R2_IMAG0263.JPG,warthog
ASG000bbto,S4/D02/D02_R2/S4_D02_R2_IMAG0288.JPG,warthog
ASG000bbto,S4/D02/D02_R2/S4_D02_R2_IMAG0289.JPG,warthog
ASG000bbto,S4/D02/D02_R2/S4_D02_R2_IMAG0290.JPG,warthog
ASG000bbv4,S4/D02/D02_R2/S4_D02_R2_IMAG0297.JPG,warthog
ASG000bbv4,S4/D02/D02_R2/S4_D02_R2_IMAG0298.JPG,warthog
ASG000bbv4,S4/D02/D02_R2/S4_D02_R2_IMAG0299.JPG,warthog
ASG000bbvi,S4/D02/D02_R2/S4_D02_R2_IMAG0319.JPG,warthog
ASG000bbvi,S4/D02/D02_R2/S4_D02_R2_IMAG0320.JPG,warthog
ASG000bbvi,S4/D02/D02_R2/S4_D02_R2_IMAG0321.JPG,warthog
ASG000bbwf,S4/D02/D02_R2/S4_D02_R2_IMAG0352.JPG,warthog
ASG000bbwf,S4/D02/D02_R2/S4_D02_R2_IMAG0353.JPG,warthog
ASG000bbwf,S4/D02/D02_R2/S4_D02_R2_IMAG0354.JPG,warthog
ASG000bbuq,S4/D02/D02_R2/S4_D02_R2_IMAG0355.JPG,warthog
ASG000bbuq,S4/D02/D02_R2/S4_D02_R2_IMAG0356.JPG,warthog
ASG000bbuq,S4/D02/D02_R2/S4_D02_R2_IMAG0357.JPG,warthog
ASG000bbws,S4/D02/D02_R2/S4_D02_R2_IMAG0378.JPG,zebra
ASG000ebmy,S4/D03/D03_R2/S4_D03_R2_IMAG0070.JPG,giraffe
ASG000ebmy,S4/D03/D03_R2/S4_D03_R2_IMAG0071.JPG,giraffe
ASG000ebmy,S4/D03/D03_R2/S4_D03_R2_IMAG0072.JPG,giraffe
ASG000ebpo,S4/D03/D03_R2/S4_D03_R2_IMAG0136.JPG,giraffe
ASG000ebpo,S4/D03/D03_R2/S4_D03_R2_IMAG0137.JPG,giraffe
ASG000ebpo,S4/D03/D03_R2/S4_D03_R2_IMAG0138.JPG,giraffe
ASG000eblb,S4/D03/D03_R2/S4_D03_R2_IMAG0139.JPG,giraffe
ASG000eblb,S4/D03/D03_R2/S4_D03_R2_IMAG0140.JPG,giraffe
ASG000eblb,S4/D03/D03_R2/S4_D03_R2_IMAG0141.JPG,giraffe
ASG000dimo,S4/D04/D04_R2/S4_D04_R2_IMAG0018.JPG,giraffe
ASG000dimo,S4/D04/D04_R2/S4_D04_R2_IMAG0019.JPG,giraffe
ASG000dimo,S4/D04/D04_R2/S4_D04_R2_IMAG0020.JPG,giraffe
ASG000dim1,S4/D04/D04_R2/S4_D04_R2_IMAG0211.JPG,warthog
ASG000dim1,S4/D04/D04_R2/S4_D04_R2_IMAG0212.JPG,warthog
ASG000dim1,S4/D04/D04_R2/S4_D04_R2_IMAG0213.JPG,warthog
ASG000dire,S4/D04/D04_R2/S4_D04_R2_IMAG0303.JPG,warthog
ASG000dire,S4/D04/D04_R2/S4_D04_R2_IMAG0304.JPG,warthog
ASG000dire,S4/D04/D04_R2/S4_D04_R2_IMAG0305.JPG,warthog
ASG000c1gl,S4/D05/D05_R2/S4_D05_R2_IMAG0272.JPG,warthog
ASG000c1gl,S4/D05/D05_R2/S4_D05_R2_IMAG0273.JPG,warthog
ASG000c1gl,S4/D05/D05_R2/S4_D05_R2_IMAG0274.JPG,warthog
ASG000c1v4,S4/D05/D05_R2/S4_D05_R2_IMAG0284.JPG,elephant
ASG000c1v4,S4/D05/D05_R2/S4_D05_R2_IMAG0285.JPG,elephant
ASG000c1v4,S4/D05/D05_R2/S4_D05_R2_IMAG0286.JPG,elephant
ASG000d507,S4/D06/D06_R2/S4_D06_R2_IMAG0215.JPG,wildebeest
ASG000d507,S4/D06/D06_R2/S4_D06_R2_IMAG0216.JPG,wildebeest
ASG000d507,S4/D06/D06_R2/S4_D06_R2_IMAG0217.JPG,wildebeest
ASG000d4r6,S4/D06/D06_R2/S4_D06_R2_IMAG0230.JPG,wildebeest
ASG000d4r6,S4/D06/D06_R2/S4_D06_R2_IMAG0231.JPG,wildebeest
ASG000d4r6,S4/D06/D06_R2/S4_D06_R2_IMAG0232.JPG,wildebeest
ASG000d4l7,S4/D06/D06_R2/S4_D06_R2_IMAG0328.JPG,gazelleThomsons
ASG000d4l7,S4/D06/D06_R2/S4_D06_R2_IMAG0329.JPG,gazelleThomsons
ASG000d4l7,S4/D06/D06_R2/S4_D06_R2_IMAG0330.JPG,gazelleThomsons
ASG000d56z,S4/D06/D06_R2/S4_D06_R2_IMAG0388.JPG,gazelleThomsons
ASG000d56z,S4/D06/D06_R2/S4_D06_R2_IMAG0389.JPG,gazelleThomsons
ASG000d56z,S4/D06/D06_R2/S4_D06_R2_IMAG0390.JPG,gazelleThomsons
ASG000d583,S4/D06/D06_R2/S4_D06_R2_IMAG0566.JPG,gazelleThomsons
ASG000d583,S4/D06/D06_R2/S4_D06_R2_IMAG0567.JPG,gazelleThomsons
ASG000d583,S4/D06/D06_R2/S4_D06_R2_IMAG0568.JPG,gazelleThomsons
ASG000d516,S4/D06/D06_R2/S4_D06_R2_IMAG0722.JPG,gazelleThomsons
ASG000d516,S4/D06/D06_R2/S4_D06_R2_IMAG0723.JPG,gazelleThomsons
ASG000d516,S4/D06/D06_R2/S4_D06_R2_IMAG0724.JPG,gazelleThomsons
ASG000d5dd,S4/D06/D06_R2/S4_D06_R2_IMAG0743.JPG,gazelleThomsons
ASG000d5dd,S4/D06/D06_R2/S4_D06_R2_IMAG0744.JPG,gazelleThomsons
ASG000d5dd,S4/D06/D06_R2/S4_D06_R2_IMAG0745.JPG,gazelleThomsons
ASG000d5dr,S4/D06/D06_R2/S4_D06_R2_IMAG0903.JPG,wildebeest
ASG000d5dr,S4/D06/D06_R2/S4_D06_R2_IMAG0904.JPG,wildebeest
ASG000d5dr,S4/D06/D06_R2/S4_D06_R2_IMAG0905.JPG,wildebeest
ASG000d58h,S4/D06/D06_R2/S4_D06_R2_IMAG0912.JPG,wildebeest
ASG000d58h,S4/D06/D06_R2/S4_D06_R2_IMAG0913.JPG,wildebeest
ASG000d58h,S4/D06/D06_R2/S4_D06_R2_IMAG0914.JPG,wildebeest
ASG000d4rd,S4/D06/D06_R2/S4_D06_R2_IMAG0948.JPG,wildebeest
ASG000d4rd,S4/D06/D06_R2/S4_D06_R2_IMAG0949.JPG,wildebeest
ASG000d4rd,S4/D06/D06_R2/S4_D06_R2_IMAG0950.JPG,wildebeest
ASG000d4mu,S4/D06/D06_R2/S4_D06_R2_IMAG0972.JPG,wildebeest
ASG000d4mu,S4/D06/D06_R2/S4_D06_R2_IMAG0973.JPG,wildebeest
ASG000d4mu,S4/D06/D06_R2/S4_D06_R2_IMAG0974.JPG,wildebeest
ASG000d4zs,S4/D06/D06_R2/S4_D06_R2_IMAG1032.JPG,wildebeest
ASG000d4zs,S4/D06/D06_R2/S4_D06_R2_IMAG1033.JPG,wildebeest
ASG000d4zs,S4/D06/D06_R2/S4_D06_R2_IMAG1034.JPG,wildebeest
ASG000d55p,S4/D06/D06_R2/S4_D06_R2_IMAG1035.JPG,wildebeest
ASG000d55p,S4/D06/D06_R2/S4_D06_R2_IMAG1036.JPG,wildebeest
ASG000d55p,S4/D06/D06_R2/S4_D06_R2_IMAG1037.JPG,wildebeest
ASG000d4sy,S4/D06/D06_R2/S4_D06_R2_IMAG1062.JPG,wildebeest
ASG000d4sy,S4/D06/D06_R2/S4_D06_R2_IMAG1063.JPG,wildebeest
ASG000d4sy,S4/D06/D06_R2/S4_D06_R2_IMAG1064.JPG,wildebeest
ASG000d59m,S4/D06/D06_R2/S4_D06_R2_IMAG1077.JPG,wildebeest
ASG000d59m,S4/D06/D06_R2/S4_D06_R2_IMAG1078.JPG,wildebeest
ASG000d59m,S4/D06/D06_R2/S4_D06_R2_IMAG1079.JPG,wildebeest
ASG000d5du,S4/D06/D06_R2/S4_D06_R2_IMAG1176.JPG,wildebeest
ASG000d5du,S4/D06/D06_R2/S4_D06_R2_IMAG1177.JPG,wildebeest
ASG000d5du,S4/D06/D06_R2/S4_D06_R2_IMAG1178.JPG,wildebeest
ASG000d5ak,S4/D06/D06_R2/S4_D06_R2_IMAG1242.JPG,wildebeest
ASG000d5ak,S4/D06/D06_R2/S4_D06_R2_IMAG1243.JPG,wildebeest
ASG000d5ak,S4/D06/D06_R2/S4_D06_R2_IMAG1244.JPG,wildebeest
ASG000d52z,S4/D06/D06_R2/S4_D06_R2_IMAG1272.JPG,wildebeest
ASG000d52z,S4/D06/D06_R2/S4_D06_R2_IMAG1273.JPG,wildebeest
ASG000d52z,S4/D06/D06_R2/S4_D06_R2_IMAG1274.JPG,wildebeest
ASG000d51g,S4/D06/D06_R2/S4_D06_R2_IMAG1275.JPG,wildebeest
ASG000d51g,S4/D06/D06_R2/S4_D06_R2_IMAG1276.JPG,wildebeest
ASG000d51g,S4/D06/D06_R2/S4_D06_R2_IMAG1277.JPG,wildebeest
ASG000d51x,S4/D06/D06_R2/S4_D06_R2_IMAG1379.JPG,zebra
ASG000d51x,S4/D06/D06_R2/S4_D06_R2_IMAG1380.JPG,zebra
ASG000d51x,S4/D06/D06_R2/S4_D06_R2_IMAG1381.JPG,zebra
ASG000d53t,S4/D06/D06_R2/S4_D06_R2_IMAG1400.JPG,zebra
ASG000d53t,S4/D06/D06_R2/S4_D06_R2_IMAG1401.JPG,zebra
ASG000d53t,S4/D06/D06_R2/S4_D06_R2_IMAG1402.JPG,zebra
ASG000d5av,S4/D06/D06_R2/S4_D06_R2_IMAG1409.JPG,wildebeest
ASG000d5av,S4/D06/D06_R2/S4_D06_R2_IMAG1410.JPG,wildebeest
ASG000d5av,S4/D06/D06_R2/S4_D06_R2_IMAG1411.JPG,wildebeest
ASG000d506,S4/D06/D06_R2/S4_D06_R2_IMAG1484.JPG,wildebeest
ASG000d506,S4/D06/D06_R2/S4_D06_R2_IMAG1485.JPG,wildebeest
ASG000d506,S4/D06/D06_R2/S4_D06_R2_IMAG1486.JPG,wildebeest
ASG000d4ro,S4/D06/D06_R2/S4_D06_R2_IMAG1553.JPG,wildebeest
ASG000d4ro,S4/D06/D06_R2/S4_D06_R2_IMAG1554.JPG,wildebeest
ASG000d4ro,S4/D06/D06_R2/S4_D06_R2_IMAG1555.JPG,wildebeest
ASG000d5cm,S4/D06/D06_R2/S4_D06_R2_IMAG1556.JPG,wildebeest
ASG000d5cm,S4/D06/D06_R2/S4_D06_R2_IMAG1557.JPG,wildebeest
ASG000d5cm,S4/D06/D06_R2/S4_D06_R2_IMAG1558.JPG,wildebeest
ASG000d4lg,S4/D06/D06_R2/S4_D06_R2_IMAG1601.JPG,wildebeest
ASG000d4lg,S4/D06/D06_R2/S4_D06_R2_IMAG1602.JPG,wildebeest
ASG000d4lg,S4/D06/D06_R2/S4_D06_R2_IMAG1603.JPG,wildebeest
ASG000d4sh,S4/D06/D06_R2/S4_D06_R2_IMAG1628.JPG,wildebeest
ASG000d4sh,S4/D06/D06_R2/S4_D06_R2_IMAG1629.JPG,wildebeest
ASG000d4sh,S4/D06/D06_R2/S4_D06_R2_IMAG1630.JPG,wildebeest
ASG000d4wi,S4/D06/D06_R2/S4_D06_R2_IMAG1703.JPG,wildebeest
ASG000d4wi,S4/D06/D06_R2/S4_D06_R2_IMAG1704.JPG,wildebeest
ASG000d4wi,S4/D06/D06_R2/S4_D06_R2_IMAG1705.JPG,wildebeest
ASG000d57r,S4/D06/D06_R2/S4_D06_R2_IMAG1733.JPG,wildebeest
ASG000d57r,S4/D06/D06_R2/S4_D06_R2_IMAG1734.JPG,wildebeest
ASG000d57r,S4/D06/D06_R2/S4_D06_R2_IMAG1735.JPG,wildebeest
ASG000d4nh,S4/D06/D06_R2/S4_D06_R2_IMAG1751.JPG,wildebeest
ASG000d4nh,S4/D06/D06_R2/S4_D06_R2_IMAG1752.JPG,wildebeest
ASG000d4nh,S4/D06/D06_R2/S4_D06_R2_IMAG1753.JPG,wildebeest
ASG000d4y2,S4/D06/D06_R2/S4_D06_R2_IMAG1868.JPG,wildebeest
ASG000d4y2,S4/D06/D06_R2/S4_D06_R2_IMAG1869.JPG,wildebeest
ASG000d4y2,S4/D06/D06_R2/S4_D06_R2_IMAG1870.JPG,wildebeest
ASG000d57d,S4/D06/D06_R2/S4_D06_R2_IMAG1886.JPG,wildebeest
ASG000d57d,S4/D06/D06_R2/S4_D06_R2_IMAG1887.JPG,wildebeest
ASG000d57d,S4/D06/D06_R2/S4_D06_R2_IMAG1888.JPG,wildebeest
ASG000d4or,S4/D06/D06_R2/S4_D06_R2_IMAG1913.JPG,wildebeest
ASG000d4or,S4/D06/D06_R2/S4_D06_R2_IMAG1914.JPG,wildebeest
ASG000d4or,S4/D06/D06_R2/S4_D06_R2_IMAG1915.JPG,wildebeest
ASG000d578,S4/D06/D06_R2/S4_D06_R2_IMAG2009.JPG,wildebeest
ASG000d578,S4/D06/D06_R2/S4_D06_R2_IMAG2010.JPG,wildebeest
ASG000d578,S4/D06/D06_R2/S4_D06_R2_IMAG2011.JPG,wildebeest
ASG000d52v,S4/D06/D06_R2/S4_D06_R2_IMAG2069.JPG,wildebeest
ASG000d52v,S4/D06/D06_R2/S4_D06_R2_IMAG2070.JPG,wildebeest
ASG000d52v,S4/D06/D06_R2/S4_D06_R2_IMAG2071.JPG,wildebeest
ASG000d4wp,S4/D06/D06_R2/S4_D06_R2_IMAG2114.JPG,wildebeest
ASG000d4wp,S4/D06/D06_R2/S4_D06_R2_IMAG2115.JPG,wildebeest
ASG000d4wp,S4/D06/D06_R2/S4_D06_R2_IMAG2116.JPG,wildebeest
ASG000d4p0,S4/D06/D06_R2/S4_D06_R2_IMAG2135.JPG,wildebeest
ASG000d4p0,S4/D06/D06_R2/S4_D06_R2_IMAG2136.JPG,wildebeest
ASG000d4p0,S4/D06/D06_R2/S4_D06_R2_IMAG2137.JPG,wildebeest
ASG000d4my,S4/D06/D06_R2/S4_D06_R2_IMAG2255.JPG,wildebeest
ASG000d4my,S4/D06/D06_R2/S4_D06_R2_IMAG2256.JPG,wildebeest
ASG000d4my,S4/D06/D06_R2/S4_D06_R2_IMAG2257.JPG,wildebeest
ASG000d57w,S4/D06/D06_R2/S4_D06_R2_IMAG2288.JPG,wildebeest
ASG000d57w,S4/D06/D06_R2/S4_D06_R2_IMAG2289.JPG,wildebeest
ASG000d57w,S4/D06/D06_R2/S4_D06_R2_IMAG2290.JPG,wildebeest
ASG000d50r,S4/D06/D06_R2/S4_D06_R2_IMAG2312.JPG,wildebeest
ASG000d50r,S4/D06/D06_R2/S4_D06_R2_IMAG2313.JPG,wildebeest
ASG000d50r,S4/D06/D06_R2/S4_D06_R2_IMAG2314.JPG,wildebeest
ASG000d55z,S4/D06/D06_R2/S4_D06_R2_IMAG2321.JPG,wildebeest
ASG000d55z,S4/D06/D06_R2/S4_D06_R2_IMAG2322.JPG,wildebeest
ASG000d55z,S4/D06/D06_R2/S4_D06_R2_IMAG2323.JPG,wildebeest
ASG000d5c3,S4/D06/D06_R2/S4_D06_R2_IMAG2333.JPG,wildebeest
ASG000d5c3,S4/D06/D06_R2/S4_D06_R2_IMAG2334.JPG,wildebeest
ASG000d5c3,S4/D06/D06_R2/S4_D06_R2_IMAG2335.JPG,wildebeest
ASG000d4up,S4/D06/D06_R2/S4_D06_R2_IMAG2351.JPG,wildebeest
ASG000d4up,S4/D06/D06_R2/S4_D06_R2_IMAG2352.JPG,wildebeest
ASG000d4up,S4/D06/D06_R2/S4_D06_R2_IMAG2353.JPG,wildebeest
ASG000d580,S4/D06/D06_R2/S4_D06_R2_IMAG2363.JPG,wildebeest
ASG000d580,S4/D06/D06_R2/S4_D06_R2_IMAG2364.JPG,wildebeest
ASG000d580,S4/D06/D06_R2/S4_D06_R2_IMAG2365.JPG,wildebeest
ASG000d4n6,S4/D06/D06_R2/S4_D06_R2_IMAG2549.JPG,wildebeest
ASG000d4n6,S4/D06/D06_R2/S4_D06_R2_IMAG2550.JPG,wildebeest
ASG000d4n6,S4/D06/D06_R2/S4_D06_R2_IMAG2551.JPG,wildebeest
ASG000d4ph,S4/D06/D06_R2/S4_D06_R2_IMAG2606.JPG,wildebeest
ASG000d4ph,S4/D06/D06_R2/S4_D06_R2_IMAG2607.JPG,wildebeest
ASG000d4ph,S4/D06/D06_R2/S4_D06_R2_IMAG2608.JPG,wildebeest
ASG000d529,S4/D06/D06_R2/S4_D06_R2_IMAG2621.JPG,wildebeest
ASG000d529,S4/D06/D06_R2/S4_D06_R2_IMAG2622.JPG,wildebeest
ASG000d529,S4/D06/D06_R2/S4_D06_R2_IMAG2623.JPG,wildebeest
ASG000d4m1,S4/D06/D06_R2/S4_D06_R2_IMAG2648.JPG,wildebeest
ASG000d4m1,S4/D06/D06_R2/S4_D06_R2_IMAG2649.JPG,wildebeest
ASG000d4m1,S4/D06/D06_R2/S4_D06_R2_IMAG2650.JPG,wildebeest
ASG000d55m,S4/D06/D06_R2/S4_D06_R2_IMAG2654.JPG,wildebeest
ASG000d55m,S4/D06/D06_R2/S4_D06_R2_IMAG2655.JPG,wildebeest
ASG000d55m,S4/D06/D06_R2/S4_D06_R2_IMAG2656.JPG,wildebeest
ASG000d51j,S4/D06/D06_R2/S4_D06_R2_IMAG2687.JPG,wildebeest
ASG000d51j,S4/D06/D06_R2/S4_D06_R2_IMAG2688.JPG,wildebeest
ASG000d51j,S4/D06/D06_R2/S4_D06_R2_IMAG2689.JPG,wildebeest
ASG000d572,S4/D06/D06_R2/S4_D06_R2_IMAG2702.JPG,wildebeest
ASG000d572,S4/D06/D06_R2/S4_D06_R2_IMAG2703.JPG,wildebeest
ASG000d572,S4/D06/D06_R2/S4_D06_R2_IMAG2704.JPG,wildebeest
ASG000d561,S4/D06/D06_R2/S4_D06_R2_IMAG2738.JPG,wildebeest
ASG000d561,S4/D06/D06_R2/S4_D06_R2_IMAG2739.JPG,wildebeest
ASG000d561,S4/D06/D06_R2/S4_D06_R2_IMAG2740.JPG,wildebeest
ASG000d589,S4/D06/D06_R2/S4_D06_R2_IMAG2813.JPG,wildebeest
ASG000d589,S4/D06/D06_R2/S4_D06_R2_IMAG2814.JPG,wildebeest
ASG000d589,S4/D06/D06_R2/S4_D06_R2_IMAG2815.JPG,wildebeest
ASG000d56y,S4/D06/D06_R2/S4_D06_R2_IMAG2866.JPG,warthog
ASG000d56y,S4/D06/D06_R2/S4_D06_R2_IMAG2867.JPG,warthog
ASG000d56y,S4/D06/D06_R2/S4_D06_R2_IMAG2868.JPG,warthog
ASG000eiz2,S4/D07/D07_R1/S4_D07_R1_IMAG0016.JPG,elephant
ASG000eiz2,S4/D07/D07_R1/S4_D07_R1_IMAG0017.JPG,elephant
ASG000eiz2,S4/D07/D07_R1/S4_D07_R1_IMAG0018.JPG,elephant
ASG000ej1h,S4/D07/D07_R1/S4_D07_R1_IMAG0067.JPG,elephant
ASG000ej1h,S4/D07/D07_R1/S4_D07_R1_IMAG0068.JPG,elephant
ASG000ej1h,S4/D07/D07_R1/S4_D07_R1_IMAG0069.JPG,elephant
ASG000ej0o,S4/D07/D07_R1/S4_D07_R1_IMAG0187.JPG,zebra
ASG000eiym,S4/D07/D07_R1/S4_D07_R1_IMAG0190.JPG,zebra
ASG000ej0m,S4/D07/D07_R1/S4_D07_R1_IMAG0257.JPG,zebra
ASG000ej19,S4/D07/D07_R1/S4_D07_R1_IMAG0277.JPG,zebra
ASG000baqo,S4/D08/D08_R1/S4_D08_R1_IMAG0088.JPG,buffalo
ASG000b90n,S4/D08/D08_R2/S4_D08_R2_IMAG1080.JPG,zebra
ASG000b9ep,S4/D08/D08_R2/S4_D08_R2_IMAG1620.JPG,wildebeest
ASG000b9ep,S4/D08/D08_R2/S4_D08_R2_IMAG1621.JPG,wildebeest
ASG000b9ep,S4/D08/D08_R2/S4_D08_R2_IMAG1622.JPG,wildebeest
ASG000edpj,S4/D09/D09_R2/S4_D09_R2_IMAG0016.JPG,zebra
ASG000edpj,S4/D09/D09_R2/S4_D09_R2_IMAG0017.JPG,zebra
ASG000edpj,S4/D09/D09_R2/S4_D09_R2_IMAG0018.JPG,zebra
ASG000edqu,S4/D09/D09_R2/S4_D09_R2_IMAG0088.JPG,zebra
ASG000edqu,S4/D09/D09_R2/S4_D09_R2_IMAG0089.JPG,zebra
ASG000edqu,S4/D09/D09_R2/S4_D09_R2_IMAG0090.JPG,zebra
ASG000edri,S4/D09/D09_R2/S4_D09_R2_IMAG0163.JPG,wildebeest
ASG000edri,S4/D09/D09_R2/S4_D09_R2_IMAG0164.JPG,wildebeest
ASG000edri,S4/D09/D09_R2/S4_D09_R2_IMAG0165.JPG,wildebeest
ASG000edjf,S4/D09/D09_R2/S4_D09_R2_IMAG0169.JPG,wildebeest
ASG000edjf,S4/D09/D09_R2/S4_D09_R2_IMAG0170.JPG,wildebeest
ASG000edjf,S4/D09/D09_R2/S4_D09_R2_IMAG0171.JPG,wildebeest
ASG000edf4,S4/D09/D09_R2/S4_D09_R2_IMAG0181.JPG,wildebeest
ASG000edf4,S4/D09/D09_R2/S4_D09_R2_IMAG0182.JPG,wildebeest
ASG000edf4,S4/D09/D09_R2/S4_D09_R2_IMAG0183.JPG,wildebeest
ASG000edph,S4/D09/D09_R2/S4_D09_R2_IMAG0286.JPG,wildebeest
ASG000edph,S4/D09/D09_R2/S4_D09_R2_IMAG0287.JPG,wildebeest
ASG000edph,S4/D09/D09_R2/S4_D09_R2_IMAG0288.JPG,wildebeest
ASG000edh3,S4/D09/D09_R2/S4_D09_R2_IMAG0454.JPG,wildebeest
ASG000edh3,S4/D09/D09_R2/S4_D09_R2_IMAG0455.JPG,wildebeest
ASG000edh3,S4/D09/D09_R2/S4_D09_R2_IMAG0456.JPG,wildebeest
ASG000edoh,S4/D09/D09_R2/S4_D09_R2_IMAG0520.JPG,wildebeest
ASG000edoh,S4/D09/D09_R2/S4_D09_R2_IMAG0521.JPG,wildebeest
ASG000edoh,S4/D09/D09_R2/S4_D09_R2_IMAG0522.JPG,wildebeest
ASG000edmk,S4/D09/D09_R2/S4_D09_R2_IMAG0523.JPG,wildebeest
ASG000edmk,S4/D09/D09_R2/S4_D09_R2_IMAG0524.JPG,wildebeest
ASG000edmk,S4/D09/D09_R2/S4_D09_R2_IMAG0525.JPG,wildebeest
ASG000edel,S4/D09/D09_R2/S4_D09_R2_IMAG0535.JPG,wildebeest
ASG000edel,S4/D09/D09_R2/S4_D09_R2_IMAG0536.JPG,wildebeest
ASG000edel,S4/D09/D09_R2/S4_D09_R2_IMAG0537.JPG,wildebeest
ASG000edle,S4/D09/D09_R2/S4_D09_R2_IMAG0586.JPG,wildebeest
ASG000edle,S4/D09/D09_R2/S4_D09_R2_IMAG0587.JPG,wildebeest
ASG000edle,S4/D09/D09_R2/S4_D09_R2_IMAG0588.JPG,wildebeest
ASG000edek,S4/D09/D09_R2/S4_D09_R2_IMAG0598.JPG,wildebeest
ASG000edek,S4/D09/D09_R2/S4_D09_R2_IMAG0599.JPG,wildebeest
ASG000edek,S4/D09/D09_R2/S4_D09_R2_IMAG0600.JPG,wildebeest
ASG000edn4,S4/D09/D09_R2/S4_D09_R2_IMAG0715.JPG,wildebeest
ASG000edn4,S4/D09/D09_R2/S4_D09_R2_IMAG0716.JPG,wildebeest
ASG000edn4,S4/D09/D09_R2/S4_D09_R2_IMAG0717.JPG,wildebeest
ASG000edq0,S4/D09/D09_R2/S4_D09_R2_IMAG0769.JPG,wildebeest
ASG000edq0,S4/D09/D09_R2/S4_D09_R2_IMAG0770.JPG,wildebeest
ASG000edq0,S4/D09/D09_R2/S4_D09_R2_IMAG0771.JPG,wildebeest
ASG000edfm,S4/D09/D09_R2/S4_D09_R2_IMAG0772.JPG,wildebeest
ASG000edfm,S4/D09/D09_R2/S4_D09_R2_IMAG0773.JPG,wildebeest
ASG000edfm,S4/D09/D09_R2/S4_D09_R2_IMAG0774.JPG,wildebeest
ASG000edl8,S4/D09/D09_R2/S4_D09_R2_IMAG0781.JPG,wildebeest
ASG000edl8,S4/D09/D09_R2/S4_D09_R2_IMAG0782.JPG,wildebeest
ASG000edl8,S4/D09/D09_R2/S4_D09_R2_IMAG0783.JPG,wildebeest
ASG000edkk,S4/D09/D09_R2/S4_D09_R2_IMAG0832.JPG,wildebeest
ASG000edkk,S4/D09/D09_R2/S4_D09_R2_IMAG0833.JPG,wildebeest
ASG000edkk,S4/D09/D09_R2/S4_D09_R2_IMAG0834.JPG,wildebeest
ASG000edk9,S4/D09/D09_R2/S4_D09_R2_IMAG0838.JPG,wildebeest
ASG000edk9,S4/D09/D09_R2/S4_D09_R2_IMAG0839.JPG,wildebeest
ASG000edk9,S4/D09/D09_R2/S4_D09_R2_IMAG0840.JPG,wildebeest
ASG000edie,S4/D09/D09_R2/S4_D09_R2_IMAG0850.JPG,wildebeest
ASG000edie,S4/D09/D09_R2/S4_D09_R2_IMAG0851.JPG,wildebeest
ASG000edie,S4/D09/D09_R2/S4_D09_R2_IMAG0852.JPG,wildebeest
ASG000edol,S4/D09/D09_R2/S4_D09_R2_IMAG0920.JPG,wildebeest
ASG000edol,S4/D09/D09_R2/S4_D09_R2_IMAG0921.JPG,wildebeest
ASG000edol,S4/D09/D09_R2/S4_D09_R2_IMAG0922.JPG,wildebeest
ASG000edo1,S4/D09/D09_R2/S4_D09_R2_IMAG0941.JPG,wildebeest
ASG000edo1,S4/D09/D09_R2/S4_D09_R2_IMAG0942.JPG,wildebeest
ASG000edo1,S4/D09/D09_R2/S4_D09_R2_IMAG0943.JPG,wildebeest
ASG000edi6,S4/D09/D09_R2/S4_D09_R2_IMAG1079.JPG,wildebeest
ASG000edi6,S4/D09/D09_R2/S4_D09_R2_IMAG1080.JPG,wildebeest
ASG000edi6,S4/D09/D09_R2/S4_D09_R2_IMAG1081.JPG,wildebeest
ASG000edhm,S4/D09/D09_R2/S4_D09_R2_IMAG1106.JPG,wildebeest
ASG000edhm,S4/D09/D09_R2/S4_D09_R2_IMAG1107.JPG,wildebeest
ASG000edhm,S4/D09/D09_R2/S4_D09_R2_IMAG1108.JPG,wildebeest
ASG000bi9h,S4/D11/D11_R1/S4_D11_R1_IMAG0095.JPG,giraffe
ASG000bi9h,S4/D11/D11_R1/S4_D11_R1_IMAG0096.JPG,giraffe
ASG000bi9h,S4/D11/D11_R1/S4_D11_R1_IMAG0097.JPG,giraffe
ASG000bioc,S4/D11/D11_R1/S4_D11_R1_IMAG0118.JPG,elephant
ASG000bijm,S4/D11/D11_R1/S4_D11_R1_IMAG0133.JPG,elephant
ASG000bikc,S4/D11/D11_R1/S4_D11_R1_IMAG0372.JPG,wildebeest
ASG000bikc,S4/D11/D11_R1/S4_D11_R1_IMAG0373.JPG,wildebeest
ASG000bikc,S4/D11/D11_R1/S4_D11_R1_IMAG0374.JPG,wildebeest
ASG000big4,S4/D11/D11_R1/S4_D11_R1_IMAG0378.JPG,wildebeest
ASG000big4,S4/D11/D11_R1/S4_D11_R1_IMAG0379.JPG,wildebeest
ASG000big4,S4/D11/D11_R1/S4_D11_R1_IMAG0380.JPG,wildebeest
ASG000bi7r,S4/D11/D11_R1/S4_D11_R1_IMAG0417.JPG,wildebeest
ASG000bi7r,S4/D11/D11_R1/S4_D11_R1_IMAG0418.JPG,wildebeest
ASG000bi7r,S4/D11/D11_R1/S4_D11_R1_IMAG0419.JPG,wildebeest
ASG000bico,S4/D11/D11_R1/S4_D11_R1_IMAG0441.JPG,wildebeest
ASG000bico,S4/D11/D11_R1/S4_D11_R1_IMAG0442.JPG,wildebeest
ASG000bico,S4/D11/D11_R1/S4_D11_R1_IMAG0443.JPG,wildebeest
ASG000binj,S4/D11/D11_R1/S4_D11_R1_IMAG0537.JPG,wildebeest
ASG000binj,S4/D11/D11_R1/S4_D11_R1_IMAG0538.JPG,wildebeest
ASG000binj,S4/D11/D11_R1/S4_D11_R1_IMAG0539.JPG,wildebeest
ASG000bihn,S4/D11/D11_R1/S4_D11_R1_IMAG0591.JPG,wildebeest
ASG000bihn,S4/D11/D11_R1/S4_D11_R1_IMAG0592.JPG,wildebeest
ASG000bihn,S4/D11/D11_R1/S4_D11_R1_IMAG0593.JPG,wildebeest
ASG000bihu,S4/D11/D11_R1/S4_D11_R1_IMAG0594.JPG,wildebeest
ASG000bihu,S4/D11/D11_R1/S4_D11_R1_IMAG0595.JPG,wildebeest
ASG000bihu,S4/D11/D11_R1/S4_D11_R1_IMAG0596.JPG,wildebeest
ASG000bill,S4/D11/D11_R1/S4_D11_R1_IMAG0669.JPG,wildebeest
ASG000bill,S4/D11/D11_R1/S4_D11_R1_IMAG0670.JPG,wildebeest
ASG000bill,S4/D11/D11_R1/S4_D11_R1_IMAG0671.JPG,wildebeest
ASG000bicr,S4/D11/D11_R1/S4_D11_R1_IMAG0786.JPG,wildebeest
ASG000bicr,S4/D11/D11_R1/S4_D11_R1_IMAG0787.JPG,wildebeest
ASG000bicr,S4/D11/D11_R1/S4_D11_R1_IMAG0788.JPG,wildebeest
ASG000bifi,S4/D11/D11_R1/S4_D11_R1_IMAG0804.JPG,wildebeest
ASG000bifi,S4/D11/D11_R1/S4_D11_R1_IMAG0805.JPG,wildebeest
ASG000bifi,S4/D11/D11_R1/S4_D11_R1_IMAG0806.JPG,wildebeest
ASG000bij2,S4/D11/D11_R1/S4_D11_R1_IMAG0891.JPG,wildebeest
ASG000bij2,S4/D11/D11_R1/S4_D11_R1_IMAG0892.JPG,wildebeest
ASG000bij2,S4/D11/D11_R1/S4_D11_R1_IMAG0893.JPG,wildebeest
ASG000biio,S4/D11/D11_R1/S4_D11_R1_IMAG0894.JPG,wildebeest
ASG000biio,S4/D11/D11_R1/S4_D11_R1_IMAG0895.JPG,wildebeest
ASG000biio,S4/D11/D11_R1/S4_D11_R1_IMAG0896.JPG,wildebeest
ASG000bi8c,S4/D11/D11_R1/S4_D11_R1_IMAG1062.JPG,wildebeest
ASG000bi8c,S4/D11/D11_R1/S4_D11_R1_IMAG1063.JPG,wildebeest
ASG000bi8c,S4/D11/D11_R1/S4_D11_R1_IMAG1064.JPG,wildebeest
ASG000bib9,S4/D11/D11_R1/S4_D11_R1_IMAG1445.JPG,wildebeest
ASG000bib9,S4/D11/D11_R1/S4_D11_R1_IMAG1446.JPG,wildebeest
ASG000bib9,S4/D11/D11_R1/S4_D11_R1_IMAG1447.JPG,wildebeest
ASG000bikp,S4/D11/D11_R1/S4_D11_R1_IMAG1507.JPG,wildebeest
ASG000bikp,S4/D11/D11_R1/S4_D11_R1_IMAG1508.JPG,wildebeest
ASG000bikp,S4/D11/D11_R1/S4_D11_R1_IMAG1509.JPG,wildebeest
ASG000biff,S4/D11/D11_R1/S4_D11_R1_IMAG1591.JPG,wildebeest
ASG000biff,S4/D11/D11_R1/S4_D11_R1_IMAG1592.JPG,wildebeest
ASG000biff,S4/D11/D11_R1/S4_D11_R1_IMAG1593.JPG,wildebeest
ASG000bi9e,S4/D11/D11_R1/S4_D11_R1_IMAG1603.JPG,wildebeest
ASG000bi9e,S4/D11/D11_R1/S4_D11_R1_IMAG1604.JPG,wildebeest
ASG000bi9e,S4/D11/D11_R1/S4_D11_R1_IMAG1605.JPG,wildebeest
ASG000bih7,S4/D11/D11_R1/S4_D11_R1_IMAG1630.JPG,wildebeest
ASG000bi3a,S4/D11/D11_R2/S4_D11_R2_IMAG0390.JPG,zebra
ASG000bhsc,S4/D11/D11_R2/S4_D11_R2_IMAG0533.JPG,zebra
ASG000bhsc,S4/D11/D11_R2/S4_D11_R2_IMAG0534.JPG,zebra
ASG000bhsc,S4/D11/D11_R2/S4_D11_R2_IMAG0535.JPG,zebra
ASG000bi6l,S4/D11/D11_R2/S4_D11_R2_IMAG1094.JPG,zebra
ASG000bhwp,S4/D11/D11_R2/S4_D11_R2_IMAG1194.JPG,buffalo
ASG000bhwp,S4/D11/D11_R2/S4_D11_R2_IMAG1195.JPG,buffalo
ASG000bhwp,S4/D11/D11_R2/S4_D11_R2_IMAG1196.JPG,buffalo
ASG000bhxy,S4/D11/D11_R2/S4_D11_R2_IMAG1260.JPG,buffalo
ASG000bhxy,S4/D11/D11_R2/S4_D11_R2_IMAG1261.JPG,buffalo
ASG000bhxy,S4/D11/D11_R2/S4_D11_R2_IMAG1262.JPG,buffalo
ASG000bhpv,S4/D11/D11_R2/S4_D11_R2_IMAG1299.JPG,buffalo
ASG000bhpv,S4/D11/D11_R2/S4_D11_R2_IMAG1300.JPG,buffalo
ASG000bhpv,S4/D11/D11_R2/S4_D11_R2_IMAG1301.JPG,buffalo
ASG000bhgh,S4/D11/D11_R2/S4_D11_R2_IMAG1356.JPG,buffalo
ASG000bhgh,S4/D11/D11_R2/S4_D11_R2_IMAG1357.JPG,buffalo
ASG000bhgh,S4/D11/D11_R2/S4_D11_R2_IMAG1358.JPG,buffalo
ASG000cto3,S4/D12/D12_R2/S4_D12_R2_IMAG0071.JPG,zebra
ASG000cufr,S4/D12/D12_R2/S4_D12_R2_IMAG0077.JPG,zebra
ASG000cura,S4/D12/D12_R2/S4_D12_R2_IMAG0090.JPG,zebra
ASG000cuf3,S4/D12/D12_R2/S4_D12_R2_IMAG0231.JPG,wildebeest
ASG000ctpd,S4/D12/D12_R2/S4_D12_R2_IMAG0239.JPG,zebra
ASG000cuzh,S4/D12/D12_R2/S4_D12_R2_IMAG0248.JPG,zebra
ASG000cur0,S4/D12/D12_R2/S4_D12_R2_IMAG0263.JPG,zebra
ASG000cus6,S4/D12/D12_R2/S4_D12_R2_IMAG0275.JPG,wildebeest
ASG000cuzg,S4/D12/D12_R2/S4_D12_R2_IMAG0299.JPG,wildebeest
ASG000cuy2,S4/D12/D12_R2/S4_D12_R2_IMAG0301.JPG,wildebeest
ASG000cuzz,S4/D12/D12_R2/S4_D12_R2_IMAG0350.JPG,wildebeest
ASG000cush,S4/D12/D12_R2/S4_D12_R2_IMAG0426.JPG,wildebeest
ASG000cush,S4/D12/D12_R2/S4_D12_R2_IMAG0427.JPG,wildebeest
ASG000cush,S4/D12/D12_R2/S4_D12_R2_IMAG0428.JPG,wildebeest
ASG000cu12,S4/D12/D12_R2/S4_D12_R2_IMAG0447.JPG,wildebeest
ASG000cu12,S4/D12/D12_R2/S4_D12_R2_IMAG0448.JPG,wildebeest
ASG000cu12,S4/D12/D12_R2/S4_D12_R2_IMAG0449.JPG,wildebeest
ASG000cut1,S4/D12/D12_R2/S4_D12_R2_IMAG0453.JPG,wildebeest
ASG000cut1,S4/D12/D12_R2/S4_D12_R2_IMAG0454.JPG,wildebeest
ASG000cut1,S4/D12/D12_R2/S4_D12_R2_IMAG0455.JPG,wildebeest
ASG000ctyf,S4/D12/D12_R2/S4_D12_R2_IMAG0504.JPG,wildebeest
ASG000ctyf,S4/D12/D12_R2/S4_D12_R2_IMAG0505.JPG,wildebeest
ASG000ctyf,S4/D12/D12_R2/S4_D12_R2_IMAG0506.JPG,wildebeest
ASG000cu3d,S4/D12/D12_R2/S4_D12_R2_IMAG0600.JPG,wildebeest
ASG000cu3d,S4/D12/D12_R2/S4_D12_R2_IMAG0601.JPG,wildebeest
ASG000cu3d,S4/D12/D12_R2/S4_D12_R2_IMAG0602.JPG,wildebeest
ASG000cty1,S4/D12/D12_R2/S4_D12_R2_IMAG0609.JPG,wildebeest
ASG000cty1,S4/D12/D12_R2/S4_D12_R2_IMAG0610.JPG,wildebeest
ASG000cty1,S4/D12/D12_R2/S4_D12_R2_IMAG0611.JPG,wildebeest
ASG000ctog,S4/D12/D12_R2/S4_D12_R2_IMAG0699.JPG,wildebeest
ASG000ctog,S4/D12/D12_R2/S4_D12_R2_IMAG0700.JPG,wildebeest
ASG000ctog,S4/D12/D12_R2/S4_D12_R2_IMAG0701.JPG,wildebeest
ASG000ctng,S4/D12/D12_R2/S4_D12_R2_IMAG0705.JPG,wildebeest
ASG000ctng,S4/D12/D12_R2/S4_D12_R2_IMAG0706.JPG,wildebeest
ASG000ctng,S4/D12/D12_R2/S4_D12_R2_IMAG0707.JPG,wildebeest
ASG000ctxe,S4/D12/D12_R2/S4_D12_R2_IMAG0735.JPG,wildebeest
ASG000ctxe,S4/D12/D12_R2/S4_D12_R2_IMAG0736.JPG,wildebeest
ASG000ctxe,S4/D12/D12_R2/S4_D12_R2_IMAG0737.JPG,wildebeest
ASG000cu5o,S4/D12/D12_R2/S4_D12_R2_IMAG0780.JPG,wildebeest
ASG000cu5o,S4/D12/D12_R2/S4_D12_R2_IMAG0781.JPG,wildebeest
ASG000cu5o,S4/D12/D12_R2/S4_D12_R2_IMAG0782.JPG,wildebeest
ASG000cttn,S4/D12/D12_R2/S4_D12_R2_IMAG0825.JPG,wildebeest
ASG000cttn,S4/D12/D12_R2/S4_D12_R2_IMAG0826.JPG,wildebeest
ASG000cttn,S4/D12/D12_R2/S4_D12_R2_IMAG0827.JPG,wildebeest
ASG000cu2n,S4/D12/D12_R2/S4_D12_R2_IMAG0840.JPG,wildebeest
ASG000cu2n,S4/D12/D12_R2/S4_D12_R2_IMAG0841.JPG,wildebeest
ASG000cu2n,S4/D12/D12_R2/S4_D12_R2_IMAG0842.JPG,wildebeest
ASG000ctnz,S4/D12/D12_R2/S4_D12_R2_IMAG0861.JPG,zebra
ASG000ctnz,S4/D12/D12_R2/S4_D12_R2_IMAG0862.JPG,zebra
ASG000ctnz,S4/D12/D12_R2/S4_D12_R2_IMAG0863.JPG,zebra
ASG000ctx7,S4/D12/D12_R2/S4_D12_R2_IMAG0879.JPG,wildebeest
ASG000ctx7,S4/D12/D12_R2/S4_D12_R2_IMAG0880.JPG,wildebeest
ASG000ctx7,S4/D12/D12_R2/S4_D12_R2_IMAG0881.JPG,wildebeest
ASG000cuey,S4/D12/D12_R2/S4_D12_R2_IMAG0935.JPG,wildebeest
ASG000cuqt,S4/D12/D12_R2/S4_D12_R2_IMAG0967.JPG,wildebeest
ASG000cuoe,S4/D12/D12_R2/S4_D12_R2_IMAG0969.JPG,wildebeest
ASG000cud8,S4/D12/D12_R2/S4_D12_R2_IMAG0972.JPG,wildebeest
ASG000curx,S4/D12/D12_R2/S4_D12_R2_IMAG0976.JPG,wildebeest
ASG000cuy8,S4/D12/D12_R2/S4_D12_R2_IMAG0985.JPG,wildebeest
ASG000cu7m,S4/D12/D12_R2/S4_D12_R2_IMAG1000.JPG,wildebeest
ASG000cupg,S4/D12/D12_R2/S4_D12_R2_IMAG1036.JPG,zebra
ASG000cupg,S4/D12/D12_R2/S4_D12_R2_IMAG1037.JPG,zebra
ASG000cupg,S4/D12/D12_R2/S4_D12_R2_IMAG1038.JPG,zebra
ASG000cu2t,S4/D12/D12_R2/S4_D12_R2_IMAG1091.JPG,zebra
ASG000cuqw,S4/D12/D12_R2/S4_D12_R2_IMAG1093.JPG,zebra
ASG000ctty,S4/D12/D12_R2/S4_D12_R2_IMAG1100.JPG,wildebeest
ASG000cugk,S4/D12/D12_R2/S4_D12_R2_IMAG1278.JPG,zebra
ASG000cugk,S4/D12/D12_R2/S4_D12_R2_IMAG1279.JPG,zebra
ASG000cugk,S4/D12/D12_R2/S4_D12_R2_IMAG1280.JPG,zebra
ASG000ctqe,S4/D12/D12_R2/S4_D12_R2_IMAG1300.JPG,wildebeest
ASG000ctqe,S4/D12/D12_R2/S4_D12_R2_IMAG1301.JPG,wildebeest
ASG000ctqe,S4/D12/D12_R2/S4_D12_R2_IMAG1302.JPG,wildebeest
ASG000ctmt,S4/D12/D12_R2/S4_D12_R2_IMAG1373.JPG,buffalo
ASG000ctmt,S4/D12/D12_R2/S4_D12_R2_IMAG1374.JPG,buffalo
ASG000ctmt,S4/D12/D12_R2/S4_D12_R2_IMAG1375.JPG,buffalo
ASG000cuyd,S4/D12/D12_R2/S4_D12_R2_IMAG1599.JPG,zebra
ASG000cv00,S4/D12/D12_R2/S4_D12_R2_IMAG1600.JPG,zebra
ASG000cutk,S4/D12/D12_R2/S4_D12_R2_IMAG1750.JPG,zebra
ASG000cuaq,S4/D12/D12_R2/S4_D12_R2_IMAG2158.JPG,warthog
ASG000cuaq,S4/D12/D12_R2/S4_D12_R2_IMAG2159.JPG,warthog
ASG000cuaq,S4/D12/D12_R2/S4_D12_R2_IMAG2160.JPG,warthog
ASG000cutz,S4/D12/D12_R2/S4_D12_R2_IMAG2437.JPG,buffalo
ASG000cutz,S4/D12/D12_R2/S4_D12_R2_IMAG2438.JPG,buffalo
ASG000cutz,S4/D12/D12_R2/S4_D12_R2_IMAG2439.JPG,buffalo
ASG000cuti,S4/D12/D12_R2/S4_D12_R2_IMAG2582.JPG,buffalo
ASG000cuti,S4/D12/D12_R2/S4_D12_R2_IMAG2583.JPG,buffalo
ASG000cuti,S4/D12/D12_R2/S4_D12_R2_IMAG2584.JPG,buffalo
ASG000cu22,S4/D12/D12_R2/S4_D12_R2_IMAG2597.JPG,buffalo
ASG000cu22,S4/D12/D12_R2/S4_D12_R2_IMAG2598.JPG,buffalo
ASG000cu22,S4/D12/D12_R2/S4_D12_R2_IMAG2599.JPG,buffalo
ASG000f2i1,S4/D13/D13_R2/S4_D13_R2_IMAG0188.JPG,wildebeest
ASG000f2i1,S4/D13/D13_R2/S4_D13_R2_IMAG0189.JPG,wildebeest
ASG000f2i1,S4/D13/D13_R2/S4_D13_R2_IMAG0190.JPG,wildebeest
ASG000f2fh,S4/D13/D13_R2/S4_D13_R2_IMAG0325.JPG,zebra
ASG000f2fh,S4/D13/D13_R2/S4_D13_R2_IMAG0326.JPG,zebra
ASG000f2fh,S4/D13/D13_R2/S4_D13_R2_IMAG0327.JPG,zebra
ASG000f2g7,S4/D13/D13_R2/S4_D13_R2_IMAG0570.JPG,wildebeest
ASG000f2g7,S4/D13/D13_R2/S4_D13_R2_IMAG0571.JPG,wildebeest
ASG000f2g7,S4/D13/D13_R2/S4_D13_R2_IMAG0572.JPG,wildebeest
ASG000f2dn,S4/D13/D13_R2/S4_D13_R2_IMAG0597.JPG,zebra
ASG000f2dn,S4/D13/D13_R2/S4_D13_R2_IMAG0598.JPG,zebra
ASG000f2dn,S4/D13/D13_R2/S4_D13_R2_IMAG0599.JPG,zebra
ASG000f2e5,S4/D13/D13_R2/S4_D13_R2_IMAG0700.JPG,zebra
ASG000f2e5,S4/D13/D13_R2/S4_D13_R2_IMAG0701.JPG,zebra
ASG000f2e5,S4/D13/D13_R2/S4_D13_R2_IMAG0702.JPG,zebra
ASG000f2c3,S4/D13/D13_R2/S4_D13_R2_IMAG0709.JPG,wildebeest
ASG000f2c3,S4/D13/D13_R2/S4_D13_R2_IMAG0710.JPG,wildebeest
ASG000f2c3,S4/D13/D13_R2/S4_D13_R2_IMAG0711.JPG,wildebeest
ASG000f2f4,S4/D13/D13_R2/S4_D13_R2_IMAG0901.JPG,wildebeest
ASG000f2f4,S4/D13/D13_R2/S4_D13_R2_IMAG0902.JPG,wildebeest
ASG000f2f4,S4/D13/D13_R2/S4_D13_R2_IMAG0903.JPG,wildebeest
ASG000f2ag,S4/D13/D13_R2/S4_D13_R2_IMAG0916.JPG,wildebeest
ASG000f2ag,S4/D13/D13_R2/S4_D13_R2_IMAG0917.JPG,wildebeest
ASG000f2ag,S4/D13/D13_R2/S4_D13_R2_IMAG0918.JPG,wildebeest
ASG000f30j,S4/D13/D13_R3/S4_D13_R3_IMAG1351.JPG,elephant
ASG000f30j,S4/D13/D13_R3/S4_D13_R3_IMAG1352.JPG,elephant
ASG000f30j,S4/D13/D13_R3/S4_D13_R3_IMAG1353.JPG,elephant
ASG000d9a1,S4/E01/E01_R1/S4_E01_R1_IMAG0212.JPG,zebra
ASG000d9a3,S4/E01/E01_R1/S4_E01_R1_IMAG0215.JPG,zebra
ASG000d9g9,S4/E01/E01_R1/S4_E01_R1_IMAG0217.JPG,zebra
ASG000d9e0,S4/E01/E01_R1/S4_E01_R1_IMAG0224.JPG,zebra
ASG000d9fi,S4/E01/E01_R1/S4_E01_R1_IMAG0225.JPG,impala
ASG000d9b5,S4/E01/E01_R1/S4_E01_R1_IMAG0231.JPG,wildebeest
ASG000d91l,S4/E01/E01_R2/S4_E01_R2_IMAG0177.JPG,impala
ASG000d91l,S4/E01/E01_R2/S4_E01_R2_IMAG0178.JPG,impala
ASG000d91l,S4/E01/E01_R2/S4_E01_R2_IMAG0179.JPG,impala
ASG000d8ml,S4/E01/E01_R2/S4_E01_R2_IMAG0255.JPG,impala
ASG000d8ml,S4/E01/E01_R2/S4_E01_R2_IMAG0256.JPG,impala
ASG000d8ml,S4/E01/E01_R2/S4_E01_R2_IMAG0257.JPG,impala
ASG000d8i0,S4/E01/E01_R2/S4_E01_R2_IMAG0264.JPG,impala
ASG000d8i0,S4/E01/E01_R2/S4_E01_R2_IMAG0265.JPG,impala
ASG000d8i0,S4/E01/E01_R2/S4_E01_R2_IMAG0266.JPG,impala
ASG000d90h,S4/E01/E01_R2/S4_E01_R2_IMAG0267.JPG,impala
ASG000d90h,S4/E01/E01_R2/S4_E01_R2_IMAG0268.JPG,impala
ASG000d90h,S4/E01/E01_R2/S4_E01_R2_IMAG0269.JPG,impala
ASG000d97i,S4/E01/E01_R2/S4_E01_R2_IMAG0303.JPG,impala
ASG000by7u,S4/E02/E02_R1/S4_E02_R1_IMAG0074.JPG,impala
ASG000by7u,S4/E02/E02_R1/S4_E02_R1_IMAG0075.JPG,impala
ASG000by7u,S4/E02/E02_R1/S4_E02_R1_IMAG0076.JPG,impala
ASG000by2s,S4/E02/E02_R1/S4_E02_R1_IMAG0083.JPG,impala
ASG000by2s,S4/E02/E02_R1/S4_E02_R1_IMAG0084.JPG,impala
ASG000by2s,S4/E02/E02_R1/S4_E02_R1_IMAG0085.JPG,impala
ASG000bygb,S4/E02/E02_R1/S4_E02_R1_IMAG0122.JPG,impala
ASG000bygb,S4/E02/E02_R1/S4_E02_R1_IMAG0123.JPG,impala
ASG000bygb,S4/E02/E02_R1/S4_E02_R1_IMAG0124.JPG,impala
ASG000bxte,S4/E02/E02_R1/S4_E02_R1_IMAG0152.JPG,impala
ASG000bxte,S4/E02/E02_R1/S4_E02_R1_IMAG0153.JPG,impala
ASG000bxte,S4/E02/E02_R1/S4_E02_R1_IMAG0154.JPG,impala
ASG000bxn8,S4/E02/E02_R1/S4_E02_R1_IMAG0204.JPG,impala
ASG000bxn8,S4/E02/E02_R1/S4_E02_R1_IMAG0205.JPG,impala
ASG000bxn8,S4/E02/E02_R1/S4_E02_R1_IMAG0206.JPG,impala
ASG000by6r,S4/E02/E02_R1/S4_E02_R1_IMAG0213.JPG,impala
ASG000by6r,S4/E02/E02_R1/S4_E02_R1_IMAG0214.JPG,impala
ASG000by6r,S4/E02/E02_R1/S4_E02_R1_IMAG0215.JPG,impala
ASG000by9v,S4/E02/E02_R1/S4_E02_R1_IMAG0340.JPG,giraffe
ASG000by9v,S4/E02/E02_R1/S4_E02_R1_IMAG0341.JPG,giraffe
ASG000by9v,S4/E02/E02_R1/S4_E02_R1_IMAG0342.JPG,giraffe
ASG000byik,S4/E02/E02_R1/S4_E02_R1_IMAG0349.JPG,giraffe
ASG000byik,S4/E02/E02_R1/S4_E02_R1_IMAG0350.JPG,giraffe
ASG000byik,S4/E02/E02_R1/S4_E02_R1_IMAG0351.JPG,giraffe
ASG000bxs4,S4/E02/E02_R1/S4_E02_R1_IMAG0458.JPG,impala
ASG000bxs4,S4/E02/E02_R1/S4_E02_R1_IMAG0459.JPG,impala
ASG000bxs4,S4/E02/E02_R1/S4_E02_R1_IMAG0460.JPG,impala
ASG000by38,S4/E02/E02_R1/S4_E02_R1_IMAG0497.JPG,impala
ASG000by38,S4/E02/E02_R1/S4_E02_R1_IMAG0498.JPG,impala
ASG000by38,S4/E02/E02_R1/S4_E02_R1_IMAG0499.JPG,impala
ASG000by5s,S4/E02/E02_R1/S4_E02_R1_IMAG0518.JPG,impala
ASG000by5s,S4/E02/E02_R1/S4_E02_R1_IMAG0519.JPG,impala
ASG000by5s,S4/E02/E02_R1/S4_E02_R1_IMAG0520.JPG,impala
ASG000by2g,S4/E02/E02_R1/S4_E02_R1_IMAG0631.JPG,impala
ASG000by2g,S4/E02/E02_R1/S4_E02_R1_IMAG0632.JPG,impala
ASG000by2g,S4/E02/E02_R1/S4_E02_R1_IMAG0633.JPG,impala
ASG000bxws,S4/E02/E02_R1/S4_E02_R1_IMAG0679.JPG,impala
ASG000bxws,S4/E02/E02_R1/S4_E02_R1_IMAG0680.JPG,impala
ASG000bxws,S4/E02/E02_R1/S4_E02_R1_IMAG0681.JPG,impala
ASG000bxzm,S4/E02/E02_R1/S4_E02_R1_IMAG0697.JPG,impala
ASG000bxzm,S4/E02/E02_R1/S4_E02_R1_IMAG0698.JPG,impala
ASG000bxzm,S4/E02/E02_R1/S4_E02_R1_IMAG0699.JPG,impala
ASG000bxv5,S4/E02/E02_R1/S4_E02_R1_IMAG0700.JPG,impala
ASG000bxv5,S4/E02/E02_R1/S4_E02_R1_IMAG0701.JPG,impala
ASG000bxv5,S4/E02/E02_R1/S4_E02_R1_IMAG0702.JPG,impala
ASG000by4w,S4/E02/E02_R1/S4_E02_R1_IMAG0724.JPG,impala
ASG000by4w,S4/E02/E02_R1/S4_E02_R1_IMAG0725.JPG,impala
ASG000by4w,S4/E02/E02_R1/S4_E02_R1_IMAG0726.JPG,impala
ASG000by3x,S4/E02/E02_R1/S4_E02_R1_IMAG0787.JPG,impala
ASG000by3x,S4/E02/E02_R1/S4_E02_R1_IMAG0788.JPG,impala
ASG000by3x,S4/E02/E02_R1/S4_E02_R1_IMAG0789.JPG,impala
ASG000by6x,S4/E02/E02_R1/S4_E02_R1_IMAG0834.JPG,impala
ASG000by6x,S4/E02/E02_R1/S4_E02_R1_IMAG0835.JPG,impala
ASG000by6x,S4/E02/E02_R1/S4_E02_R1_IMAG0836.JPG,impala
ASG000byi4,S4/E02/E02_R1/S4_E02_R1_IMAG0882.JPG,impala
ASG000byi4,S4/E02/E02_R1/S4_E02_R1_IMAG0883.JPG,impala
ASG000byi4,S4/E02/E02_R1/S4_E02_R1_IMAG0884.JPG,impala
ASG000byhp,S4/E02/E02_R1/S4_E02_R1_IMAG0977.JPG,zebra
ASG000byhp,S4/E02/E02_R1/S4_E02_R1_IMAG0978.JPG,zebra
ASG000byhp,S4/E02/E02_R1/S4_E02_R1_IMAG0979.JPG,zebra
ASG000bxx1,S4/E02/E02_R1/S4_E02_R1_IMAG0998.JPG,zebra
ASG000bxx1,S4/E02/E02_R1/S4_E02_R1_IMAG0999.JPG,zebra
ASG000bxx1,S4/E02/E02_R1/S4_E02_R1_IMAG1000.JPG,zebra
ASG000by02,S4/E02/E02_R1/S4_E02_R1_IMAG1004.JPG,zebra
ASG000by02,S4/E02/E02_R1/S4_E02_R1_IMAG1005.JPG,zebra
ASG000by02,S4/E02/E02_R1/S4_E02_R1_IMAG1006.JPG,zebra
ASG000bxp5,S4/E02/E02_R1/S4_E02_R1_IMAG1022.JPG,zebra
ASG000bxp5,S4/E02/E02_R1/S4_E02_R1_IMAG1023.JPG,zebra
ASG000bxp5,S4/E02/E02_R1/S4_E02_R1_IMAG1024.JPG,zebra
ASG000bxt7,S4/E02/E02_R1/S4_E02_R1_IMAG1061.JPG,zebra
ASG000bxt7,S4/E02/E02_R1/S4_E02_R1_IMAG1062.JPG,zebra
ASG000bxt7,S4/E02/E02_R1/S4_E02_R1_IMAG1063.JPG,zebra
ASG000bxu0,S4/E02/E02_R1/S4_E02_R1_IMAG1064.JPG,zebra
ASG000bxu0,S4/E02/E02_R1/S4_E02_R1_IMAG1065.JPG,zebra
ASG000bxu0,S4/E02/E02_R1/S4_E02_R1_IMAG1066.JPG,zebra
ASG000byfp,S4/E02/E02_R1/S4_E02_R1_IMAG1067.JPG,impala
ASG000byfp,S4/E02/E02_R1/S4_E02_R1_IMAG1068.JPG,impala
ASG000byfp,S4/E02/E02_R1/S4_E02_R1_IMAG1069.JPG,impala
ASG000bxsx,S4/E02/E02_R1/S4_E02_R1_IMAG1146.JPG,zebra
ASG000bxsx,S4/E02/E02_R1/S4_E02_R1_IMAG1147.JPG,zebra
ASG000bxsx,S4/E02/E02_R1/S4_E02_R1_IMAG1148.JPG,zebra
ASG000bxqf,S4/E02/E02_R1/S4_E02_R1_IMAG1173.JPG,zebra
ASG000bxqf,S4/E02/E02_R1/S4_E02_R1_IMAG1174.JPG,zebra
ASG000bxqf,S4/E02/E02_R1/S4_E02_R1_IMAG1175.JPG,zebra
ASG000byi7,S4/E02/E02_R1/S4_E02_R1_IMAG1176.JPG,zebra
ASG000byi7,S4/E02/E02_R1/S4_E02_R1_IMAG1177.JPG,zebra
ASG000byi7,S4/E02/E02_R1/S4_E02_R1_IMAG1178.JPG,zebra
ASG000bxon,S4/E02/E02_R1/S4_E02_R1_IMAG1209.JPG,zebra
ASG000bxon,S4/E02/E02_R1/S4_E02_R1_IMAG1210.JPG,zebra
ASG000bxon,S4/E02/E02_R1/S4_E02_R1_IMAG1211.JPG,zebra
ASG000byff,S4/E02/E02_R1/S4_E02_R1_IMAG1236.JPG,zebra
ASG000byff,S4/E02/E02_R1/S4_E02_R1_IMAG1237.JPG,zebra
ASG000byff,S4/E02/E02_R1/S4_E02_R1_IMAG1238.JPG,zebra
ASG000by99,S4/E02/E02_R1/S4_E02_R1_IMAG1320.JPG,zebra
ASG000by99,S4/E02/E02_R1/S4_E02_R1_IMAG1321.JPG,zebra
ASG000by99,S4/E02/E02_R1/S4_E02_R1_IMAG1322.JPG,zebra
ASG000bxo6,S4/E02/E02_R1/S4_E02_R1_IMAG1347.JPG,zebra
ASG000bxo6,S4/E02/E02_R1/S4_E02_R1_IMAG1348.JPG,zebra
ASG000bxo6,S4/E02/E02_R1/S4_E02_R1_IMAG1349.JPG,zebra
ASG000by0f,S4/E02/E02_R1/S4_E02_R1_IMAG1362.JPG,zebra
ASG000by0f,S4/E02/E02_R1/S4_E02_R1_IMAG1363.JPG,zebra
ASG000by0f,S4/E02/E02_R1/S4_E02_R1_IMAG1364.JPG,zebra
ASG000bxt3,S4/E02/E02_R1/S4_E02_R1_IMAG1401.JPG,zebra
ASG000bxt3,S4/E02/E02_R1/S4_E02_R1_IMAG1402.JPG,zebra
ASG000bxt3,S4/E02/E02_R1/S4_E02_R1_IMAG1403.JPG,zebra
ASG000bxn7,S4/E02/E02_R1/S4_E02_R1_IMAG1443.JPG,zebra
ASG000bxn7,S4/E02/E02_R1/S4_E02_R1_IMAG1444.JPG,zebra
ASG000bxn7,S4/E02/E02_R1/S4_E02_R1_IMAG1445.JPG,zebra
ASG000byar,S4/E02/E02_R1/S4_E02_R1_IMAG1461.JPG,zebra
ASG000byar,S4/E02/E02_R1/S4_E02_R1_IMAG1462.JPG,zebra
ASG000byar,S4/E02/E02_R1/S4_E02_R1_IMAG1463.JPG,zebra
ASG000by7r,S4/E02/E02_R1/S4_E02_R1_IMAG1479.JPG,zebra
ASG000by7r,S4/E02/E02_R1/S4_E02_R1_IMAG1480.JPG,zebra
ASG000by7r,S4/E02/E02_R1/S4_E02_R1_IMAG1481.JPG,zebra
ASG000by5e,S4/E02/E02_R1/S4_E02_R1_IMAG1661.JPG,zebra
ASG000by5e,S4/E02/E02_R1/S4_E02_R1_IMAG1662.JPG,zebra
ASG000by5e,S4/E02/E02_R1/S4_E02_R1_IMAG1663.JPG,zebra
ASG000by71,S4/E02/E02_R1/S4_E02_R1_IMAG1664.JPG,zebra
ASG000by71,S4/E02/E02_R1/S4_E02_R1_IMAG1665.JPG,zebra
ASG000by71,S4/E02/E02_R1/S4_E02_R1_IMAG1666.JPG,zebra
ASG000bxz3,S4/E02/E02_R1/S4_E02_R1_IMAG1685.JPG,zebra
ASG000bxz3,S4/E02/E02_R1/S4_E02_R1_IMAG1686.JPG,zebra
ASG000bxz3,S4/E02/E02_R1/S4_E02_R1_IMAG1687.JPG,zebra
ASG000byd6,S4/E02/E02_R1/S4_E02_R1_IMAG1688.JPG,zebra
ASG000byd6,S4/E02/E02_R1/S4_E02_R1_IMAG1689.JPG,zebra
ASG000byd6,S4/E02/E02_R1/S4_E02_R1_IMAG1690.JPG,zebra
ASG000bxp3,S4/E02/E02_R1/S4_E02_R1_IMAG1754.JPG,zebra
ASG000bxp3,S4/E02/E02_R1/S4_E02_R1_IMAG1755.JPG,zebra
ASG000bxp3,S4/E02/E02_R1/S4_E02_R1_IMAG1756.JPG,zebra
ASG000bxn3,S4/E02/E02_R1/S4_E02_R1_IMAG1781.JPG,zebra
ASG000bxn3,S4/E02/E02_R1/S4_E02_R1_IMAG1782.JPG,zebra
ASG000bxn3,S4/E02/E02_R1/S4_E02_R1_IMAG1783.JPG,zebra
ASG000bxp4,S4/E02/E02_R1/S4_E02_R1_IMAG1784.JPG,zebra
ASG000bxp4,S4/E02/E02_R1/S4_E02_R1_IMAG1785.JPG,zebra
ASG000bxp4,S4/E02/E02_R1/S4_E02_R1_IMAG1786.JPG,zebra
ASG000by60,S4/E02/E02_R1/S4_E02_R1_IMAG1793.JPG,zebra
ASG000by60,S4/E02/E02_R1/S4_E02_R1_IMAG1794.JPG,zebra
ASG000by60,S4/E02/E02_R1/S4_E02_R1_IMAG1795.JPG,zebra
ASG000by2c,S4/E02/E02_R1/S4_E02_R1_IMAG1860.JPG,zebra
ASG000by2c,S4/E02/E02_R1/S4_E02_R1_IMAG1861.JPG,zebra
ASG000by2c,S4/E02/E02_R1/S4_E02_R1_IMAG1862.JPG,zebra
ASG000byit,S4/E02/E02_R1/S4_E02_R1_IMAG1896.JPG,zebra
ASG000byit,S4/E02/E02_R1/S4_E02_R1_IMAG1897.JPG,zebra
ASG000byit,S4/E02/E02_R1/S4_E02_R1_IMAG1898.JPG,zebra
ASG000bygx,S4/E02/E02_R1/S4_E02_R1_IMAG1923.JPG,zebra
ASG000bygx,S4/E02/E02_R1/S4_E02_R1_IMAG1924.JPG,zebra
ASG000bygx,S4/E02/E02_R1/S4_E02_R1_IMAG1925.JPG,zebra
ASG000bxux,S4/E02/E02_R1/S4_E02_R1_IMAG1950.JPG,zebra
ASG000bxux,S4/E02/E02_R1/S4_E02_R1_IMAG1951.JPG,zebra
ASG000bxux,S4/E02/E02_R1/S4_E02_R1_IMAG1952.JPG,zebra
ASG000by7v,S4/E02/E02_R1/S4_E02_R1_IMAG1980.JPG,zebra
ASG000by7v,S4/E02/E02_R1/S4_E02_R1_IMAG1981.JPG,zebra
ASG000by7v,S4/E02/E02_R1/S4_E02_R1_IMAG1982.JPG,zebra
ASG000bya0,S4/E02/E02_R1/S4_E02_R1_IMAG2245.JPG,zebra
ASG000bya0,S4/E02/E02_R1/S4_E02_R1_IMAG2246.JPG,zebra
ASG000bya0,S4/E02/E02_R1/S4_E02_R1_IMAG2247.JPG,zebra
ASG000byc9,S4/E02/E02_R1/S4_E02_R1_IMAG2362.JPG,wildebeest
ASG000byc9,S4/E02/E02_R1/S4_E02_R1_IMAG2363.JPG,wildebeest
ASG000byc9,S4/E02/E02_R1/S4_E02_R1_IMAG2364.JPG,wildebeest
ASG000byhm,S4/E02/E02_R1/S4_E02_R1_IMAG2389.JPG,wildebeest
ASG000byhm,S4/E02/E02_R1/S4_E02_R1_IMAG2390.JPG,wildebeest
ASG000byhm,S4/E02/E02_R1/S4_E02_R1_IMAG2391.JPG,wildebeest
ASG000bxst,S4/E02/E02_R1/S4_E02_R1_IMAG2395.JPG,wildebeest
ASG000bxst,S4/E02/E02_R1/S4_E02_R1_IMAG2396.JPG,wildebeest
ASG000bxst,S4/E02/E02_R1/S4_E02_R1_IMAG2397.JPG,wildebeest
ASG000by8p,S4/E02/E02_R1/S4_E02_R1_IMAG2401.JPG,wildebeest
ASG000by8p,S4/E02/E02_R1/S4_E02_R1_IMAG2402.JPG,wildebeest
ASG000by8p,S4/E02/E02_R1/S4_E02_R1_IMAG2403.JPG,wildebeest
ASG000bxok,S4/E02/E02_R1/S4_E02_R1_IMAG2470.JPG,wildebeest
ASG000bxok,S4/E02/E02_R1/S4_E02_R1_IMAG2471.JPG,wildebeest
ASG000bxok,S4/E02/E02_R1/S4_E02_R1_IMAG2472.JPG,wildebeest
ASG000byfn,S4/E02/E02_R1/S4_E02_R1_IMAG2569.JPG,zebra
ASG000byfn,S4/E02/E02_R1/S4_E02_R1_IMAG2570.JPG,zebra
ASG000byfn,S4/E02/E02_R1/S4_E02_R1_IMAG2571.JPG,zebra
ASG000bxzu,S4/E02/E02_R1/S4_E02_R1_IMAG2572.JPG,zebra
ASG000bxzu,S4/E02/E02_R1/S4_E02_R1_IMAG2573.JPG,zebra
ASG000bxzu,S4/E02/E02_R1/S4_E02_R1_IMAG2574.JPG,zebra
ASG000bxre,S4/E02/E02_R1/S4_E02_R1_IMAG2708.JPG,wildebeest
ASG000bxre,S4/E02/E02_R1/S4_E02_R1_IMAG2709.JPG,wildebeest
ASG000bxre,S4/E02/E02_R1/S4_E02_R1_IMAG2710.JPG,wildebeest
ASG000bxsd,S4/E02/E02_R1/S4_E02_R1_IMAG2723.JPG,zebra
ASG000bxsd,S4/E02/E02_R1/S4_E02_R1_IMAG2724.JPG,zebra
ASG000bxsd,S4/E02/E02_R1/S4_E02_R1_IMAG2725.JPG,zebra
ASG000bxzj,S4/E02/E02_R1/S4_E02_R1_IMAG2858.JPG,zebra
ASG000bxzj,S4/E02/E02_R1/S4_E02_R1_IMAG2859.JPG,zebra
ASG000bxzj,S4/E02/E02_R1/S4_E02_R1_IMAG2860.JPG,zebra
ASG000by1u,S4/E02/E02_R1/S4_E02_R1_IMAG2879.JPG,zebra
ASG000by1u,S4/E02/E02_R1/S4_E02_R1_IMAG2880.JPG,zebra
ASG000by1u,S4/E02/E02_R1/S4_E02_R1_IMAG2881.JPG,zebra
ASG000bydg,S4/E02/E02_R1/S4_E02_R1_IMAG2969.JPG,zebra
ASG000bydg,S4/E02/E02_R1/S4_E02_R1_IMAG2970.JPG,zebra
ASG000bydg,S4/E02/E02_R1/S4_E02_R1_IMAG2971.JPG,zebra
ASG000bxnd,S4/E02/E02_R1/S4_E02_R1_IMAG3248.JPG,impala
ASG000bxnd,S4/E02/E02_R1/S4_E02_R1_IMAG3249.JPG,impala
ASG000bxnd,S4/E02/E02_R1/S4_E02_R1_IMAG3250.JPG,impala
ASG000by9m,S4/E02/E02_R1/S4_E02_R1_IMAG3281.JPG,wildebeest
ASG000by9m,S4/E02/E02_R1/S4_E02_R1_IMAG3282.JPG,wildebeest
ASG000by9m,S4/E02/E02_R1/S4_E02_R1_IMAG3283.JPG,wildebeest
ASG000bxnh,S4/E02/E02_R1/S4_E02_R1_IMAG3296.JPG,zebra
ASG000bxnh,S4/E02/E02_R1/S4_E02_R1_IMAG3297.JPG,zebra
ASG000bxnh,S4/E02/E02_R1/S4_E02_R1_IMAG3298.JPG,zebra
ASG000bxzx,S4/E02/E02_R1/S4_E02_R1_IMAG3330.JPG,impala
ASG000bxzx,S4/E02/E02_R1/S4_E02_R1_IMAG3331.JPG,impala
ASG000bxzx,S4/E02/E02_R1/S4_E02_R1_IMAG3332.JPG,impala
ASG000byir,S4/E02/E02_R1/S4_E02_R1_IMAG3417.JPG,zebra
ASG000byir,S4/E02/E02_R1/S4_E02_R1_IMAG3418.JPG,zebra
ASG000byir,S4/E02/E02_R1/S4_E02_R1_IMAG3419.JPG,zebra
ASG000byes,S4/E02/E02_R1/S4_E02_R1_IMAG3489.JPG,wildebeest
ASG000byes,S4/E02/E02_R1/S4_E02_R1_IMAG3490.JPG,wildebeest
ASG000byes,S4/E02/E02_R1/S4_E02_R1_IMAG3491.JPG,wildebeest
ASG000bxzw,S4/E02/E02_R1/S4_E02_R1_IMAG3495.JPG,wildebeest
ASG000bxzw,S4/E02/E02_R1/S4_E02_R1_IMAG3496.JPG,wildebeest
ASG000bxzw,S4/E02/E02_R1/S4_E02_R1_IMAG3497.JPG,wildebeest
ASG000djx9,S4/E03/E03_R1/S4_E03_R1_IMAG0787.JPG,buffalo
ASG000dk0a,S4/E03/E03_R1/S4_E03_R1_IMAG1150.JPG,buffalo
ASG000dk0a,S4/E03/E03_R1/S4_E03_R1_IMAG1151.JPG,buffalo
ASG000dk0a,S4/E03/E03_R1/S4_E03_R1_IMAG1152.JPG,buffalo
ASG000dk3s,S4/E03/E03_R1/S4_E03_R1_IMAG1195.JPG,buffalo
ASG000dk3s,S4/E03/E03_R1/S4_E03_R1_IMAG1196.JPG,buffalo
ASG000dk3s,S4/E03/E03_R1/S4_E03_R1_IMAG1197.JPG,buffalo
ASG000dkaw,S4/E03/E03_R1/S4_E03_R1_IMAG1436.JPG,zebra
ASG000dkjr,S4/E03/E03_R1/S4_E03_R1_IMAG1559.JPG,zebra
ASG000dkk8,S4/E03/E03_R1/S4_E03_R1_IMAG1565.JPG,zebra
ASG000djx2,S4/E03/E03_R1/S4_E03_R1_IMAG1576.JPG,wildebeest
ASG000djx2,S4/E03/E03_R1/S4_E03_R1_IMAG1577.JPG,wildebeest
ASG000djx2,S4/E03/E03_R1/S4_E03_R1_IMAG1578.JPG,wildebeest
ASG000dj1t,S4/E03/E03_R2/S4_E03_R2_IMAG0748.JPG,giraffe
ASG000dj1t,S4/E03/E03_R2/S4_E03_R2_IMAG0749.JPG,giraffe
ASG000dj1t,S4/E03/E03_R2/S4_E03_R2_IMAG0750.JPG,giraffe
ASG000dj7w,S4/E03/E03_R2/S4_E03_R2_IMAG1666.JPG,wildebeest
ASG000djgf,S4/E03/E03_R2/S4_E03_R2_IMAG1710.JPG,giraffe
ASG000djgf,S4/E03/E03_R2/S4_E03_R2_IMAG1711.JPG,giraffe
ASG000djgf,S4/E03/E03_R2/S4_E03_R2_IMAG1712.JPG,giraffe
ASG000dj6g,S4/E03/E03_R2/S4_E03_R2_IMAG1745.JPG,zebra
ASG000djrq,S4/E03/E03_R2/S4_E03_R2_IMAG1762.JPG,giraffe
ASG000djrq,S4/E03/E03_R2/S4_E03_R2_IMAG1763.JPG,giraffe
ASG000djrq,S4/E03/E03_R2/S4_E03_R2_IMAG1764.JPG,giraffe
ASG000dizu,S4/E03/E03_R2/S4_E03_R2_IMAG1783.JPG,warthog
ASG000dizu,S4/E03/E03_R2/S4_E03_R2_IMAG1784.JPG,warthog
ASG000dizu,S4/E03/E03_R2/S4_E03_R2_IMAG1785.JPG,warthog
ASG000djvh,S4/E03/E03_R2/S4_E03_R2_IMAG1809.JPG,zebra
ASG000dj8z,S4/E03/E03_R2/S4_E03_R2_IMAG1934.JPG,giraffe
ASG000dj8z,S4/E03/E03_R2/S4_E03_R2_IMAG1935.JPG,giraffe
ASG000dj8z,S4/E03/E03_R2/S4_E03_R2_IMAG1936.JPG,giraffe
ASG000ee6j,S4/E04/E04_R1/S4_E04_R1_IMAG0045.JPG,warthog
ASG000ee6j,S4/E04/E04_R1/S4_E04_R1_IMAG0046.JPG,warthog
ASG000ee6j,S4/E04/E04_R1/S4_E04_R1_IMAG0047.JPG,warthog
ASG000ee0z,S4/E04/E04_R1/S4_E04_R1_IMAG0062.JPG,hartebeest
ASG000ee0z,S4/E04/E04_R1/S4_E04_R1_IMAG0063.JPG,hartebeest
ASG000ee0z,S4/E04/E04_R1/S4_E04_R1_IMAG0064.JPG,hartebeest
ASG000ee5m,S4/E04/E04_R1/S4_E04_R1_IMAG0200.JPG,warthog
ASG000ee5m,S4/E04/E04_R1/S4_E04_R1_IMAG0201.JPG,warthog
ASG000ee5m,S4/E04/E04_R1/S4_E04_R1_IMAG0202.JPG,warthog
ASG000eef1,S4/E04/E04_R1/S4_E04_R1_IMAG0203.JPG,warthog
ASG000eef1,S4/E04/E04_R1/S4_E04_R1_IMAG0204.JPG,warthog
ASG000eef1,S4/E04/E04_R1/S4_E04_R1_IMAG0205.JPG,warthog
ASG000ee5k,S4/E04/E04_R1/S4_E04_R1_IMAG1019.JPG,giraffe
ASG000ee5k,S4/E04/E04_R1/S4_E04_R1_IMAG1020.JPG,giraffe
ASG000ee5k,S4/E04/E04_R1/S4_E04_R1_IMAG1021.JPG,giraffe
ASG000efle,S4/E04/E04_R2/S4_E04_R2_IMAG0222.JPG,buffalo
ASG000efle,S4/E04/E04_R2/S4_E04_R2_IMAG0223.JPG,buffalo
ASG000efle,S4/E04/E04_R2/S4_E04_R2_IMAG0224.JPG,buffalo
ASG000ef1s,S4/E04/E04_R2/S4_E04_R2_IMAG0291.JPG,giraffe
ASG000ef1s,S4/E04/E04_R2/S4_E04_R2_IMAG0292.JPG,giraffe
ASG000ef1s,S4/E04/E04_R2/S4_E04_R2_IMAG0293.JPG,giraffe
ASG000ef2j,S4/E04/E04_R2/S4_E04_R2_IMAG0294.JPG,giraffe
ASG000ef2j,S4/E04/E04_R2/S4_E04_R2_IMAG0295.JPG,giraffe
ASG000ef2j,S4/E04/E04_R2/S4_E04_R2_IMAG0296.JPG,giraffe
ASG000eevs,S4/E04/E04_R2/S4_E04_R2_IMAG0823.JPG,giraffe
ASG000eevs,S4/E04/E04_R2/S4_E04_R2_IMAG0824.JPG,giraffe
ASG000eevs,S4/E04/E04_R2/S4_E04_R2_IMAG0825.JPG,giraffe
ASG000efbl,S4/E04/E04_R2/S4_E04_R2_IMAG1696.JPG,zebra
ASG000eepf,S4/E04/E04_R2/S4_E04_R2_IMAG2624.JPG,gazelleGrants
ASG000eepf,S4/E04/E04_R2/S4_E04_R2_IMAG2625.JPG,gazelleGrants
ASG000eepf,S4/E04/E04_R2/S4_E04_R2_IMAG2626.JPG,gazelleGrants
ASG000efc5,S4/E04/E04_R2/S4_E04_R2_IMAG2676.JPG,giraffe
ASG000efc5,S4/E04/E04_R2/S4_E04_R2_IMAG2677.JPG,giraffe
ASG000efc5,S4/E04/E04_R2/S4_E04_R2_IMAG2678.JPG,giraffe
ASG000eesz,S4/E04/E04_R2/S4_E04_R2_IMAG2707.JPG,giraffe
ASG000eesz,S4/E04/E04_R2/S4_E04_R2_IMAG2708.JPG,giraffe
ASG000eesz,S4/E04/E04_R2/S4_E04_R2_IMAG2709.JPG,giraffe
ASG000eend,S4/E04/E04_R2/S4_E04_R2_IMAG2734.JPG,giraffe
ASG000eend,S4/E04/E04_R2/S4_E04_R2_IMAG2735.JPG,giraffe
ASG000eend,S4/E04/E04_R2/S4_E04_R2_IMAG2736.JPG,giraffe
ASG000eez3,S4/E04/E04_R2/S4_E04_R2_IMAG2875.JPG,impala
ASG000eez3,S4/E04/E04_R2/S4_E04_R2_IMAG2876.JPG,impala
ASG000eez3,S4/E04/E04_R2/S4_E04_R2_IMAG2877.JPG,impala
ASG000baxg,S4/E05/E05_R2/S4_E05_R2_IMAG0399.JPG,giraffe
ASG000baxg,S4/E05/E05_R2/S4_E05_R2_IMAG0400.JPG,giraffe
ASG000baxg,S4/E05/E05_R2/S4_E05_R2_IMAG0401.JPG,giraffe
ASG000bbrz,S4/E05/E05_R2/S4_E05_R2_IMAG0402.JPG,giraffe
ASG000bbrz,S4/E05/E05_R2/S4_E05_R2_IMAG0403.JPG,giraffe
ASG000bbrz,S4/E05/E05_R2/S4_E05_R2_IMAG0404.JPG,giraffe
ASG000bbcl,S4/E05/E05_R2/S4_E05_R2_IMAG0418.JPG,wildebeest
ASG000bbcl,S4/E05/E05_R2/S4_E05_R2_IMAG0419.JPG,wildebeest
ASG000bbcl,S4/E05/E05_R2/S4_E05_R2_IMAG0420.JPG,wildebeest
ASG000bbne,S4/E05/E05_R2/S4_E05_R2_IMAG0427.JPG,wildebeest
ASG000bbne,S4/E05/E05_R2/S4_E05_R2_IMAG0428.JPG,wildebeest
ASG000bbne,S4/E05/E05_R2/S4_E05_R2_IMAG0429.JPG,wildebeest
ASG000bb5t,S4/E05/E05_R2/S4_E05_R2_IMAG0499.JPG,wildebeest
ASG000bb5t,S4/E05/E05_R2/S4_E05_R2_IMAG0500.JPG,wildebeest
ASG000bb5t,S4/E05/E05_R2/S4_E05_R2_IMAG0501.JPG,wildebeest
ASG000bb8x,S4/E05/E05_R2/S4_E05_R2_IMAG0505.JPG,wildebeest
ASG000bb8x,S4/E05/E05_R2/S4_E05_R2_IMAG0506.JPG,wildebeest
ASG000bb8x,S4/E05/E05_R2/S4_E05_R2_IMAG0507.JPG,wildebeest
ASG000baz0,S4/E05/E05_R2/S4_E05_R2_IMAG0520.JPG,wildebeest
ASG000baz0,S4/E05/E05_R2/S4_E05_R2_IMAG0521.JPG,wildebeest
ASG000baz0,S4/E05/E05_R2/S4_E05_R2_IMAG0522.JPG,wildebeest
ASG000bbc5,S4/E05/E05_R2/S4_E05_R2_IMAG0544.JPG,wildebeest
ASG000bbc5,S4/E05/E05_R2/S4_E05_R2_IMAG0545.JPG,wildebeest
ASG000bbc5,S4/E05/E05_R2/S4_E05_R2_IMAG0546.JPG,wildebeest
ASG000bbqx,S4/E05/E05_R2/S4_E05_R2_IMAG0637.JPG,wildebeest
ASG000bbqx,S4/E05/E05_R2/S4_E05_R2_IMAG0638.JPG,wildebeest
ASG000bbqx,S4/E05/E05_R2/S4_E05_R2_IMAG0639.JPG,wildebeest
ASG000bbj3,S4/E05/E05_R2/S4_E05_R2_IMAG0790.JPG,giraffe
ASG000bbn0,S4/E05/E05_R2/S4_E05_R2_IMAG0793.JPG,giraffe
ASG000bbcm,S4/E05/E05_R2/S4_E05_R2_IMAG1259.JPG,giraffe
ASG000bbcm,S4/E05/E05_R2/S4_E05_R2_IMAG1260.JPG,giraffe
ASG000bbcm,S4/E05/E05_R2/S4_E05_R2_IMAG1261.JPG,giraffe
ASG000bblr,S4/E05/E05_R2/S4_E05_R2_IMAG1472.JPG,giraffe
ASG000bblr,S4/E05/E05_R2/S4_E05_R2_IMAG1473.JPG,giraffe
ASG000bblr,S4/E05/E05_R2/S4_E05_R2_IMAG1474.JPG,giraffe
ASG000cepw,S4/E06/E06_R2/S4_E06_R2_IMAG0039.JPG,zebra
ASG000cepw,S4/E06/E06_R2/S4_E06_R2_IMAG0040.JPG,zebra
ASG000cepw,S4/E06/E06_R2/S4_E06_R2_IMAG0041.JPG,zebra
ASG000ceqj,S4/E06/E06_R2/S4_E06_R2_IMAG0071.JPG,wildebeest
ASG000ceqj,S4/E06/E06_R2/S4_E06_R2_IMAG0072.JPG,wildebeest
ASG000ceqj,S4/E06/E06_R2/S4_E06_R2_IMAG0073.JPG,wildebeest
ASG000cetl,S4/E06/E06_R2/S4_E06_R2_IMAG0080.JPG,wildebeest
ASG000cetl,S4/E06/E06_R2/S4_E06_R2_IMAG0081.JPG,wildebeest
ASG000cetl,S4/E06/E06_R2/S4_E06_R2_IMAG0082.JPG,wildebeest
ASG000cetn,S4/E06/E06_R2/S4_E06_R2_IMAG0107.JPG,wildebeest
ASG000cetn,S4/E06/E06_R2/S4_E06_R2_IMAG0108.JPG,wildebeest
ASG000cetn,S4/E06/E06_R2/S4_E06_R2_IMAG0109.JPG,wildebeest
ASG000ceqt,S4/E06/E06_R2/S4_E06_R2_IMAG0155.JPG,wildebeest
ASG000ceqt,S4/E06/E06_R2/S4_E06_R2_IMAG0156.JPG,wildebeest
ASG000ceqt,S4/E06/E06_R2/S4_E06_R2_IMAG0157.JPG,wildebeest
ASG000ceu5,S4/E06/E06_R2/S4_E06_R2_IMAG0215.JPG,wildebeest
ASG000ceu5,S4/E06/E06_R2/S4_E06_R2_IMAG0216.JPG,wildebeest
ASG000ceu5,S4/E06/E06_R2/S4_E06_R2_IMAG0217.JPG,wildebeest
ASG000cet7,S4/E06/E06_R2/S4_E06_R2_IMAG0404.JPG,zebra
ASG000cet7,S4/E06/E06_R2/S4_E06_R2_IMAG0405.JPG,zebra
ASG000cet7,S4/E06/E06_R2/S4_E06_R2_IMAG0406.JPG,zebra
ASG000cesh,S4/E06/E06_R2/S4_E06_R2_IMAG0528.JPG,elephant
ASG000cesh,S4/E06/E06_R2/S4_E06_R2_IMAG0529.JPG,elephant
ASG000cesh,S4/E06/E06_R2/S4_E06_R2_IMAG0530.JPG,elephant
ASG000ceor,S4/E06/E06_R2/S4_E06_R2_IMAG0569.JPG,zebra
ASG000ceor,S4/E06/E06_R2/S4_E06_R2_IMAG0570.JPG,zebra
ASG000ceor,S4/E06/E06_R2/S4_E06_R2_IMAG0571.JPG,zebra
ASG000ceoj,S4/E06/E06_R2/S4_E06_R2_IMAG0575.JPG,zebra
ASG000ceoj,S4/E06/E06_R2/S4_E06_R2_IMAG0576.JPG,zebra
ASG000ceoj,S4/E06/E06_R2/S4_E06_R2_IMAG0577.JPG,zebra
ASG000cerj,S4/E06/E06_R2/S4_E06_R2_IMAG0590.JPG,zebra
ASG000cerj,S4/E06/E06_R2/S4_E06_R2_IMAG0591.JPG,zebra
ASG000cerj,S4/E06/E06_R2/S4_E06_R2_IMAG0592.JPG,zebra
ASG000ceqw,S4/E06/E06_R2/S4_E06_R2_IMAG0653.JPG,warthog
ASG000ceqw,S4/E06/E06_R2/S4_E06_R2_IMAG0654.JPG,warthog
ASG000ceqw,S4/E06/E06_R2/S4_E06_R2_IMAG0655.JPG,warthog
ASG000ceoc,S4/E06/E06_R2/S4_E06_R2_IMAG0743.JPG,zebra
ASG000ceoc,S4/E06/E06_R2/S4_E06_R2_IMAG0744.JPG,zebra
ASG000ceoc,S4/E06/E06_R2/S4_E06_R2_IMAG0745.JPG,zebra
ASG000ceyd,S4/E06/E06_R2/S4_E06_R2_IMAG0773.JPG,zebra
ASG000ceyd,S4/E06/E06_R2/S4_E06_R2_IMAG0774.JPG,zebra
ASG000ceyd,S4/E06/E06_R2/S4_E06_R2_IMAG0775.JPG,zebra
ASG000cewa,S4/E06/E06_R2/S4_E06_R2_IMAG0800.JPG,zebra
ASG000cewa,S4/E06/E06_R2/S4_E06_R2_IMAG0801.JPG,zebra
ASG000cewa,S4/E06/E06_R2/S4_E06_R2_IMAG0802.JPG,zebra
ASG000cerr,S4/E06/E06_R2/S4_E06_R2_IMAG0803.JPG,zebra
ASG000cerr,S4/E06/E06_R2/S4_E06_R2_IMAG0804.JPG,zebra
ASG000cerr,S4/E06/E06_R2/S4_E06_R2_IMAG0805.JPG,zebra
ASG000cerf,S4/E06/E06_R2/S4_E06_R2_IMAG0815.JPG,zebra
ASG000cerf,S4/E06/E06_R2/S4_E06_R2_IMAG0816.JPG,zebra
ASG000cerf,S4/E06/E06_R2/S4_E06_R2_IMAG0817.JPG,zebra
ASG000c0la,S4/E08/E08_R1/S4_E08_R1_IMAG0450.JPG,giraffe
ASG000c0la,S4/E08/E08_R1/S4_E08_R1_IMAG0451.JPG,giraffe
ASG000c0la,S4/E08/E08_R1/S4_E08_R1_IMAG0452.JPG,giraffe
ASG000duey,S4/E10/E10_R1/S4_E10_R1_IMAG0035.JPG,hartebeest
ASG000duey,S4/E10/E10_R1/S4_E10_R1_IMAG0036.JPG,hartebeest
ASG000duey,S4/E10/E10_R1/S4_E10_R1_IMAG0037.JPG,hartebeest
ASG000dufm,S4/E10/E10_R1/S4_E10_R1_IMAG0072.JPG,buffalo
ASG000dufm,S4/E10/E10_R1/S4_E10_R1_IMAG0073.JPG,buffalo
ASG000dufm,S4/E10/E10_R1/S4_E10_R1_IMAG0074.JPG,buffalo
ASG000duen,S4/E10/E10_R1/S4_E10_R1_IMAG0105.JPG,buffalo
ASG000duiz,S4/E10/E10_R3/S4_E10_R3_IMAG0022.JPG,warthog
ASG000duiz,S4/E10/E10_R3/S4_E10_R3_IMAG0023.JPG,warthog
ASG000duiz,S4/E10/E10_R3/S4_E10_R3_IMAG0024.JPG,warthog
ASG000dv16,S4/E10/E10_R3/S4_E10_R3_IMAG0354.JPG,zebra
ASG000dujl,S4/E10/E10_R3/S4_E10_R3_IMAG0439.JPG,wildebeest
ASG000dujl,S4/E10/E10_R3/S4_E10_R3_IMAG0440.JPG,wildebeest
ASG000dujl,S4/E10/E10_R3/S4_E10_R3_IMAG0441.JPG,wildebeest
ASG000bp5k,S4/E11/E11_R1/S4_E11_R1_IMAG0142.JPG,zebra
ASG000bp19,S4/E11/E11_R1/S4_E11_R1_IMAG0248.JPG,wildebeest
ASG000bp43,S4/E11/E11_R1/S4_E11_R1_IMAG0253.JPG,wildebeest
ASG000boxr,S4/E11/E11_R1/S4_E11_R1_IMAG0258.JPG,wildebeest
ASG000bp48,S4/E11/E11_R1/S4_E11_R1_IMAG0276.JPG,wildebeest
ASG000boxi,S4/E11/E11_R1/S4_E11_R1_IMAG0280.JPG,wildebeest
ASG000bp3w,S4/E11/E11_R1/S4_E11_R1_IMAG0285.JPG,wildebeest
ASG000boxb,S4/E11/E11_R1/S4_E11_R1_IMAG0287.JPG,wildebeest
ASG000bp24,S4/E11/E11_R1/S4_E11_R1_IMAG0294.JPG,wildebeest
ASG000borq,S4/E11/E11_R2/S4_E11_R2_IMAG0575.JPG,warthog
ASG000borq,S4/E11/E11_R2/S4_E11_R2_IMAG0576.JPG,warthog
ASG000borq,S4/E11/E11_R2/S4_E11_R2_IMAG0577.JPG,warthog
ASG000eqo0,S4/E13/E13_R1/S4_E13_R1_IMAG0227.JPG,zebra
ASG000eqo0,S4/E13/E13_R1/S4_E13_R1_IMAG0228.JPG,zebra
ASG000eqo0,S4/E13/E13_R1/S4_E13_R1_IMAG0229.JPG,zebra
ASG000eqpz,S4/E13/E13_R1/S4_E13_R1_IMAG0245.JPG,wildebeest
ASG000eqpz,S4/E13/E13_R1/S4_E13_R1_IMAG0246.JPG,wildebeest
ASG000eqpz,S4/E13/E13_R1/S4_E13_R1_IMAG0247.JPG,wildebeest
ASG000eqgs,S4/E13/E13_R2/S4_E13_R2_IMAG0104.JPG,wildebeest
ASG000eqgs,S4/E13/E13_R2/S4_E13_R2_IMAG0105.JPG,wildebeest
ASG000eqgs,S4/E13/E13_R2/S4_E13_R2_IMAG0106.JPG,wildebeest
ASG000eqg3,S4/E13/E13_R2/S4_E13_R2_IMAG0266.JPG,wildebeest
ASG000eqg3,S4/E13/E13_R2/S4_E13_R2_IMAG0267.JPG,wildebeest
ASG000eqg3,S4/E13/E13_R2/S4_E13_R2_IMAG0268.JPG,wildebeest
ASG000eqgk,S4/E13/E13_R2/S4_E13_R2_IMAG0335.JPG,wildebeest
ASG000eqgk,S4/E13/E13_R2/S4_E13_R2_IMAG0336.JPG,wildebeest
ASG000eqgk,S4/E13/E13_R2/S4_E13_R2_IMAG0337.JPG,wildebeest
ASG000eqje,S4/E13/E13_R2/S4_E13_R2_IMAG0416.JPG,wildebeest
ASG000eqje,S4/E13/E13_R2/S4_E13_R2_IMAG0417.JPG,wildebeest
ASG000eqje,S4/E13/E13_R2/S4_E13_R2_IMAG0418.JPG,wildebeest
ASG000eqjs,S4/E13/E13_R2/S4_E13_R2_IMAG0419.JPG,wildebeest
ASG000eqjs,S4/E13/E13_R2/S4_E13_R2_IMAG0420.JPG,wildebeest
ASG000eqjs,S4/E13/E13_R2/S4_E13_R2_IMAG0421.JPG,wildebeest
ASG000eqia,S4/E13/E13_R2/S4_E13_R2_IMAG0422.JPG,wildebeest
ASG000eqia,S4/E13/E13_R2/S4_E13_R2_IMAG0423.JPG,wildebeest
ASG000eqia,S4/E13/E13_R2/S4_E13_R2_IMAG0424.JPG,wildebeest
ASG000eqiq,S4/E13/E13_R2/S4_E13_R2_IMAG0458.JPG,wildebeest
ASG000eqiq,S4/E13/E13_R2/S4_E13_R2_IMAG0459.JPG,wildebeest
ASG000eqiq,S4/E13/E13_R2/S4_E13_R2_IMAG0460.JPG,wildebeest
ASG000eql4,S4/E13/E13_R2/S4_E13_R2_IMAG0575.JPG,wildebeest
ASG000eql4,S4/E13/E13_R2/S4_E13_R2_IMAG0576.JPG,wildebeest
ASG000eql4,S4/E13/E13_R2/S4_E13_R2_IMAG0577.JPG,wildebeest
ASG000eqjo,S4/E13/E13_R2/S4_E13_R2_IMAG0686.JPG,wildebeest
ASG000eqjo,S4/E13/E13_R2/S4_E13_R2_IMAG0687.JPG,wildebeest
ASG000eqjo,S4/E13/E13_R2/S4_E13_R2_IMAG0688.JPG,wildebeest
ASG000eqeb,S4/E13/E13_R2/S4_E13_R2_IMAG0689.JPG,wildebeest
ASG000eqeb,S4/E13/E13_R2/S4_E13_R2_IMAG0690.JPG,wildebeest
ASG000eqeb,S4/E13/E13_R2/S4_E13_R2_IMAG0691.JPG,wildebeest
ASG000eqfc,S4/E13/E13_R2/S4_E13_R2_IMAG0698.JPG,wildebeest
ASG000eqfc,S4/E13/E13_R2/S4_E13_R2_IMAG0699.JPG,wildebeest
ASG000eqfc,S4/E13/E13_R2/S4_E13_R2_IMAG0700.JPG,wildebeest
ASG000eqid,S4/E13/E13_R2/S4_E13_R2_IMAG0734.JPG,wildebeest
ASG000eqid,S4/E13/E13_R2/S4_E13_R2_IMAG0735.JPG,wildebeest
ASG000eqid,S4/E13/E13_R2/S4_E13_R2_IMAG0736.JPG,wildebeest
ASG000eqm1,S4/E13/E13_R2/S4_E13_R2_IMAG0737.JPG,wildebeest
ASG000eqm1,S4/E13/E13_R2/S4_E13_R2_IMAG0738.JPG,wildebeest
ASG000eqm1,S4/E13/E13_R2/S4_E13_R2_IMAG0739.JPG,wildebeest
ASG000eqeh,S4/E13/E13_R2/S4_E13_R2_IMAG0988.JPG,wildebeest
ASG000eqeh,S4/E13/E13_R2/S4_E13_R2_IMAG0989.JPG,wildebeest
ASG000eqeh,S4/E13/E13_R2/S4_E13_R2_IMAG0990.JPG,wildebeest
ASG000eqks,S4/E13/E13_R2/S4_E13_R2_IMAG0991.JPG,wildebeest
ASG000eqks,S4/E13/E13_R2/S4_E13_R2_IMAG0992.JPG,wildebeest
ASG000eqks,S4/E13/E13_R2/S4_E13_R2_IMAG0993.JPG,wildebeest
ASG000erbc,S4/E13/E13_R3/S4_E13_R3_IMAG0042.JPG,wildebeest
ASG000erbc,S4/E13/E13_R3/S4_E13_R3_IMAG0043.JPG,wildebeest
ASG000erbc,S4/E13/E13_R3/S4_E13_R3_IMAG0044.JPG,wildebeest
ASG000er7l,S4/E13/E13_R3/S4_E13_R3_IMAG0114.JPG,zebra
ASG000er7l,S4/E13/E13_R3/S4_E13_R3_IMAG0115.JPG,zebra
ASG000er7l,S4/E13/E13_R3/S4_E13_R3_IMAG0116.JPG,zebra
ASG000er58,S4/E13/E13_R3/S4_E13_R3_IMAG0132.JPG,zebra
ASG000erdm,S4/E13/E13_R3/S4_E13_R3_IMAG0302.JPG,wildebeest
ASG000erdm,S4/E13/E13_R3/S4_E13_R3_IMAG0303.JPG,wildebeest
ASG000erdm,S4/E13/E13_R3/S4_E13_R3_IMAG0304.JPG,wildebeest
ASG000erbw,S4/E13/E13_R3/S4_E13_R3_IMAG0345.JPG,wildebeest
ASG000erbh,S4/E13/E13_R3/S4_E13_R3_IMAG0354.JPG,wildebeest
ASG000erfk,S4/E13/E13_R3/S4_E13_R3_IMAG0360.JPG,wildebeest
ASG000er6b,S4/E13/E13_R3/S4_E13_R3_IMAG0365.JPG,wildebeest
ASG000er95,S4/E13/E13_R3/S4_E13_R3_IMAG0366.JPG,wildebeest
ASG000er5j,S4/E13/E13_R3/S4_E13_R3_IMAG0373.JPG,wildebeest
ASG000eqv5,S4/E13/E13_R3/S4_E13_R3_IMAG0436.JPG,hartebeest
ASG000eqv5,S4/E13/E13_R3/S4_E13_R3_IMAG0437.JPG,hartebeest
ASG000eqv5,S4/E13/E13_R3/S4_E13_R3_IMAG0438.JPG,hartebeest
ASG000bx31,S4/F01/F01_R1/S4_F01_R1_IMAG0017.JPG,warthog
ASG000bx31,S4/F01/F01_R1/S4_F01_R1_IMAG0018.JPG,warthog
ASG000bx31,S4/F01/F01_R1/S4_F01_R1_IMAG0019.JPG,warthog
ASG000bx25,S4/F01/F01_R1/S4_F01_R1_IMAG0568.JPG,impala
ASG000bx25,S4/F01/F01_R1/S4_F01_R1_IMAG0569.JPG,impala
ASG000bx25,S4/F01/F01_R1/S4_F01_R1_IMAG0570.JPG,impala
ASG000bx0b,S4/F01/F01_R1/S4_F01_R1_IMAG0730.JPG,impala
ASG000bx0b,S4/F01/F01_R1/S4_F01_R1_IMAG0731.JPG,impala
ASG000bx0b,S4/F01/F01_R1/S4_F01_R1_IMAG0732.JPG,impala
ASG000bx1n,S4/F01/F01_R1/S4_F01_R1_IMAG0736.JPG,impala
ASG000bx1n,S4/F01/F01_R1/S4_F01_R1_IMAG0737.JPG,impala
ASG000bx1n,S4/F01/F01_R1/S4_F01_R1_IMAG0738.JPG,impala
ASG000bwvw,S4/F01/F01_R1/S4_F01_R1_IMAG0748.JPG,impala
ASG000bwvw,S4/F01/F01_R1/S4_F01_R1_IMAG0749.JPG,impala
ASG000bwvw,S4/F01/F01_R1/S4_F01_R1_IMAG0750.JPG,impala
ASG000bx0x,S4/F01/F01_R1/S4_F01_R1_IMAG0769.JPG,impala
ASG000bx0x,S4/F01/F01_R1/S4_F01_R1_IMAG0770.JPG,impala
ASG000bx0x,S4/F01/F01_R1/S4_F01_R1_IMAG0771.JPG,impala
ASG000bwxz,S4/F01/F01_R1/S4_F01_R1_IMAG0772.JPG,warthog
ASG000bwxz,S4/F01/F01_R1/S4_F01_R1_IMAG0773.JPG,warthog
ASG000bwxz,S4/F01/F01_R1/S4_F01_R1_IMAG0774.JPG,warthog
ASG000bwy4,S4/F01/F01_R1/S4_F01_R1_IMAG0810.JPG,warthog
ASG000bwy4,S4/F01/F01_R1/S4_F01_R1_IMAG0811.JPG,warthog
ASG000bwy4,S4/F01/F01_R1/S4_F01_R1_IMAG0812.JPG,warthog
ASG000bxfm,S4/F01/F01_R2/S4_F01_R2_IMAG0054.JPG,buffalo
ASG000bxef,S4/F01/F01_R2/S4_F01_R2_IMAG0066.JPG,buffalo
ASG000bxkg,S4/F01/F01_R2/S4_F01_R2_IMAG0087.JPG,buffalo
ASG000bx97,S4/F01/F01_R2/S4_F01_R2_IMAG0176.JPG,giraffe
ASG000bx97,S4/F01/F01_R2/S4_F01_R2_IMAG0177.JPG,giraffe
ASG000bx97,S4/F01/F01_R2/S4_F01_R2_IMAG0178.JPG,giraffe
ASG000bxe1,S4/F01/F01_R2/S4_F01_R2_IMAG0180.JPG,warthog
ASG000bxe1,S4/F01/F01_R2/S4_F01_R2_IMAG0181.JPG,warthog
ASG000bxe1,S4/F01/F01_R2/S4_F01_R2_IMAG0182.JPG,warthog
ASG000bx5d,S4/F01/F01_R2/S4_F01_R2_IMAG0183.JPG,warthog
ASG000bx5d,S4/F01/F01_R2/S4_F01_R2_IMAG0184.JPG,warthog
ASG000bx5d,S4/F01/F01_R2/S4_F01_R2_IMAG0185.JPG,warthog
ASG000bx5e,S4/F01/F01_R2/S4_F01_R2_IMAG0245.JPG,warthog
ASG000bx5e,S4/F01/F01_R2/S4_F01_R2_IMAG0246.JPG,warthog
ASG000bx5e,S4/F01/F01_R2/S4_F01_R2_IMAG0247.JPG,warthog
ASG000bx87,S4/F01/F01_R2/S4_F01_R2_IMAG0425.JPG,buffalo
ASG000bxkd,S4/F01/F01_R2/S4_F01_R2_IMAG0437.JPG,impala
ASG000bxj3,S4/F01/F01_R2/S4_F01_R2_IMAG0452.JPG,impala
ASG000bxj3,S4/F01/F01_R2/S4_F01_R2_IMAG0453.JPG,impala
ASG000bxj3,S4/F01/F01_R2/S4_F01_R2_IMAG0454.JPG,impala
ASG000bx8h,S4/F01/F01_R2/S4_F01_R2_IMAG0458.JPG,impala
ASG000bx8h,S4/F01/F01_R2/S4_F01_R2_IMAG0459.JPG,impala
ASG000bx8h,S4/F01/F01_R2/S4_F01_R2_IMAG0460.JPG,impala
ASG000bx6l,S4/F01/F01_R2/S4_F01_R2_IMAG0461.JPG,warthog
ASG000bx6l,S4/F01/F01_R2/S4_F01_R2_IMAG0462.JPG,warthog
ASG000bx6l,S4/F01/F01_R2/S4_F01_R2_IMAG0463.JPG,warthog
ASG000bxmd,S4/F01/F01_R2/S4_F01_R2_IMAG0612.JPG,buffalo
ASG000bx6h,S4/F01/F01_R2/S4_F01_R2_IMAG0708.JPG,warthog
ASG000bx6h,S4/F01/F01_R2/S4_F01_R2_IMAG0709.JPG,warthog
ASG000bx6h,S4/F01/F01_R2/S4_F01_R2_IMAG0710.JPG,warthog
ASG000bx9p,S4/F01/F01_R2/S4_F01_R2_IMAG0721.JPG,warthog
ASG000bx9p,S4/F01/F01_R2/S4_F01_R2_IMAG0722.JPG,warthog
ASG000bx9p,S4/F01/F01_R2/S4_F01_R2_IMAG0723.JPG,warthog
ASG000bx91,S4/F01/F01_R2/S4_F01_R2_IMAG0787.JPG,buffalo
ASG000bx91,S4/F01/F01_R2/S4_F01_R2_IMAG0788.JPG,buffalo
ASG000bx91,S4/F01/F01_R2/S4_F01_R2_IMAG0789.JPG,buffalo
ASG000bxc6,S4/F01/F01_R2/S4_F01_R2_IMAG0980.JPG,buffalo
ASG000bxc6,S4/F01/F01_R2/S4_F01_R2_IMAG0981.JPG,buffalo
ASG000bxc6,S4/F01/F01_R2/S4_F01_R2_IMAG0982.JPG,buffalo
ASG000d9ob,S4/F02/F02_R1/S4_F02_R1_IMAG0211.JPG,zebra
ASG000d9ob,S4/F02/F02_R1/S4_F02_R1_IMAG0212.JPG,zebra
ASG000d9ob,S4/F02/F02_R1/S4_F02_R1_IMAG0213.JPG,zebra
ASG000d9ny,S4/F02/F02_R1/S4_F02_R1_IMAG0244.JPG,zebra
ASG000d9ny,S4/F02/F02_R1/S4_F02_R1_IMAG0245.JPG,zebra
ASG000d9ny,S4/F02/F02_R1/S4_F02_R1_IMAG0246.JPG,zebra
ASG000d9qq,S4/F02/F02_R1/S4_F02_R1_IMAG0328.JPG,zebra
ASG000d9q2,S4/F02/F02_R1/S4_F02_R1_IMAG0393.JPG,zebra
ASG000d9q2,S4/F02/F02_R1/S4_F02_R1_IMAG0394.JPG,zebra
ASG000d9q2,S4/F02/F02_R1/S4_F02_R1_IMAG0395.JPG,zebra
ASG000d9m0,S4/F02/F02_R1/S4_F02_R1_IMAG0399.JPG,zebra
ASG000d9m0,S4/F02/F02_R1/S4_F02_R1_IMAG0400.JPG,zebra
ASG000d9m0,S4/F02/F02_R1/S4_F02_R1_IMAG0401.JPG,zebra
ASG000d9n7,S4/F02/F02_R1/S4_F02_R1_IMAG0453.JPG,wildebeest
ASG000d9n7,S4/F02/F02_R1/S4_F02_R1_IMAG0454.JPG,wildebeest
ASG000d9n7,S4/F02/F02_R1/S4_F02_R1_IMAG0455.JPG,wildebeest
ASG000d9o7,S4/F02/F02_R1/S4_F02_R1_IMAG0510.JPG,zebra
ASG000d9o7,S4/F02/F02_R1/S4_F02_R1_IMAG0511.JPG,zebra
ASG000d9o7,S4/F02/F02_R1/S4_F02_R1_IMAG0512.JPG,zebra
ASG000d9md,S4/F02/F02_R1/S4_F02_R1_IMAG0513.JPG,zebra
ASG000d9md,S4/F02/F02_R1/S4_F02_R1_IMAG0514.JPG,zebra
ASG000d9md,S4/F02/F02_R1/S4_F02_R1_IMAG0515.JPG,zebra
ASG000d9og,S4/F02/F02_R1/S4_F02_R1_IMAG0558.JPG,zebra
ASG000d9og,S4/F02/F02_R1/S4_F02_R1_IMAG0559.JPG,zebra
ASG000d9og,S4/F02/F02_R1/S4_F02_R1_IMAG0560.JPG,zebra
ASG000d9mx,S4/F02/F02_R1/S4_F02_R1_IMAG0579.JPG,zebra
ASG000d9mx,S4/F02/F02_R1/S4_F02_R1_IMAG0580.JPG,zebra
ASG000d9mx,S4/F02/F02_R1/S4_F02_R1_IMAG0581.JPG,zebra
ASG000d9tc,S4/F02/F02_R2/S4_F02_R2_IMAG0118.JPG,giraffe
ASG000d9tc,S4/F02/F02_R2/S4_F02_R2_IMAG0119.JPG,giraffe
ASG000d9tc,S4/F02/F02_R2/S4_F02_R2_IMAG0120.JPG,giraffe
ASG000d9xk,S4/F02/F02_R2/S4_F02_R2_IMAG0166.JPG,hartebeest
ASG000d9xk,S4/F02/F02_R2/S4_F02_R2_IMAG0167.JPG,hartebeest
ASG000d9xk,S4/F02/F02_R2/S4_F02_R2_IMAG0168.JPG,hartebeest
ASG000elwe,S4/F03/F03_R1/S4_F03_R1_IMAG0096.JPG,giraffe
ASG000elwq,S4/F03/F03_R1/S4_F03_R1_IMAG0573.JPG,zebra
ASG000elwq,S4/F03/F03_R1/S4_F03_R1_IMAG0574.JPG,zebra
ASG000elwq,S4/F03/F03_R1/S4_F03_R1_IMAG0575.JPG,zebra
ASG000els6,S4/F03/F03_R1/S4_F03_R1_IMAG0637.JPG,zebra
ASG000elxu,S4/F03/F03_R1/S4_F03_R1_IMAG0647.JPG,zebra
ASG000elxc,S4/F03/F03_R1/S4_F03_R1_IMAG0658.JPG,zebra
ASG000elpc,S4/F03/F03_R2/S4_F03_R2_IMAG0023.JPG,impala
ASG000elpc,S4/F03/F03_R2/S4_F03_R2_IMAG0024.JPG,impala
ASG000elpc,S4/F03/F03_R2/S4_F03_R2_IMAG0025.JPG,impala
ASG000cbt9,S4/F05/F05_R1/S4_F05_R1_IMAG0117.JPG,buffalo
ASG000cbt9,S4/F05/F05_R1/S4_F05_R1_IMAG0118.JPG,buffalo
ASG000cbt9,S4/F05/F05_R1/S4_F05_R1_IMAG0119.JPG,buffalo
ASG000cbu6,S4/F05/F05_R1/S4_F05_R1_IMAG0195.JPG,buffalo
ASG000cbu6,S4/F05/F05_R1/S4_F05_R1_IMAG0196.JPG,buffalo
ASG000cbu6,S4/F05/F05_R1/S4_F05_R1_IMAG0197.JPG,buffalo
ASG000cbtd,S4/F05/F05_R1/S4_F05_R1_IMAG0207.JPG,buffalo
ASG000cbtd,S4/F05/F05_R1/S4_F05_R1_IMAG0208.JPG,buffalo
ASG000cbtd,S4/F05/F05_R1/S4_F05_R1_IMAG0209.JPG,buffalo
ASG000cc33,S4/F05/F05_R2/S4_F05_R2_IMAG0032.JPG,elephant
ASG000cc33,S4/F05/F05_R2/S4_F05_R2_IMAG0033.JPG,elephant
ASG000cc33,S4/F05/F05_R2/S4_F05_R2_IMAG0034.JPG,elephant
ASG000cc3i,S4/F05/F05_R2/S4_F05_R2_IMAG0232.JPG,wildebeest
ASG000cc3i,S4/F05/F05_R2/S4_F05_R2_IMAG0233.JPG,wildebeest
ASG000cc3i,S4/F05/F05_R2/S4_F05_R2_IMAG0234.JPG,wildebeest
ASG000cbyn,S4/F05/F05_R2/S4_F05_R2_IMAG0238.JPG,wildebeest
ASG000cbyn,S4/F05/F05_R2/S4_F05_R2_IMAG0239.JPG,wildebeest
ASG000cbyn,S4/F05/F05_R2/S4_F05_R2_IMAG0240.JPG,wildebeest
ASG000cbvq,S4/F05/F05_R2/S4_F05_R2_IMAG0259.JPG,wildebeest
ASG000cbvq,S4/F05/F05_R2/S4_F05_R2_IMAG0260.JPG,wildebeest
ASG000cbvq,S4/F05/F05_R2/S4_F05_R2_IMAG0261.JPG,wildebeest
ASG000cbzr,S4/F05/F05_R2/S4_F05_R2_IMAG0310.JPG,wildebeest
ASG000cbzr,S4/F05/F05_R2/S4_F05_R2_IMAG0311.JPG,wildebeest
ASG000cbzr,S4/F05/F05_R2/S4_F05_R2_IMAG0312.JPG,wildebeest
ASG000cc3d,S4/F05/F05_R2/S4_F05_R2_IMAG0316.JPG,wildebeest
ASG000cc3d,S4/F05/F05_R2/S4_F05_R2_IMAG0317.JPG,wildebeest
ASG000cc3d,S4/F05/F05_R2/S4_F05_R2_IMAG0318.JPG,wildebeest
ASG000cc2g,S4/F05/F05_R2/S4_F05_R2_IMAG0465.JPG,wildebeest
ASG000cc2g,S4/F05/F05_R2/S4_F05_R2_IMAG0466.JPG,wildebeest
ASG000cc2g,S4/F05/F05_R2/S4_F05_R2_IMAG0467.JPG,wildebeest
ASG000cbwf,S4/F05/F05_R2/S4_F05_R2_IMAG0495.JPG,wildebeest
ASG000cbwf,S4/F05/F05_R2/S4_F05_R2_IMAG0496.JPG,wildebeest
ASG000cbwf,S4/F05/F05_R2/S4_F05_R2_IMAG0497.JPG,wildebeest
ASG000cbx6,S4/F05/F05_R2/S4_F05_R2_IMAG0579.JPG,zebra
ASG000cbx6,S4/F05/F05_R2/S4_F05_R2_IMAG0580.JPG,zebra
ASG000cbx6,S4/F05/F05_R2/S4_F05_R2_IMAG0581.JPG,zebra
ASG000bd2a,S4/F06/F06_R2/S4_F06_R2_IMAG0069.JPG,buffalo
ASG000bd2a,S4/F06/F06_R2/S4_F06_R2_IMAG0070.JPG,buffalo
ASG000bd2a,S4/F06/F06_R2/S4_F06_R2_IMAG0071.JPG,buffalo
ASG000efss,S4/F07/F07_R1/S4_F07_R1_IMAG0016.JPG,giraffe
ASG000efsb,S4/F07/F07_R1/S4_F07_R1_IMAG0189.JPG,elephant
ASG000efsb,S4/F07/F07_R1/S4_F07_R1_IMAG0190.JPG,elephant
ASG000efsb,S4/F07/F07_R1/S4_F07_R1_IMAG0191.JPG,elephant
ASG000efrw,S4/F07/F07_R1/S4_F07_R1_IMAG0198.JPG,elephant
ASG000efrw,S4/F07/F07_R1/S4_F07_R1_IMAG0199.JPG,elephant
ASG000efrw,S4/F07/F07_R1/S4_F07_R1_IMAG0200.JPG,elephant
ASG000eftp,S4/F07/F07_R1/S4_F07_R1_IMAG0227.JPG,giraffe
ASG000efsq,S4/F07/F07_R1/S4_F07_R1_IMAG0241.JPG,elephant
ASG000efsq,S4/F07/F07_R1/S4_F07_R1_IMAG0242.JPG,elephant
ASG000efsq,S4/F07/F07_R1/S4_F07_R1_IMAG0243.JPG,elephant
ASG000efqa,S4/F07/F07_R2/S4_F07_R2_IMAG0017.JPG,elephant
ASG000efqa,S4/F07/F07_R2/S4_F07_R2_IMAG0018.JPG,elephant
ASG000efqa,S4/F07/F07_R2/S4_F07_R2_IMAG0019.JPG,elephant
ASG000efno,S4/F07/F07_R2/S4_F07_R2_IMAG0312.JPG,elephant
ASG000efno,S4/F07/F07_R2/S4_F07_R2_IMAG0313.JPG,elephant
ASG000efno,S4/F07/F07_R2/S4_F07_R2_IMAG0314.JPG,elephant
ASG000dbds,S4/F08/F08_R2/S4_F08_R2_IMAG0085.JPG,gazelleThomsons
ASG000dbds,S4/F08/F08_R2/S4_F08_R2_IMAG0086.JPG,gazelleThomsons
ASG000dbds,S4/F08/F08_R2/S4_F08_R2_IMAG0087.JPG,gazelleThomsons
ASG000dbe0,S4/F08/F08_R2/S4_F08_R2_IMAG0217.JPG,gazelleThomsons
ASG000dbe0,S4/F08/F08_R2/S4_F08_R2_IMAG0218.JPG,gazelleThomsons
ASG000dbe0,S4/F08/F08_R2/S4_F08_R2_IMAG0219.JPG,gazelleThomsons
ASG000dbns,S4/F08/F08_R2/S4_F08_R2_IMAG0253.JPG,gazelleGrants
ASG000dbns,S4/F08/F08_R2/S4_F08_R2_IMAG0254.JPG,gazelleGrants
ASG000dbns,S4/F08/F08_R2/S4_F08_R2_IMAG0255.JPG,gazelleGrants
ASG000dbau,S4/F08/F08_R2/S4_F08_R2_IMAG0256.JPG,gazelleGrants
ASG000dbau,S4/F08/F08_R2/S4_F08_R2_IMAG0257.JPG,gazelleGrants
ASG000dbau,S4/F08/F08_R2/S4_F08_R2_IMAG0258.JPG,gazelleGrants
ASG000dbiu,S4/F08/F08_R2/S4_F08_R2_IMAG0259.JPG,gazelleGrants
ASG000dbiu,S4/F08/F08_R2/S4_F08_R2_IMAG0260.JPG,gazelleGrants
ASG000dbiu,S4/F08/F08_R2/S4_F08_R2_IMAG0261.JPG,gazelleGrants
ASG000dbdf,S4/F08/F08_R2/S4_F08_R2_IMAG0394.JPG,gazelleThomsons
ASG000dbdf,S4/F08/F08_R2/S4_F08_R2_IMAG0395.JPG,gazelleThomsons
ASG000dbdf,S4/F08/F08_R2/S4_F08_R2_IMAG0396.JPG,gazelleThomsons
ASG000dblf,S4/F08/F08_R2/S4_F08_R2_IMAG0448.JPG,gazelleThomsons
ASG000dblf,S4/F08/F08_R2/S4_F08_R2_IMAG0449.JPG,gazelleThomsons
ASG000dblf,S4/F08/F08_R2/S4_F08_R2_IMAG0450.JPG,gazelleThomsons
ASG000dbng,S4/F08/F08_R2/S4_F08_R2_IMAG0556.JPG,gazelleThomsons
ASG000dbng,S4/F08/F08_R2/S4_F08_R2_IMAG0557.JPG,gazelleThomsons
ASG000dbng,S4/F08/F08_R2/S4_F08_R2_IMAG0558.JPG,gazelleThomsons
ASG000dbl7,S4/F08/F08_R2/S4_F08_R2_IMAG0589.JPG,zebra
ASG000dbl7,S4/F08/F08_R2/S4_F08_R2_IMAG0590.JPG,zebra
ASG000dbl7,S4/F08/F08_R2/S4_F08_R2_IMAG0591.JPG,zebra
ASG000dbmb,S4/F08/F08_R2/S4_F08_R2_IMAG0788.JPG,gazelleGrants
ASG000dbmb,S4/F08/F08_R2/S4_F08_R2_IMAG0789.JPG,gazelleGrants
ASG000dbmb,S4/F08/F08_R2/S4_F08_R2_IMAG0790.JPG,gazelleGrants
ASG000dbgu,S4/F08/F08_R2/S4_F08_R2_IMAG0814.JPG,zebra
ASG000dbgu,S4/F08/F08_R2/S4_F08_R2_IMAG0815.JPG,zebra
ASG000dbgu,S4/F08/F08_R2/S4_F08_R2_IMAG0816.JPG,zebra
ASG000dbcr,S4/F08/F08_R2/S4_F08_R2_IMAG0968.JPG,zebra
ASG000dbcr,S4/F08/F08_R2/S4_F08_R2_IMAG0969.JPG,zebra
ASG000dbcr,S4/F08/F08_R2/S4_F08_R2_IMAG0970.JPG,zebra
ASG000dbl2,S4/F08/F08_R2/S4_F08_R2_IMAG0999.JPG,zebra
ASG000dbl2,S4/F08/F08_R2/S4_F08_R2_IMAG1000.JPG,zebra
ASG000dbl2,S4/F08/F08_R2/S4_F08_R2_IMAG1001.JPG,zebra
ASG000dbc5,S4/F08/F08_R2/S4_F08_R2_IMAG1035.JPG,wildebeest
ASG000dbc5,S4/F08/F08_R2/S4_F08_R2_IMAG1036.JPG,wildebeest
ASG000dbc5,S4/F08/F08_R2/S4_F08_R2_IMAG1037.JPG,wildebeest
ASG000dbmp,S4/F08/F08_R2/S4_F08_R2_IMAG1206.JPG,wildebeest
ASG000dbmp,S4/F08/F08_R2/S4_F08_R2_IMAG1207.JPG,wildebeest
ASG000dbmp,S4/F08/F08_R2/S4_F08_R2_IMAG1208.JPG,wildebeest
ASG000dbj5,S4/F08/F08_R2/S4_F08_R2_IMAG1240.JPG,gazelleGrants
ASG000dbj5,S4/F08/F08_R2/S4_F08_R2_IMAG1241.JPG,gazelleGrants
ASG000dbj5,S4/F08/F08_R2/S4_F08_R2_IMAG1242.JPG,gazelleGrants
ASG000dblg,S4/F08/F08_R2/S4_F08_R2_IMAG1332.JPG,gazelleGrants
ASG000dblg,S4/F08/F08_R2/S4_F08_R2_IMAG1333.JPG,gazelleGrants
ASG000dblg,S4/F08/F08_R2/S4_F08_R2_IMAG1334.JPG,gazelleGrants
ASG000dbez,S4/F08/F08_R2/S4_F08_R2_IMAG1338.JPG,gazelleGrants
ASG000dbez,S4/F08/F08_R2/S4_F08_R2_IMAG1339.JPG,gazelleGrants
ASG000dbez,S4/F08/F08_R2/S4_F08_R2_IMAG1340.JPG,gazelleGrants
ASG000dbes,S4/F08/F08_R2/S4_F08_R2_IMAG1344.JPG,gazelleGrants
ASG000dbes,S4/F08/F08_R2/S4_F08_R2_IMAG1345.JPG,gazelleGrants
ASG000dbes,S4/F08/F08_R2/S4_F08_R2_IMAG1346.JPG,gazelleGrants
ASG000dbh8,S4/F08/F08_R2/S4_F08_R2_IMAG1371.JPG,gazelleGrants
ASG000dbh8,S4/F08/F08_R2/S4_F08_R2_IMAG1372.JPG,gazelleGrants
ASG000dbh8,S4/F08/F08_R2/S4_F08_R2_IMAG1373.JPG,gazelleGrants
ASG000dbi6,S4/F08/F08_R2/S4_F08_R2_IMAG1380.JPG,hartebeest
ASG000dbi6,S4/F08/F08_R2/S4_F08_R2_IMAG1381.JPG,hartebeest
ASG000dbi6,S4/F08/F08_R2/S4_F08_R2_IMAG1382.JPG,hartebeest
ASG000dbey,S4/F08/F08_R2/S4_F08_R2_IMAG1395.JPG,gazelleGrants
ASG000dbey,S4/F08/F08_R2/S4_F08_R2_IMAG1396.JPG,gazelleGrants
ASG000dbey,S4/F08/F08_R2/S4_F08_R2_IMAG1397.JPG,gazelleGrants
ASG000dbi7,S4/F08/F08_R2/S4_F08_R2_IMAG1425.JPG,gazelleGrants
ASG000dbi7,S4/F08/F08_R2/S4_F08_R2_IMAG1426.JPG,gazelleGrants
ASG000dbi7,S4/F08/F08_R2/S4_F08_R2_IMAG1427.JPG,gazelleGrants
ASG000dbeq,S4/F08/F08_R2/S4_F08_R2_IMAG1434.JPG,gazelleThomsons
ASG000dbeq,S4/F08/F08_R2/S4_F08_R2_IMAG1435.JPG,gazelleThomsons
ASG000dbeq,S4/F08/F08_R2/S4_F08_R2_IMAG1436.JPG,gazelleThomsons
ASG000euih,S4/F10/F10_R1/S4_F10_R1_IMAG0052.JPG,hartebeest
ASG000euih,S4/F10/F10_R1/S4_F10_R1_IMAG0053.JPG,hartebeest
ASG000euih,S4/F10/F10_R1/S4_F10_R1_IMAG0054.JPG,hartebeest
ASG000etl8,S4/F10/F10_R1/S4_F10_R1_IMAG0285.JPG,gazelleThomsons
ASG000etl8,S4/F10/F10_R1/S4_F10_R1_IMAG0286.JPG,gazelleThomsons
ASG000etl8,S4/F10/F10_R1/S4_F10_R1_IMAG0287.JPG,gazelleThomsons
ASG000eu3o,S4/F10/F10_R1/S4_F10_R1_IMAG0309.JPG,gazelleThomsons
ASG000eu3o,S4/F10/F10_R1/S4_F10_R1_IMAG0310.JPG,gazelleThomsons
ASG000eu3o,S4/F10/F10_R1/S4_F10_R1_IMAG0311.JPG,gazelleThomsons
ASG000eu50,S4/F10/F10_R1/S4_F10_R1_IMAG0330.JPG,gazelleThomsons
ASG000eu50,S4/F10/F10_R1/S4_F10_R1_IMAG0331.JPG,gazelleThomsons
ASG000eu50,S4/F10/F10_R1/S4_F10_R1_IMAG0332.JPG,gazelleThomsons
ASG000euil,S4/F10/F10_R1/S4_F10_R1_IMAG0342.JPG,gazelleThomsons
ASG000euil,S4/F10/F10_R1/S4_F10_R1_IMAG0343.JPG,gazelleThomsons
ASG000euil,S4/F10/F10_R1/S4_F10_R1_IMAG0344.JPG,gazelleThomsons
ASG000euh4,S4/F10/F10_R1/S4_F10_R1_IMAG0447.JPG,gazelleThomsons
ASG000euh4,S4/F10/F10_R1/S4_F10_R1_IMAG0448.JPG,gazelleThomsons
ASG000euh4,S4/F10/F10_R1/S4_F10_R1_IMAG0449.JPG,gazelleThomsons
ASG000etqh,S4/F10/F10_R1/S4_F10_R1_IMAG2682.JPG,wildebeest
ASG000etqh,S4/F10/F10_R1/S4_F10_R1_IMAG2683.JPG,wildebeest
ASG000etqh,S4/F10/F10_R1/S4_F10_R1_IMAG2684.JPG,wildebeest
ASG000eu52,S4/F10/F10_R1/S4_F10_R1_IMAG2700.JPG,hartebeest
ASG000eu52,S4/F10/F10_R1/S4_F10_R1_IMAG2701.JPG,hartebeest
ASG000eu52,S4/F10/F10_R1/S4_F10_R1_IMAG2702.JPG,hartebeest
ASG000etzv,S4/F10/F10_R1/S4_F10_R1_IMAG2718.JPG,wildebeest
ASG000etzv,S4/F10/F10_R1/S4_F10_R1_IMAG2719.JPG,wildebeest
ASG000etzv,S4/F10/F10_R1/S4_F10_R1_IMAG2720.JPG,wildebeest
ASG000etkl,S4/F10/F10_R1/S4_F10_R1_IMAG3433.JPG,wildebeest
ASG000etkl,S4/F10/F10_R1/S4_F10_R1_IMAG3434.JPG,wildebeest
ASG000etkl,S4/F10/F10_R1/S4_F10_R1_IMAG3435.JPG,wildebeest
ASG000etur,S4/F10/F10_R1/S4_F10_R1_IMAG3463.JPG,wildebeest
ASG000etur,S4/F10/F10_R1/S4_F10_R1_IMAG3464.JPG,wildebeest
ASG000etur,S4/F10/F10_R1/S4_F10_R1_IMAG3465.JPG,wildebeest
ASG000eucq,S4/F10/F10_R1/S4_F10_R1_IMAG4169.JPG,zebra
ASG000eucq,S4/F10/F10_R1/S4_F10_R1_IMAG4170.JPG,zebra
ASG000eucq,S4/F10/F10_R1/S4_F10_R1_IMAG4171.JPG,zebra
ASG000bl2o,S4/F12/F12_R1/S4_F12_R1_IMAG0617.JPG,elephant
ASG000bl2o,S4/F12/F12_R1/S4_F12_R1_IMAG0618.JPG,elephant
ASG000bl2o,S4/F12/F12_R1/S4_F12_R1_IMAG0619.JPG,elephant
ASG000bl62,S4/F12/F12_R1/S4_F12_R1_IMAG0716.JPG,giraffe
ASG000bl62,S4/F12/F12_R1/S4_F12_R1_IMAG0717.JPG,giraffe
ASG000bl62,S4/F12/F12_R1/S4_F12_R1_IMAG0718.JPG,giraffe
ASG000bl5f,S4/F12/F12_R1/S4_F12_R1_IMAG0806.JPG,elephant
ASG000bl5f,S4/F12/F12_R1/S4_F12_R1_IMAG0807.JPG,elephant
ASG000bl5f,S4/F12/F12_R1/S4_F12_R1_IMAG0808.JPG,elephant
ASG000bl43,S4/F12/F12_R1/S4_F12_R1_IMAG0897.JPG,buffalo
ASG000bl43,S4/F12/F12_R1/S4_F12_R1_IMAG0898.JPG,buffalo
ASG000bl43,S4/F12/F12_R1/S4_F12_R1_IMAG0899.JPG,buffalo
ASG000bkz9,S4/F12/F12_R1/S4_F12_R1_IMAG0900.JPG,buffalo
ASG000bkz9,S4/F12/F12_R1/S4_F12_R1_IMAG0901.JPG,buffalo
ASG000bkz9,S4/F12/F12_R1/S4_F12_R1_IMAG0902.JPG,buffalo
ASG000bl5c,S4/F12/F12_R1/S4_F12_R1_IMAG1007.JPG,elephant
ASG000bl5c,S4/F12/F12_R1/S4_F12_R1_IMAG1008.JPG,elephant
ASG000bl5c,S4/F12/F12_R1/S4_F12_R1_IMAG1009.JPG,elephant
ASG000bkj0,S4/F12/F12_R1/S4_F12_R1_IMAG1076.JPG,buffalo
ASG000bkj0,S4/F12/F12_R1/S4_F12_R1_IMAG1077.JPG,buffalo
ASG000bkj0,S4/F12/F12_R1/S4_F12_R1_IMAG1078.JPG,buffalo
ASG000bl3n,S4/F12/F12_R1/S4_F12_R1_IMAG1116.JPG,elephant
ASG000bl3n,S4/F12/F12_R1/S4_F12_R1_IMAG1117.JPG,elephant
ASG000bl3n,S4/F12/F12_R1/S4_F12_R1_IMAG1118.JPG,elephant
ASG000bku7,S4/F12/F12_R1/S4_F12_R1_IMAG1130.JPG,buffalo
ASG000bkxt,S4/F12/F12_R1/S4_F12_R1_IMAG1131.JPG,buffalo
ASG000bkjq,S4/F12/F12_R1/S4_F12_R1_IMAG1154.JPG,buffalo
ASG000bkwe,S4/F12/F12_R1/S4_F12_R1_IMAG1155.JPG,buffalo
ASG000bl4m,S4/F12/F12_R1/S4_F12_R1_IMAG1163.JPG,buffalo
ASG000bkmd,S4/F12/F12_R1/S4_F12_R1_IMAG1168.JPG,buffalo
ASG000bkpx,S4/F12/F12_R1/S4_F12_R1_IMAG1177.JPG,buffalo
ASG000bkss,S4/F12/F12_R1/S4_F12_R1_IMAG1191.JPG,buffalo
ASG000bkss,S4/F12/F12_R1/S4_F12_R1_IMAG1192.JPG,buffalo
ASG000bkss,S4/F12/F12_R1/S4_F12_R1_IMAG1193.JPG,buffalo
ASG000bkr8,S4/F12/F12_R1/S4_F12_R1_IMAG1605.JPG,elephant
ASG000bkr8,S4/F12/F12_R1/S4_F12_R1_IMAG1606.JPG,elephant
ASG000bkr8,S4/F12/F12_R1/S4_F12_R1_IMAG1607.JPG,elephant
ASG000bklc,S4/F12/F12_R1/S4_F12_R1_IMAG1608.JPG,buffalo
ASG000bklc,S4/F12/F12_R1/S4_F12_R1_IMAG1609.JPG,buffalo
ASG000bklc,S4/F12/F12_R1/S4_F12_R1_IMAG1610.JPG,buffalo
ASG000bl6a,S4/F12/F12_R1/S4_F12_R1_IMAG1682.JPG,buffalo
ASG000bl6a,S4/F12/F12_R1/S4_F12_R1_IMAG1683.JPG,buffalo
ASG000bl6a,S4/F12/F12_R1/S4_F12_R1_IMAG1684.JPG,buffalo
ASG000bl4e,S4/F12/F12_R1/S4_F12_R1_IMAG1853.JPG,buffalo
ASG000bl4e,S4/F12/F12_R1/S4_F12_R1_IMAG1854.JPG,buffalo
ASG000bl4e,S4/F12/F12_R1/S4_F12_R1_IMAG1855.JPG,buffalo
ASG000bkv0,S4/F12/F12_R1/S4_F12_R1_IMAG1988.JPG,buffalo
ASG000bkv0,S4/F12/F12_R1/S4_F12_R1_IMAG1989.JPG,buffalo
ASG000bkv0,S4/F12/F12_R1/S4_F12_R1_IMAG1990.JPG,buffalo
ASG000bkob,S4/F12/F12_R1/S4_F12_R1_IMAG2015.JPG,buffalo
ASG000bkob,S4/F12/F12_R1/S4_F12_R1_IMAG2016.JPG,buffalo
ASG000bkob,S4/F12/F12_R1/S4_F12_R1_IMAG2017.JPG,buffalo
ASG000bl1f,S4/F12/F12_R1/S4_F12_R1_IMAG2053.JPG,buffalo
ASG000bl1f,S4/F12/F12_R1/S4_F12_R1_IMAG2054.JPG,buffalo
ASG000bl1f,S4/F12/F12_R1/S4_F12_R1_IMAG2055.JPG,buffalo
ASG000bkil,S4/F12/F12_R1/S4_F12_R1_IMAG2095.JPG,buffalo
ASG000bkil,S4/F12/F12_R1/S4_F12_R1_IMAG2096.JPG,buffalo
ASG000bkil,S4/F12/F12_R1/S4_F12_R1_IMAG2097.JPG,buffalo
ASG000bl1m,S4/F12/F12_R1/S4_F12_R1_IMAG2137.JPG,buffalo
ASG000bl1m,S4/F12/F12_R1/S4_F12_R1_IMAG2138.JPG,buffalo
ASG000bl1m,S4/F12/F12_R1/S4_F12_R1_IMAG2139.JPG,buffalo
ASG000bkzt,S4/F12/F12_R1/S4_F12_R1_IMAG2267.JPG,buffalo
ASG000bkzt,S4/F12/F12_R1/S4_F12_R1_IMAG2268.JPG,buffalo
ASG000bkzt,S4/F12/F12_R1/S4_F12_R1_IMAG2269.JPG,buffalo
ASG000bkqh,S4/F12/F12_R1/S4_F12_R1_IMAG2279.JPG,buffalo
ASG000bkqh,S4/F12/F12_R1/S4_F12_R1_IMAG2280.JPG,buffalo
ASG000bkqh,S4/F12/F12_R1/S4_F12_R1_IMAG2281.JPG,buffalo
ASG000bl12,S4/F12/F12_R1/S4_F12_R1_IMAG2343.JPG,buffalo
ASG000bl12,S4/F12/F12_R1/S4_F12_R1_IMAG2344.JPG,buffalo
ASG000bl12,S4/F12/F12_R1/S4_F12_R1_IMAG2345.JPG,buffalo
ASG000bkyg,S4/F12/F12_R1/S4_F12_R1_IMAG2479.JPG,buffalo
ASG000bkyg,S4/F12/F12_R1/S4_F12_R1_IMAG2480.JPG,buffalo
ASG000bkyg,S4/F12/F12_R1/S4_F12_R1_IMAG2481.JPG,buffalo
ASG000bkzv,S4/F12/F12_R1/S4_F12_R1_IMAG2497.JPG,buffalo
ASG000bkzv,S4/F12/F12_R1/S4_F12_R1_IMAG2498.JPG,buffalo
ASG000bkzv,S4/F12/F12_R1/S4_F12_R1_IMAG2499.JPG,buffalo
ASG000bkk8,S4/F12/F12_R1/S4_F12_R1_IMAG2531.JPG,zebra
ASG000bkk8,S4/F12/F12_R1/S4_F12_R1_IMAG2532.JPG,zebra
ASG000bkk8,S4/F12/F12_R1/S4_F12_R1_IMAG2533.JPG,zebra
ASG000blct,S4/F12/F12_R2/S4_F12_R2_IMAG0017.JPG,zebra
ASG000blct,S4/F12/F12_R2/S4_F12_R2_IMAG0018.JPG,zebra
ASG000blct,S4/F12/F12_R2/S4_F12_R2_IMAG0019.JPG,zebra
ASG000blk8,S4/F12/F12_R2/S4_F12_R2_IMAG0092.JPG,zebra
ASG000blk8,S4/F12/F12_R2/S4_F12_R2_IMAG0093.JPG,zebra
ASG000blk8,S4/F12/F12_R2/S4_F12_R2_IMAG0094.JPG,zebra
ASG000blap,S4/F12/F12_R2/S4_F12_R2_IMAG0163.JPG,elephant
ASG000blap,S4/F12/F12_R2/S4_F12_R2_IMAG0164.JPG,elephant
ASG000blap,S4/F12/F12_R2/S4_F12_R2_IMAG0165.JPG,elephant
ASG000blh8,S4/F12/F12_R2/S4_F12_R2_IMAG0257.JPG,elephant
ASG000bljv,S4/F12/F12_R2/S4_F12_R2_IMAG0292.JPG,elephant
ASG000bljv,S4/F12/F12_R2/S4_F12_R2_IMAG0293.JPG,elephant
ASG000bljv,S4/F12/F12_R2/S4_F12_R2_IMAG0294.JPG,elephant
ASG000blkd,S4/F12/F12_R2/S4_F12_R2_IMAG0327.JPG,giraffe
ASG000blkd,S4/F12/F12_R2/S4_F12_R2_IMAG0328.JPG,giraffe
ASG000blkd,S4/F12/F12_R2/S4_F12_R2_IMAG0329.JPG,giraffe
ASG000ds6e,S4/F13/F13_R1/S4_F13_R1_IMAG0054.JPG,zebra
ASG000dsbl,S4/F13/F13_R1/S4_F13_R1_IMAG0158.JPG,zebra
ASG000ds9h,S4/F13/F13_R1/S4_F13_R1_IMAG0162.JPG,zebra
ASG000ds9h,S4/F13/F13_R1/S4_F13_R1_IMAG0163.JPG,zebra
ASG000ds9h,S4/F13/F13_R1/S4_F13_R1_IMAG0164.JPG,zebra
ASG000ds6u,S4/F13/F13_R1/S4_F13_R1_IMAG0255.JPG,hartebeest
ASG000ds6u,S4/F13/F13_R1/S4_F13_R1_IMAG0256.JPG,hartebeest
ASG000ds6u,S4/F13/F13_R1/S4_F13_R1_IMAG0257.JPG,hartebeest
ASG000ds3d,S4/F13/F13_R1/S4_F13_R1_IMAG0282.JPG,zebra
ASG000ds3d,S4/F13/F13_R1/S4_F13_R1_IMAG0283.JPG,zebra
ASG000ds3d,S4/F13/F13_R1/S4_F13_R1_IMAG0284.JPG,zebra
ASG000ds2a,S4/F13/F13_R1/S4_F13_R1_IMAG0314.JPG,buffalo
ASG000dsb4,S4/F13/F13_R1/S4_F13_R1_IMAG0325.JPG,buffalo
ASG000ds1d,S4/F13/F13_R1/S4_F13_R1_IMAG0328.JPG,buffalo
ASG000ds83,S4/F13/F13_R1/S4_F13_R1_IMAG0340.JPG,buffalo
ASG000ds5l,S4/F13/F13_R1/S4_F13_R1_IMAG0530.JPG,zebra
ASG000ds5l,S4/F13/F13_R1/S4_F13_R1_IMAG0531.JPG,zebra
ASG000ds5l,S4/F13/F13_R1/S4_F13_R1_IMAG0532.JPG,zebra
ASG000ds4x,S4/F13/F13_R1/S4_F13_R1_IMAG0563.JPG,wildebeest
ASG000ds4x,S4/F13/F13_R1/S4_F13_R1_IMAG0564.JPG,wildebeest
ASG000ds4x,S4/F13/F13_R1/S4_F13_R1_IMAG0565.JPG,wildebeest
ASG000ds5c,S4/F13/F13_R1/S4_F13_R1_IMAG0708.JPG,wildebeest
ASG000dsaj,S4/F13/F13_R1/S4_F13_R1_IMAG0727.JPG,wildebeest
ASG000ds2x,S4/F13/F13_R1/S4_F13_R1_IMAG0763.JPG,zebra
ASG000dsgz,S4/F13/F13_R2/S4_F13_R2_IMAG0023.JPG,zebra
ASG000dspb,S4/F13/F13_R2/S4_F13_R2_IMAG0126.JPG,zebra
ASG000dspb,S4/F13/F13_R2/S4_F13_R2_IMAG0127.JPG,zebra
ASG000dspb,S4/F13/F13_R2/S4_F13_R2_IMAG0128.JPG,zebra
ASG000dsmu,S4/F13/F13_R2/S4_F13_R2_IMAG0141.JPG,zebra
ASG000dsmu,S4/F13/F13_R2/S4_F13_R2_IMAG0142.JPG,zebra
ASG000dsmu,S4/F13/F13_R2/S4_F13_R2_IMAG0143.JPG,zebra
ASG000dsq8,S4/F13/F13_R2/S4_F13_R2_IMAG0352.JPG,wildebeest
ASG000dsh6,S4/F13/F13_R2/S4_F13_R2_IMAG0357.JPG,wildebeest
ASG000dsh6,S4/F13/F13_R2/S4_F13_R2_IMAG0358.JPG,wildebeest
ASG000dsh6,S4/F13/F13_R2/S4_F13_R2_IMAG0359.JPG,wildebeest
ASG000dsfk,S4/F13/F13_R2/S4_F13_R2_IMAG0390.JPG,wildebeest
ASG000dsfk,S4/F13/F13_R2/S4_F13_R2_IMAG0391.JPG,wildebeest
ASG000dsfk,S4/F13/F13_R2/S4_F13_R2_IMAG0392.JPG,wildebeest
ASG000dseh,S4/F13/F13_R2/S4_F13_R2_IMAG0396.JPG,wildebeest
ASG000dseh,S4/F13/F13_R2/S4_F13_R2_IMAG0397.JPG,wildebeest
ASG000dseh,S4/F13/F13_R2/S4_F13_R2_IMAG0398.JPG,wildebeest
ASG000dsho,S4/F13/F13_R2/S4_F13_R2_IMAG0480.JPG,wildebeest
ASG000dsho,S4/F13/F13_R2/S4_F13_R2_IMAG0481.JPG,wildebeest
ASG000dsho,S4/F13/F13_R2/S4_F13_R2_IMAG0482.JPG,wildebeest
ASG000dsil,S4/F13/F13_R2/S4_F13_R2_IMAG0501.JPG,wildebeest
ASG000dsil,S4/F13/F13_R2/S4_F13_R2_IMAG0502.JPG,wildebeest
ASG000dsil,S4/F13/F13_R2/S4_F13_R2_IMAG0503.JPG,wildebeest
ASG000dsbq,S4/F13/F13_R2/S4_F13_R2_IMAG0552.JPG,wildebeest
ASG000dsbq,S4/F13/F13_R2/S4_F13_R2_IMAG0553.JPG,wildebeest
ASG000dsbq,S4/F13/F13_R2/S4_F13_R2_IMAG0554.JPG,wildebeest
ASG000dsbu,S4/F13/F13_R2/S4_F13_R2_IMAG0582.JPG,wildebeest
ASG000dsbu,S4/F13/F13_R2/S4_F13_R2_IMAG0583.JPG,wildebeest
ASG000dsbu,S4/F13/F13_R2/S4_F13_R2_IMAG0584.JPG,wildebeest
ASG000dslf,S4/F13/F13_R2/S4_F13_R2_IMAG0651.JPG,wildebeest
ASG000dslf,S4/F13/F13_R2/S4_F13_R2_IMAG0652.JPG,wildebeest
ASG000dslf,S4/F13/F13_R2/S4_F13_R2_IMAG0653.JPG,wildebeest
ASG000dsrp,S4/F13/F13_R2/S4_F13_R2_IMAG0672.JPG,wildebeest
ASG000dsrp,S4/F13/F13_R2/S4_F13_R2_IMAG0673.JPG,wildebeest
ASG000dsrp,S4/F13/F13_R2/S4_F13_R2_IMAG0674.JPG,wildebeest
ASG000dsco,S4/F13/F13_R2/S4_F13_R2_IMAG0765.JPG,wildebeest
ASG000dsco,S4/F13/F13_R2/S4_F13_R2_IMAG0766.JPG,wildebeest
ASG000dsco,S4/F13/F13_R2/S4_F13_R2_IMAG0767.JPG,wildebeest
ASG000dsqo,S4/F13/F13_R2/S4_F13_R2_IMAG0798.JPG,wildebeest
ASG000dsqo,S4/F13/F13_R2/S4_F13_R2_IMAG0799.JPG,wildebeest
ASG000dsqo,S4/F13/F13_R2/S4_F13_R2_IMAG0800.JPG,wildebeest
ASG000dsss,S4/F13/F13_R2/S4_F13_R2_IMAG0873.JPG,wildebeest
ASG000dsss,S4/F13/F13_R2/S4_F13_R2_IMAG0874.JPG,wildebeest
ASG000dsss,S4/F13/F13_R2/S4_F13_R2_IMAG0875.JPG,wildebeest
ASG000dsnb,S4/F13/F13_R2/S4_F13_R2_IMAG0918.JPG,wildebeest
ASG000dsnb,S4/F13/F13_R2/S4_F13_R2_IMAG0919.JPG,wildebeest
ASG000dsnb,S4/F13/F13_R2/S4_F13_R2_IMAG0920.JPG,wildebeest
ASG000dsd9,S4/F13/F13_R2/S4_F13_R2_IMAG0984.JPG,wildebeest
ASG000dsd9,S4/F13/F13_R2/S4_F13_R2_IMAG0985.JPG,wildebeest
ASG000dsd9,S4/F13/F13_R2/S4_F13_R2_IMAG0986.JPG,wildebeest
ASG000bcmy,S4/G01/G01_R1/S4_G01_R1_IMAG0032.JPG,elephant
ASG000bcmy,S4/G01/G01_R1/S4_G01_R1_IMAG0033.JPG,elephant
ASG000bcmy,S4/G01/G01_R1/S4_G01_R1_IMAG0034.JPG,elephant
ASG000bcp9,S4/G01/G01_R1/S4_G01_R1_IMAG0091.JPG,zebra
ASG000bcmw,S4/G01/G01_R1/S4_G01_R1_IMAG0199.JPG,zebra
ASG000bcmw,S4/G01/G01_R1/S4_G01_R1_IMAG0200.JPG,zebra
ASG000bcmw,S4/G01/G01_R1/S4_G01_R1_IMAG0201.JPG,zebra
ASG000bcnc,S4/G01/G01_R1/S4_G01_R1_IMAG0235.JPG,zebra
ASG000bcnh,S4/G01/G01_R1/S4_G01_R1_IMAG0363.JPG,wildebeest
ASG000bcnh,S4/G01/G01_R1/S4_G01_R1_IMAG0364.JPG,wildebeest
ASG000bcnh,S4/G01/G01_R1/S4_G01_R1_IMAG0365.JPG,wildebeest
ASG000cdsg,S4/G02/G02_R1/S4_G02_R1_IMAG0019.JPG,impala
ASG000cdsg,S4/G02/G02_R1/S4_G02_R1_IMAG0020.JPG,impala
ASG000cdsg,S4/G02/G02_R1/S4_G02_R1_IMAG0021.JPG,impala
ASG000ce06,S4/G02/G02_R1/S4_G02_R1_IMAG0137.JPG,impala
ASG000cdr8,S4/G02/G02_R1/S4_G02_R1_IMAG0268.JPG,zebra
ASG000ce24,S4/G02/G02_R1/S4_G02_R1_IMAG0384.JPG,zebra
ASG000cea3,S4/G02/G02_R1/S4_G02_R1_IMAG0388.JPG,zebra
ASG000cdra,S4/G02/G02_R1/S4_G02_R1_IMAG0444.JPG,zebra
ASG000cdra,S4/G02/G02_R1/S4_G02_R1_IMAG0445.JPG,zebra
ASG000cdra,S4/G02/G02_R1/S4_G02_R1_IMAG0446.JPG,zebra
ASG000cecr,S4/G02/G02_R1/S4_G02_R1_IMAG0493.JPG,zebra
ASG000cdyy,S4/G02/G02_R1/S4_G02_R1_IMAG0498.JPG,zebra
ASG000ce1c,S4/G02/G02_R1/S4_G02_R1_IMAG0620.JPG,zebra
ASG000ce1c,S4/G02/G02_R1/S4_G02_R1_IMAG0621.JPG,zebra
ASG000ce1c,S4/G02/G02_R1/S4_G02_R1_IMAG0622.JPG,zebra
ASG000cdw3,S4/G02/G02_R1/S4_G02_R1_IMAG0623.JPG,zebra
ASG000cdw3,S4/G02/G02_R1/S4_G02_R1_IMAG0624.JPG,zebra
ASG000cdw3,S4/G02/G02_R1/S4_G02_R1_IMAG0625.JPG,zebra
ASG000ce3x,S4/G02/G02_R1/S4_G02_R1_IMAG0626.JPG,zebra
ASG000ce3x,S4/G02/G02_R1/S4_G02_R1_IMAG0627.JPG,zebra
ASG000ce3x,S4/G02/G02_R1/S4_G02_R1_IMAG0628.JPG,zebra
ASG000cdt0,S4/G02/G02_R1/S4_G02_R1_IMAG0746.JPG,zebra
ASG000cdt0,S4/G02/G02_R1/S4_G02_R1_IMAG0747.JPG,zebra
ASG000cdt0,S4/G02/G02_R1/S4_G02_R1_IMAG0748.JPG,zebra
ASG000cdsj,S4/G02/G02_R1/S4_G02_R1_IMAG0755.JPG,zebra
ASG000cdsj,S4/G02/G02_R1/S4_G02_R1_IMAG0756.JPG,zebra
ASG000cdsj,S4/G02/G02_R1/S4_G02_R1_IMAG0757.JPG,zebra
ASG000ce6w,S4/G02/G02_R1/S4_G02_R1_IMAG0782.JPG,zebra
ASG000ce6w,S4/G02/G02_R1/S4_G02_R1_IMAG0783.JPG,zebra
ASG000ce6w,S4/G02/G02_R1/S4_G02_R1_IMAG0784.JPG,zebra
ASG000cdt8,S4/G02/G02_R1/S4_G02_R1_IMAG0794.JPG,zebra
ASG000cdt8,S4/G02/G02_R1/S4_G02_R1_IMAG0795.JPG,zebra
ASG000cdt8,S4/G02/G02_R1/S4_G02_R1_IMAG0796.JPG,zebra
ASG000ce39,S4/G02/G02_R1/S4_G02_R1_IMAG0812.JPG,zebra
ASG000ce39,S4/G02/G02_R1/S4_G02_R1_IMAG0813.JPG,zebra
ASG000ce39,S4/G02/G02_R1/S4_G02_R1_IMAG0814.JPG,zebra
ASG000ce1u,S4/G02/G02_R1/S4_G02_R1_IMAG0818.JPG,zebra
ASG000cea8,S4/G02/G02_R1/S4_G02_R1_IMAG0821.JPG,zebra
ASG000ce36,S4/G02/G02_R1/S4_G02_R1_IMAG0823.JPG,zebra
ASG000ce4x,S4/G02/G02_R1/S4_G02_R1_IMAG0829.JPG,zebra
ASG000ce89,S4/G02/G02_R1/S4_G02_R1_IMAG0844.JPG,zebra
ASG000ce4r,S4/G02/G02_R1/S4_G02_R1_IMAG0860.JPG,zebra
ASG000ce3n,S4/G02/G02_R1/S4_G02_R1_IMAG0869.JPG,zebra
ASG000cebw,S4/G02/G02_R1/S4_G02_R1_IMAG0877.JPG,zebra
ASG000ce0h,S4/G02/G02_R1/S4_G02_R1_IMAG1006.JPG,zebra
ASG000ce14,S4/G02/G02_R1/S4_G02_R1_IMAG1010.JPG,zebra
ASG000cdxh,S4/G02/G02_R1/S4_G02_R1_IMAG1011.JPG,zebra
ASG000ce2z,S4/G02/G02_R1/S4_G02_R1_IMAG1022.JPG,zebra
ASG000cdrn,S4/G02/G02_R1/S4_G02_R1_IMAG1035.JPG,zebra
ASG000cdrn,S4/G02/G02_R1/S4_G02_R1_IMAG1036.JPG,zebra
ASG000cdrn,S4/G02/G02_R1/S4_G02_R1_IMAG1037.JPG,zebra
ASG000cdy8,S4/G02/G02_R1/S4_G02_R1_IMAG1131.JPG,zebra
ASG000cdy8,S4/G02/G02_R1/S4_G02_R1_IMAG1132.JPG,zebra
ASG000cdy8,S4/G02/G02_R1/S4_G02_R1_IMAG1133.JPG,zebra
ASG000ce5n,S4/G02/G02_R1/S4_G02_R1_IMAG1176.JPG,wildebeest
ASG000ce5n,S4/G02/G02_R1/S4_G02_R1_IMAG1177.JPG,wildebeest
ASG000ce5n,S4/G02/G02_R1/S4_G02_R1_IMAG1178.JPG,wildebeest
ASG000ce8v,S4/G02/G02_R1/S4_G02_R1_IMAG1243.JPG,wildebeest
ASG000ce4s,S4/G02/G02_R1/S4_G02_R1_IMAG1252.JPG,zebra
ASG000ceap,S4/G02/G02_R1/S4_G02_R1_IMAG1266.JPG,zebra
ASG000ce1i,S4/G02/G02_R1/S4_G02_R1_IMAG1280.JPG,wildebeest
ASG000ce8r,S4/G02/G02_R1/S4_G02_R1_IMAG1292.JPG,wildebeest
ASG000cdwe,S4/G02/G02_R1/S4_G02_R1_IMAG1400.JPG,wildebeest
ASG000cdwe,S4/G02/G02_R1/S4_G02_R1_IMAG1401.JPG,wildebeest
ASG000cdwe,S4/G02/G02_R1/S4_G02_R1_IMAG1402.JPG,wildebeest
ASG000ce6t,S4/G02/G02_R1/S4_G02_R1_IMAG1447.JPG,zebra
ASG000ce8b,S4/G02/G02_R1/S4_G02_R1_IMAG1500.JPG,zebra
ASG000cdqd,S4/G02/G02_R1/S4_G02_R1_IMAG1577.JPG,zebra
ASG000cdqd,S4/G02/G02_R1/S4_G02_R1_IMAG1578.JPG,zebra
ASG000cdqd,S4/G02/G02_R1/S4_G02_R1_IMAG1579.JPG,zebra
ASG000cdn8,S4/G02/G02_R1/S4_G02_R1_IMAG1683.JPG,impala
ASG000cdn8,S4/G02/G02_R1/S4_G02_R1_IMAG1684.JPG,impala
ASG000cdn8,S4/G02/G02_R1/S4_G02_R1_IMAG1685.JPG,impala
ASG000ce7e,S4/G02/G02_R1/S4_G02_R1_IMAG1746.JPG,wildebeest
ASG000ce7e,S4/G02/G02_R1/S4_G02_R1_IMAG1747.JPG,wildebeest
ASG000ce7e,S4/G02/G02_R1/S4_G02_R1_IMAG1748.JPG,wildebeest
ASG000cdxw,S4/G02/G02_R1/S4_G02_R1_IMAG1758.JPG,wildebeest
ASG000cdxw,S4/G02/G02_R1/S4_G02_R1_IMAG1759.JPG,wildebeest
ASG000cdxw,S4/G02/G02_R1/S4_G02_R1_IMAG1760.JPG,wildebeest
ASG000cdmo,S4/G02/G02_R1/S4_G02_R1_IMAG1770.JPG,wildebeest
ASG000cdmo,S4/G02/G02_R1/S4_G02_R1_IMAG1771.JPG,wildebeest
ASG000cdmo,S4/G02/G02_R1/S4_G02_R1_IMAG1772.JPG,wildebeest
ASG000ce3q,S4/G02/G02_R1/S4_G02_R1_IMAG1806.JPG,wildebeest
ASG000ce3q,S4/G02/G02_R1/S4_G02_R1_IMAG1807.JPG,wildebeest
ASG000ce3q,S4/G02/G02_R1/S4_G02_R1_IMAG1808.JPG,wildebeest
ASG000cdq6,S4/G02/G02_R1/S4_G02_R1_IMAG1881.JPG,impala
ASG000cdq6,S4/G02/G02_R1/S4_G02_R1_IMAG1882.JPG,impala
ASG000cdq6,S4/G02/G02_R1/S4_G02_R1_IMAG1883.JPG,impala
ASG000cdkq,S4/G02/G02_R2/S4_G02_R2_IMAG0053.JPG,impala
ASG000cdkq,S4/G02/G02_R2/S4_G02_R2_IMAG0054.JPG,impala
ASG000cdkq,S4/G02/G02_R2/S4_G02_R2_IMAG0055.JPG,impala
ASG000fecz,S4/G03/G03_R2/S4_G03_R2_IMAG0082.JPG,impala
ASG000fecz,S4/G03/G03_R2/S4_G03_R2_IMAG0083.JPG,impala
ASG000fecz,S4/G03/G03_R2/S4_G03_R2_IMAG0084.JPG,impala
ASG000fed5,S4/G03/G03_R2/S4_G03_R2_IMAG0085.JPG,impala
ASG000fed5,S4/G03/G03_R2/S4_G03_R2_IMAG0086.JPG,impala
ASG000fed5,S4/G03/G03_R2/S4_G03_R2_IMAG0087.JPG,impala
ASG000fe8k,S4/G03/G03_R2/S4_G03_R2_IMAG0091.JPG,impala
ASG000fe8k,S4/G03/G03_R2/S4_G03_R2_IMAG0092.JPG,impala
ASG000fe8k,S4/G03/G03_R2/S4_G03_R2_IMAG0093.JPG,impala
ASG000eklu,S4/G04/G04_R1/S4_G04_R1_IMAG0030.JPG,giraffe
ASG000eklu,S4/G04/G04_R1/S4_G04_R1_IMAG0031.JPG,giraffe
ASG000eklu,S4/G04/G04_R1/S4_G04_R1_IMAG0032.JPG,giraffe
ASG000ekov,S4/G04/G04_R1/S4_G04_R1_IMAG0069.JPG,giraffe
ASG000ekov,S4/G04/G04_R1/S4_G04_R1_IMAG0070.JPG,giraffe
ASG000ekov,S4/G04/G04_R1/S4_G04_R1_IMAG0071.JPG,giraffe
ASG000eksq,S4/G04/G04_R1/S4_G04_R1_IMAG0518.JPG,zebra
ASG000ekcg,S4/G04/G04_R1/S4_G04_R1_IMAG0536.JPG,giraffe
ASG000ekcg,S4/G04/G04_R1/S4_G04_R1_IMAG0537.JPG,giraffe
ASG000ekcg,S4/G04/G04_R1/S4_G04_R1_IMAG0538.JPG,giraffe
ASG000ekdm,S4/G04/G04_R1/S4_G04_R1_IMAG0626.JPG,buffalo
ASG000ekdm,S4/G04/G04_R1/S4_G04_R1_IMAG0627.JPG,buffalo
ASG000ekdm,S4/G04/G04_R1/S4_G04_R1_IMAG0628.JPG,buffalo
ASG000ekg4,S4/G04/G04_R1/S4_G04_R1_IMAG0713.JPG,buffalo
ASG000ekg4,S4/G04/G04_R1/S4_G04_R1_IMAG0714.JPG,buffalo
ASG000ekg4,S4/G04/G04_R1/S4_G04_R1_IMAG0715.JPG,buffalo
ASG000ekmm,S4/G04/G04_R1/S4_G04_R1_IMAG0755.JPG,buffalo
ASG000ekmm,S4/G04/G04_R1/S4_G04_R1_IMAG0756.JPG,buffalo
ASG000ekmm,S4/G04/G04_R1/S4_G04_R1_IMAG0757.JPG,buffalo
ASG000eknj,S4/G04/G04_R1/S4_G04_R1_IMAG0788.JPG,buffalo
ASG000eknj,S4/G04/G04_R1/S4_G04_R1_IMAG0789.JPG,buffalo
ASG000eknj,S4/G04/G04_R1/S4_G04_R1_IMAG0790.JPG,buffalo
ASG000ekdt,S4/G04/G04_R1/S4_G04_R1_IMAG0815.JPG,buffalo
ASG000ekdt,S4/G04/G04_R1/S4_G04_R1_IMAG0816.JPG,buffalo
ASG000ekdt,S4/G04/G04_R1/S4_G04_R1_IMAG0817.JPG,buffalo
ASG000ekjp,S4/G04/G04_R1/S4_G04_R1_IMAG0842.JPG,buffalo
ASG000ekjp,S4/G04/G04_R1/S4_G04_R1_IMAG0843.JPG,buffalo
ASG000ekjp,S4/G04/G04_R1/S4_G04_R1_IMAG0844.JPG,buffalo
ASG000ekfb,S4/G04/G04_R1/S4_G04_R1_IMAG0860.JPG,buffalo
ASG000ekfb,S4/G04/G04_R1/S4_G04_R1_IMAG0861.JPG,buffalo
ASG000ekfb,S4/G04/G04_R1/S4_G04_R1_IMAG0862.JPG,buffalo
ASG000ekdi,S4/G04/G04_R1/S4_G04_R1_IMAG0869.JPG,buffalo
ASG000ekdi,S4/G04/G04_R1/S4_G04_R1_IMAG0870.JPG,buffalo
ASG000ekdi,S4/G04/G04_R1/S4_G04_R1_IMAG0871.JPG,buffalo
ASG000ekgi,S4/G04/G04_R1/S4_G04_R1_IMAG0875.JPG,buffalo
ASG000ekgi,S4/G04/G04_R1/S4_G04_R1_IMAG0876.JPG,buffalo
ASG000ekgi,S4/G04/G04_R1/S4_G04_R1_IMAG0877.JPG,buffalo
ASG000ekj9,S4/G04/G04_R1/S4_G04_R1_IMAG0914.JPG,buffalo
ASG000ekj9,S4/G04/G04_R1/S4_G04_R1_IMAG0915.JPG,buffalo
ASG000ekj9,S4/G04/G04_R1/S4_G04_R1_IMAG0916.JPG,buffalo
ASG000ekf7,S4/G04/G04_R1/S4_G04_R1_IMAG0938.JPG,buffalo
ASG000ekf7,S4/G04/G04_R1/S4_G04_R1_IMAG0939.JPG,buffalo
ASG000ekf7,S4/G04/G04_R1/S4_G04_R1_IMAG0940.JPG,buffalo
ASG000ekn7,S4/G04/G04_R1/S4_G04_R1_IMAG0980.JPG,buffalo
ASG000ekn7,S4/G04/G04_R1/S4_G04_R1_IMAG0981.JPG,buffalo
ASG000ekn7,S4/G04/G04_R1/S4_G04_R1_IMAG0982.JPG,buffalo
ASG000ekqi,S4/G04/G04_R1/S4_G04_R1_IMAG0989.JPG,buffalo
ASG000ekqi,S4/G04/G04_R1/S4_G04_R1_IMAG0990.JPG,buffalo
ASG000ekqi,S4/G04/G04_R1/S4_G04_R1_IMAG0991.JPG,buffalo
ASG000ekc5,S4/G04/G04_R1/S4_G04_R1_IMAG1025.JPG,buffalo
ASG000ekc5,S4/G04/G04_R1/S4_G04_R1_IMAG1026.JPG,buffalo
ASG000ekc5,S4/G04/G04_R1/S4_G04_R1_IMAG1027.JPG,buffalo
ASG000ekoa,S4/G04/G04_R1/S4_G04_R1_IMAG1049.JPG,buffalo
ASG000ekoa,S4/G04/G04_R1/S4_G04_R1_IMAG1050.JPG,buffalo
ASG000ekoa,S4/G04/G04_R1/S4_G04_R1_IMAG1051.JPG,buffalo
ASG000ekie,S4/G04/G04_R1/S4_G04_R1_IMAG1113.JPG,zebra
ASG000eks8,S4/G04/G04_R1/S4_G04_R1_IMAG1172.JPG,zebra
ASG000ekru,S4/G04/G04_R1/S4_G04_R1_IMAG1217.JPG,buffalo
ASG000ekru,S4/G04/G04_R1/S4_G04_R1_IMAG1218.JPG,buffalo
ASG000ekru,S4/G04/G04_R1/S4_G04_R1_IMAG1219.JPG,buffalo
ASG000eke6,S4/G04/G04_R1/S4_G04_R1_IMAG1253.JPG,zebra
ASG000eke6,S4/G04/G04_R1/S4_G04_R1_IMAG1254.JPG,zebra
ASG000eke6,S4/G04/G04_R1/S4_G04_R1_IMAG1255.JPG,zebra
ASG000ekpf,S4/G04/G04_R1/S4_G04_R1_IMAG1316.JPG,zebra
ASG000ekpf,S4/G04/G04_R1/S4_G04_R1_IMAG1317.JPG,zebra
ASG000ekpf,S4/G04/G04_R1/S4_G04_R1_IMAG1318.JPG,zebra
ASG000ekhy,S4/G04/G04_R1/S4_G04_R1_IMAG1368.JPG,zebra
ASG000ekhy,S4/G04/G04_R1/S4_G04_R1_IMAG1369.JPG,zebra
ASG000ekhy,S4/G04/G04_R1/S4_G04_R1_IMAG1370.JPG,zebra
ASG000ekr7,S4/G04/G04_R1/S4_G04_R1_IMAG1476.JPG,buffalo
ASG000ekr7,S4/G04/G04_R1/S4_G04_R1_IMAG1477.JPG,buffalo
ASG000ekr7,S4/G04/G04_R1/S4_G04_R1_IMAG1478.JPG,buffalo
ASG000ekau,S4/G04/G04_R1/S4_G04_R1_IMAG1491.JPG,wildebeest
ASG000ekau,S4/G04/G04_R1/S4_G04_R1_IMAG1492.JPG,wildebeest
ASG000ekau,S4/G04/G04_R1/S4_G04_R1_IMAG1493.JPG,wildebeest
ASG000ekgc,S4/G04/G04_R1/S4_G04_R1_IMAG1530.JPG,buffalo
ASG000ekgc,S4/G04/G04_R1/S4_G04_R1_IMAG1531.JPG,buffalo
ASG000ekgc,S4/G04/G04_R1/S4_G04_R1_IMAG1532.JPG,buffalo
ASG000ekdq,S4/G04/G04_R1/S4_G04_R1_IMAG1578.JPG,buffalo
ASG000ekdq,S4/G04/G04_R1/S4_G04_R1_IMAG1579.JPG,buffalo
ASG000ekdq,S4/G04/G04_R1/S4_G04_R1_IMAG1580.JPG,buffalo
ASG000eks4,S4/G04/G04_R1/S4_G04_R1_IMAG1677.JPG,buffalo
ASG000eks4,S4/G04/G04_R1/S4_G04_R1_IMAG1678.JPG,buffalo
ASG000eks4,S4/G04/G04_R1/S4_G04_R1_IMAG1679.JPG,buffalo
ASG000ekf0,S4/G04/G04_R1/S4_G04_R1_IMAG1716.JPG,buffalo
ASG000ekf0,S4/G04/G04_R1/S4_G04_R1_IMAG1717.JPG,buffalo
ASG000ekf0,S4/G04/G04_R1/S4_G04_R1_IMAG1718.JPG,buffalo
ASG000ekpk,S4/G04/G04_R1/S4_G04_R1_IMAG1776.JPG,giraffe
ASG000ekpk,S4/G04/G04_R1/S4_G04_R1_IMAG1777.JPG,giraffe
ASG000ekpk,S4/G04/G04_R1/S4_G04_R1_IMAG1778.JPG,giraffe
ASG000dcc7,S4/G05/G05_R1/S4_G05_R1_IMAG0016.JPG,warthog
ASG000dcc7,S4/G05/G05_R1/S4_G05_R1_IMAG0017.JPG,warthog
ASG000dcc7,S4/G05/G05_R1/S4_G05_R1_IMAG0018.JPG,warthog
ASG000dcbh,S4/G05/G05_R1/S4_G05_R1_IMAG0093.JPG,buffalo
ASG000dcbh,S4/G05/G05_R1/S4_G05_R1_IMAG0094.JPG,buffalo
ASG000dcbh,S4/G05/G05_R1/S4_G05_R1_IMAG0095.JPG,buffalo
ASG000dcp4,S4/G05/G05_R2/S4_G05_R2_IMAG0190.JPG,zebra
ASG000dcds,S4/G05/G05_R2/S4_G05_R2_IMAG0260.JPG,buffalo
ASG000dcds,S4/G05/G05_R2/S4_G05_R2_IMAG0261.JPG,buffalo
ASG000dcds,S4/G05/G05_R2/S4_G05_R2_IMAG0262.JPG,buffalo
ASG000dck6,S4/G05/G05_R2/S4_G05_R2_IMAG0401.JPG,zebra
ASG000dck6,S4/G05/G05_R2/S4_G05_R2_IMAG0402.JPG,zebra
ASG000dck6,S4/G05/G05_R2/S4_G05_R2_IMAG0403.JPG,zebra
ASG000bwnf,S4/G06/G06_R2/S4_G06_R2_IMAG1356.JPG,wildebeest
ASG000bwnf,S4/G06/G06_R2/S4_G06_R2_IMAG1357.JPG,wildebeest
ASG000bwnf,S4/G06/G06_R2/S4_G06_R2_IMAG1358.JPG,wildebeest
ASG000e3ud,S4/G13/G13_R1/S4_G13_R1_IMAG0064.JPG,gazelleGrants
ASG000e3ud,S4/G13/G13_R1/S4_G13_R1_IMAG0065.JPG,gazelleGrants
ASG000e3ud,S4/G13/G13_R1/S4_G13_R1_IMAG0066.JPG,gazelleGrants
ASG000e3yg,S4/G13/G13_R2/S4_G13_R2_IMAG0113.JPG,wildebeest
ASG000e3yg,S4/G13/G13_R2/S4_G13_R2_IMAG0114.JPG,wildebeest
ASG000e3yg,S4/G13/G13_R2/S4_G13_R2_IMAG0115.JPG,wildebeest
ASG000e40j,S4/G13/G13_R2/S4_G13_R2_IMAG0146.JPG,wildebeest
ASG000e40j,S4/G13/G13_R2/S4_G13_R2_IMAG0147.JPG,wildebeest
ASG000e40j,S4/G13/G13_R2/S4_G13_R2_IMAG0148.JPG,wildebeest
ASG000e40d,S4/G13/G13_R2/S4_G13_R2_IMAG0149.JPG,wildebeest
ASG000e40d,S4/G13/G13_R2/S4_G13_R2_IMAG0150.JPG,wildebeest
ASG000e40d,S4/G13/G13_R2/S4_G13_R2_IMAG0151.JPG,wildebeest
ASG000e40y,S4/G13/G13_R2/S4_G13_R2_IMAG0173.JPG,wildebeest
ASG000e40y,S4/G13/G13_R2/S4_G13_R2_IMAG0174.JPG,wildebeest
ASG000e40y,S4/G13/G13_R2/S4_G13_R2_IMAG0175.JPG,wildebeest
ASG000e3xx,S4/G13/G13_R2/S4_G13_R2_IMAG0293.JPG,zebra
ASG000e3xx,S4/G13/G13_R2/S4_G13_R2_IMAG0294.JPG,zebra
ASG000e3xx,S4/G13/G13_R2/S4_G13_R2_IMAG0295.JPG,zebra
ASG000e3ws,S4/G13/G13_R2/S4_G13_R2_IMAG0329.JPG,zebra
ASG000e3ws,S4/G13/G13_R2/S4_G13_R2_IMAG0330.JPG,zebra
ASG000e3ws,S4/G13/G13_R2/S4_G13_R2_IMAG0331.JPG,zebra
ASG000e3yy,S4/G13/G13_R2/S4_G13_R2_IMAG0401.JPG,wildebeest
ASG000e3yy,S4/G13/G13_R2/S4_G13_R2_IMAG0402.JPG,wildebeest
ASG000e3yy,S4/G13/G13_R2/S4_G13_R2_IMAG0403.JPG,wildebeest
ASG000e3yz,S4/G13/G13_R2/S4_G13_R2_IMAG0404.JPG,wildebeest
ASG000e3yz,S4/G13/G13_R2/S4_G13_R2_IMAG0405.JPG,wildebeest
ASG000e3yz,S4/G13/G13_R2/S4_G13_R2_IMAG0406.JPG,wildebeest
ASG000e3w6,S4/G13/G13_R2/S4_G13_R2_IMAG0449.JPG,wildebeest
ASG000e3w6,S4/G13/G13_R2/S4_G13_R2_IMAG0450.JPG,wildebeest
ASG000e3w6,S4/G13/G13_R2/S4_G13_R2_IMAG0451.JPG,wildebeest
ASG000e3yu,S4/G13/G13_R2/S4_G13_R2_IMAG0458.JPG,wildebeest
ASG000e3yu,S4/G13/G13_R2/S4_G13_R2_IMAG0459.JPG,wildebeest
ASG000e3yu,S4/G13/G13_R2/S4_G13_R2_IMAG0460.JPG,wildebeest
ASG000e3y5,S4/G13/G13_R2/S4_G13_R2_IMAG0461.JPG,wildebeest
ASG000e3y5,S4/G13/G13_R2/S4_G13_R2_IMAG0462.JPG,wildebeest
ASG000e3y5,S4/G13/G13_R2/S4_G13_R2_IMAG0463.JPG,wildebeest
ASG000euun,S4/H01/H01_R2/S4_H01_R2_IMAG0070.JPG,impala
ASG000euun,S4/H01/H01_R2/S4_H01_R2_IMAG0071.JPG,impala
ASG000euun,S4/H01/H01_R2/S4_H01_R2_IMAG0072.JPG,impala
ASG000euw6,S4/H01/H01_R2/S4_H01_R2_IMAG0132.JPG,impala
ASG000euw6,S4/H01/H01_R2/S4_H01_R2_IMAG0133.JPG,impala
ASG000euw6,S4/H01/H01_R2/S4_H01_R2_IMAG0134.JPG,impala
ASG000euvx,S4/H01/H01_R2/S4_H01_R2_IMAG0200.JPG,impala
ASG000euvx,S4/H01/H01_R2/S4_H01_R2_IMAG0201.JPG,impala
ASG000euvx,S4/H01/H01_R2/S4_H01_R2_IMAG0202.JPG,impala
ASG000dvzq,S4/H02/H02_R1/S4_H02_R1_IMAG0035.JPG,giraffe
ASG000dvzq,S4/H02/H02_R1/S4_H02_R1_IMAG0036.JPG,giraffe
ASG000dvzq,S4/H02/H02_R1/S4_H02_R1_IMAG0037.JPG,giraffe
ASG000dvq1,S4/H02/H02_R1/S4_H02_R1_IMAG0105.JPG,warthog
ASG000dvq1,S4/H02/H02_R1/S4_H02_R1_IMAG0106.JPG,warthog
ASG000dvq1,S4/H02/H02_R1/S4_H02_R1_IMAG0107.JPG,warthog
ASG000dw8b,S4/H02/H02_R1/S4_H02_R1_IMAG0115.JPG,hartebeest
ASG000dw8f,S4/H02/H02_R1/S4_H02_R1_IMAG0268.JPG,hartebeest
ASG000dvv4,S4/H02/H02_R1/S4_H02_R1_IMAG0316.JPG,zebra
ASG000dvv4,S4/H02/H02_R1/S4_H02_R1_IMAG0317.JPG,zebra
ASG000dvv4,S4/H02/H02_R1/S4_H02_R1_IMAG0318.JPG,zebra
ASG000dw8z,S4/H02/H02_R1/S4_H02_R1_IMAG0474.JPG,zebra
ASG000dvuf,S4/H02/H02_R1/S4_H02_R1_IMAG0527.JPG,zebra
ASG000dvuf,S4/H02/H02_R1/S4_H02_R1_IMAG0528.JPG,zebra
ASG000dvuf,S4/H02/H02_R1/S4_H02_R1_IMAG0529.JPG,zebra
ASG000dw69,S4/H02/H02_R1/S4_H02_R1_IMAG0716.JPG,zebra
ASG000dw69,S4/H02/H02_R1/S4_H02_R1_IMAG0717.JPG,zebra
ASG000dw69,S4/H02/H02_R1/S4_H02_R1_IMAG0718.JPG,zebra
ASG000dvzo,S4/H02/H02_R1/S4_H02_R1_IMAG0902.JPG,wildebeest
ASG000dvzo,S4/H02/H02_R1/S4_H02_R1_IMAG0903.JPG,wildebeest
ASG000dvzo,S4/H02/H02_R1/S4_H02_R1_IMAG0904.JPG,wildebeest
ASG000dw1z,S4/H02/H02_R1/S4_H02_R1_IMAG0938.JPG,zebra
ASG000dw82,S4/H02/H02_R1/S4_H02_R1_IMAG0941.JPG,zebra
ASG000dw4m,S4/H02/H02_R1/S4_H02_R1_IMAG0947.JPG,zebra
ASG000dw28,S4/H02/H02_R1/S4_H02_R1_IMAG0990.JPG,zebra
ASG000dw28,S4/H02/H02_R1/S4_H02_R1_IMAG0991.JPG,zebra
ASG000dw28,S4/H02/H02_R1/S4_H02_R1_IMAG0992.JPG,zebra
ASG000dw4z,S4/H02/H02_R1/S4_H02_R1_IMAG1008.JPG,zebra
ASG000dw4z,S4/H02/H02_R1/S4_H02_R1_IMAG1009.JPG,zebra
ASG000dw4z,S4/H02/H02_R1/S4_H02_R1_IMAG1010.JPG,zebra
ASG000dvw0,S4/H02/H02_R1/S4_H02_R1_IMAG1014.JPG,zebra
ASG000dvw0,S4/H02/H02_R1/S4_H02_R1_IMAG1015.JPG,zebra
ASG000dvw0,S4/H02/H02_R1/S4_H02_R1_IMAG1016.JPG,zebra
ASG000dvp8,S4/H02/H02_R1/S4_H02_R1_IMAG1035.JPG,zebra
ASG000dvp8,S4/H02/H02_R1/S4_H02_R1_IMAG1036.JPG,zebra
ASG000dvp8,S4/H02/H02_R1/S4_H02_R1_IMAG1037.JPG,zebra
ASG000dw6n,S4/H02/H02_R1/S4_H02_R1_IMAG1090.JPG,zebra
ASG000dw7l,S4/H02/H02_R1/S4_H02_R1_IMAG1099.JPG,zebra
ASG000dw3v,S4/H02/H02_R1/S4_H02_R1_IMAG1108.JPG,wildebeest
ASG000dw02,S4/H02/H02_R1/S4_H02_R1_IMAG1124.JPG,wildebeest
ASG000dw02,S4/H02/H02_R1/S4_H02_R1_IMAG1125.JPG,wildebeest
ASG000dw02,S4/H02/H02_R1/S4_H02_R1_IMAG1126.JPG,wildebeest
ASG000dvt7,S4/H02/H02_R1/S4_H02_R1_IMAG1244.JPG,zebra
ASG000dvt7,S4/H02/H02_R1/S4_H02_R1_IMAG1245.JPG,zebra
ASG000dvt7,S4/H02/H02_R1/S4_H02_R1_IMAG1246.JPG,zebra
ASG000dw5r,S4/H02/H02_R1/S4_H02_R1_IMAG1247.JPG,zebra
ASG000dw5r,S4/H02/H02_R1/S4_H02_R1_IMAG1248.JPG,zebra
ASG000dw5r,S4/H02/H02_R1/S4_H02_R1_IMAG1249.JPG,zebra
ASG000dvx3,S4/H02/H02_R1/S4_H02_R1_IMAG1376.JPG,wildebeest
ASG000dvx3,S4/H02/H02_R1/S4_H02_R1_IMAG1377.JPG,wildebeest
ASG000dvx3,S4/H02/H02_R1/S4_H02_R1_IMAG1378.JPG,wildebeest
ASG000dw2s,S4/H02/H02_R1/S4_H02_R1_IMAG1397.JPG,wildebeest
ASG000dw2s,S4/H02/H02_R1/S4_H02_R1_IMAG1398.JPG,wildebeest
ASG000dw2s,S4/H02/H02_R1/S4_H02_R1_IMAG1399.JPG,wildebeest
ASG000dvp5,S4/H02/H02_R1/S4_H02_R1_IMAG1457.JPG,zebra
ASG000dvp5,S4/H02/H02_R1/S4_H02_R1_IMAG1458.JPG,zebra
ASG000dvp5,S4/H02/H02_R1/S4_H02_R1_IMAG1459.JPG,zebra
ASG000dvtv,S4/H02/H02_R1/S4_H02_R1_IMAG1463.JPG,zebra
ASG000dvtv,S4/H02/H02_R1/S4_H02_R1_IMAG1464.JPG,zebra
ASG000dvtv,S4/H02/H02_R1/S4_H02_R1_IMAG1465.JPG,zebra
ASG000dvwy,S4/H02/H02_R1/S4_H02_R1_IMAG1559.JPG,zebra
ASG000dvzs,S4/H02/H02_R1/S4_H02_R1_IMAG1673.JPG,zebra
ASG000dvzs,S4/H02/H02_R1/S4_H02_R1_IMAG1674.JPG,zebra
ASG000dvzs,S4/H02/H02_R1/S4_H02_R1_IMAG1675.JPG,zebra
ASG000dw3b,S4/H02/H02_R1/S4_H02_R1_IMAG1676.JPG,zebra
ASG000dw3b,S4/H02/H02_R1/S4_H02_R1_IMAG1677.JPG,zebra
ASG000dw3b,S4/H02/H02_R1/S4_H02_R1_IMAG1678.JPG,zebra
ASG000dvve,S4/H02/H02_R1/S4_H02_R1_IMAG1718.JPG,zebra
ASG000dvve,S4/H02/H02_R1/S4_H02_R1_IMAG1719.JPG,zebra
ASG000dvve,S4/H02/H02_R1/S4_H02_R1_IMAG1720.JPG,zebra
ASG000dvuc,S4/H02/H02_R1/S4_H02_R1_IMAG1773.JPG,zebra
ASG000dvuc,S4/H02/H02_R1/S4_H02_R1_IMAG1774.JPG,zebra
ASG000dvuc,S4/H02/H02_R1/S4_H02_R1_IMAG1775.JPG,zebra
ASG000dvj8,S4/H02/H02_R2/S4_H02_R2_IMAG0046.JPG,giraffe
ASG000dvj8,S4/H02/H02_R2/S4_H02_R2_IMAG0047.JPG,giraffe
ASG000dvj8,S4/H02/H02_R2/S4_H02_R2_IMAG0048.JPG,giraffe
ASG000dvok,S4/H02/H02_R2/S4_H02_R2_IMAG0145.JPG,zebra
ASG000dvku,S4/H02/H02_R2/S4_H02_R2_IMAG0146.JPG,zebra
ASG000dvmr,S4/H02/H02_R2/S4_H02_R2_IMAG0259.JPG,warthog
ASG000dvmr,S4/H02/H02_R2/S4_H02_R2_IMAG0260.JPG,warthog
ASG000dvmr,S4/H02/H02_R2/S4_H02_R2_IMAG0261.JPG,warthog
ASG000dvni,S4/H02/H02_R2/S4_H02_R2_IMAG0268.JPG,warthog
ASG000dvni,S4/H02/H02_R2/S4_H02_R2_IMAG0269.JPG,warthog
ASG000dvni,S4/H02/H02_R2/S4_H02_R2_IMAG0270.JPG,warthog
ASG000dvob,S4/H02/H02_R2/S4_H02_R2_IMAG0326.JPG,impala
ASG000dvob,S4/H02/H02_R2/S4_H02_R2_IMAG0327.JPG,impala
ASG000dvob,S4/H02/H02_R2/S4_H02_R2_IMAG0328.JPG,impala
ASG000dvm6,S4/H02/H02_R2/S4_H02_R2_IMAG0365.JPG,elephant
ASG000dvm6,S4/H02/H02_R2/S4_H02_R2_IMAG0366.JPG,elephant
ASG000dvm6,S4/H02/H02_R2/S4_H02_R2_IMAG0367.JPG,elephant
ASG000dvj9,S4/H02/H02_R2/S4_H02_R2_IMAG0426.JPG,hartebeest
ASG000dvj9,S4/H02/H02_R2/S4_H02_R2_IMAG0427.JPG,hartebeest
ASG000dvj9,S4/H02/H02_R2/S4_H02_R2_IMAG0428.JPG,hartebeest
ASG000bwfw,S4/H03/H03_R2/S4_H03_R2_IMAG0029.JPG,elephant
ASG000bwfw,S4/H03/H03_R2/S4_H03_R2_IMAG0030.JPG,elephant
ASG000bwfw,S4/H03/H03_R2/S4_H03_R2_IMAG0031.JPG,elephant
ASG000be8c,S4/H04/H04_R1/S4_H04_R1_IMAG0152.JPG,zebra
ASG000be8c,S4/H04/H04_R1/S4_H04_R1_IMAG0153.JPG,zebra
ASG000be8c,S4/H04/H04_R1/S4_H04_R1_IMAG0154.JPG,zebra
ASG000bec4,S4/H04/H04_R1/S4_H04_R1_IMAG0195.JPG,zebra
ASG000be9w,S4/H04/H04_R1/S4_H04_R1_IMAG0252.JPG,wildebeest
ASG000be9w,S4/H04/H04_R1/S4_H04_R1_IMAG0253.JPG,wildebeest
ASG000be9w,S4/H04/H04_R1/S4_H04_R1_IMAG0254.JPG,wildebeest
ASG000be7c,S4/H04/H04_R1/S4_H04_R1_IMAG0276.JPG,wildebeest
ASG000be7c,S4/H04/H04_R1/S4_H04_R1_IMAG0277.JPG,wildebeest
ASG000be7c,S4/H04/H04_R1/S4_H04_R1_IMAG0278.JPG,wildebeest
ASG000be8z,S4/H04/H04_R1/S4_H04_R1_IMAG0369.JPG,wildebeest
ASG000be8z,S4/H04/H04_R1/S4_H04_R1_IMAG0370.JPG,wildebeest
ASG000be8z,S4/H04/H04_R1/S4_H04_R1_IMAG0371.JPG,wildebeest
ASG000be7n,S4/H04/H04_R1/S4_H04_R1_IMAG0489.JPG,wildebeest
ASG000be7n,S4/H04/H04_R1/S4_H04_R1_IMAG0490.JPG,wildebeest
ASG000be7n,S4/H04/H04_R1/S4_H04_R1_IMAG0491.JPG,wildebeest
ASG000becr,S4/H04/H04_R1/S4_H04_R1_IMAG0513.JPG,wildebeest
ASG000becr,S4/H04/H04_R1/S4_H04_R1_IMAG0514.JPG,wildebeest
ASG000becr,S4/H04/H04_R1/S4_H04_R1_IMAG0515.JPG,wildebeest
ASG000be9e,S4/H04/H04_R1/S4_H04_R1_IMAG0579.JPG,wildebeest
ASG000be9e,S4/H04/H04_R1/S4_H04_R1_IMAG0580.JPG,wildebeest
ASG000be9e,S4/H04/H04_R1/S4_H04_R1_IMAG0581.JPG,wildebeest
ASG000be7b,S4/H04/H04_R1/S4_H04_R1_IMAG0618.JPG,wildebeest
ASG000be7b,S4/H04/H04_R1/S4_H04_R1_IMAG0619.JPG,wildebeest
ASG000be7b,S4/H04/H04_R1/S4_H04_R1_IMAG0620.JPG,wildebeest
ASG000bedh,S4/H04/H04_R1/S4_H04_R1_IMAG0627.JPG,wildebeest
ASG000bedh,S4/H04/H04_R1/S4_H04_R1_IMAG0628.JPG,wildebeest
ASG000bedh,S4/H04/H04_R1/S4_H04_R1_IMAG0629.JPG,wildebeest
ASG000bebs,S4/H04/H04_R1/S4_H04_R1_IMAG0675.JPG,zebra
ASG000be9m,S4/H04/H04_R1/S4_H04_R1_IMAG0717.JPG,giraffe
ASG000be9m,S4/H04/H04_R1/S4_H04_R1_IMAG0718.JPG,giraffe
ASG000be9m,S4/H04/H04_R1/S4_H04_R1_IMAG0719.JPG,giraffe
ASG000be5n,S4/H04/H04_R2/S4_H04_R2_IMAG0100.JPG,zebra
ASG000be5n,S4/H04/H04_R2/S4_H04_R2_IMAG0101.JPG,zebra
ASG000be5n,S4/H04/H04_R2/S4_H04_R2_IMAG0102.JPG,zebra
ASG000be4t,S4/H04/H04_R2/S4_H04_R2_IMAG0124.JPG,buffalo
ASG000be4t,S4/H04/H04_R2/S4_H04_R2_IMAG0125.JPG,buffalo
ASG000be4t,S4/H04/H04_R2/S4_H04_R2_IMAG0126.JPG,buffalo
ASG000be4s,S4/H04/H04_R2/S4_H04_R2_IMAG0234.JPG,buffalo
ASG000be4s,S4/H04/H04_R2/S4_H04_R2_IMAG0235.JPG,buffalo
ASG000be4s,S4/H04/H04_R2/S4_H04_R2_IMAG0236.JPG,buffalo
ASG000dy0b,S4/H05/H05_R1/S4_H05_R1_IMAG0018.JPG,buffalo
ASG000dy0b,S4/H05/H05_R1/S4_H05_R1_IMAG0019.JPG,buffalo
ASG000dy0b,S4/H05/H05_R1/S4_H05_R1_IMAG0020.JPG,buffalo
ASG000dyo1,S4/H05/H05_R1/S4_H05_R1_IMAG0033.JPG,buffalo
ASG000dyo1,S4/H05/H05_R1/S4_H05_R1_IMAG0034.JPG,buffalo
ASG000dyo1,S4/H05/H05_R1/S4_H05_R1_IMAG0035.JPG,buffalo
ASG000dx5k,S4/H05/H05_R1/S4_H05_R1_IMAG0093.JPG,buffalo
ASG000dx5k,S4/H05/H05_R1/S4_H05_R1_IMAG0094.JPG,buffalo
ASG000dx5k,S4/H05/H05_R1/S4_H05_R1_IMAG0095.JPG,buffalo
ASG000dx58,S4/H05/H05_R1/S4_H05_R1_IMAG3528.JPG,warthog
ASG000dx58,S4/H05/H05_R1/S4_H05_R1_IMAG3529.JPG,warthog
ASG000dx58,S4/H05/H05_R1/S4_H05_R1_IMAG3530.JPG,warthog
ASG000dwx0,S4/H05/H05_R2/S4_H05_R2_IMAG0056.JPG,giraffe
ASG000dwx0,S4/H05/H05_R2/S4_H05_R2_IMAG0057.JPG,giraffe
ASG000dwx0,S4/H05/H05_R2/S4_H05_R2_IMAG0058.JPG,giraffe
ASG000dwyf,S4/H05/H05_R2/S4_H05_R2_IMAG0097.JPG,zebra
ASG000dwyw,S4/H05/H05_R2/S4_H05_R2_IMAG0233.JPG,wildebeest
ASG000dwyw,S4/H05/H05_R2/S4_H05_R2_IMAG0234.JPG,wildebeest
ASG000dwyw,S4/H05/H05_R2/S4_H05_R2_IMAG0235.JPG,wildebeest
ASG000dwnx,S4/H05/H05_R2/S4_H05_R2_IMAG0236.JPG,wildebeest
ASG000dwnx,S4/H05/H05_R2/S4_H05_R2_IMAG0237.JPG,wildebeest
ASG000dwnx,S4/H05/H05_R2/S4_H05_R2_IMAG0238.JPG,wildebeest
ASG000dwss,S4/H05/H05_R2/S4_H05_R2_IMAG0284.JPG,wildebeest
ASG000dwss,S4/H05/H05_R2/S4_H05_R2_IMAG0285.JPG,wildebeest
ASG000dwss,S4/H05/H05_R2/S4_H05_R2_IMAG0286.JPG,wildebeest
ASG000dwsp,S4/H05/H05_R2/S4_H05_R2_IMAG0344.JPG,wildebeest
ASG000dwsp,S4/H05/H05_R2/S4_H05_R2_IMAG0345.JPG,wildebeest
ASG000dwsp,S4/H05/H05_R2/S4_H05_R2_IMAG0346.JPG,wildebeest
ASG000dwyi,S4/H05/H05_R2/S4_H05_R2_IMAG0363.JPG,zebra
ASG000dwyi,S4/H05/H05_R2/S4_H05_R2_IMAG0364.JPG,zebra
ASG000dwyi,S4/H05/H05_R2/S4_H05_R2_IMAG0365.JPG,zebra
ASG000dwxd,S4/H05/H05_R2/S4_H05_R2_IMAG0396.JPG,wildebeest
ASG000dwxd,S4/H05/H05_R2/S4_H05_R2_IMAG0397.JPG,wildebeest
ASG000dwxd,S4/H05/H05_R2/S4_H05_R2_IMAG0398.JPG,wildebeest
ASG000dwz7,S4/H05/H05_R2/S4_H05_R2_IMAG0566.JPG,zebra
ASG000dwr9,S4/H05/H05_R2/S4_H05_R2_IMAG0661.JPG,warthog
ASG000dwr9,S4/H05/H05_R2/S4_H05_R2_IMAG0662.JPG,warthog
ASG000dwr9,S4/H05/H05_R2/S4_H05_R2_IMAG0663.JPG,warthog
ASG000dwwm,S4/H05/H05_R2/S4_H05_R2_IMAG0713.JPG,zebra
ASG000dwwm,S4/H05/H05_R2/S4_H05_R2_IMAG0714.JPG,zebra
ASG000dwwm,S4/H05/H05_R2/S4_H05_R2_IMAG0715.JPG,zebra
ASG000dws6,S4/H05/H05_R2/S4_H05_R2_IMAG0722.JPG,wildebeest
ASG000dws6,S4/H05/H05_R2/S4_H05_R2_IMAG0723.JPG,wildebeest
ASG000dws6,S4/H05/H05_R2/S4_H05_R2_IMAG0724.JPG,wildebeest
ASG000dwy4,S4/H05/H05_R2/S4_H05_R2_IMAG0737.JPG,wildebeest
ASG000dwy4,S4/H05/H05_R2/S4_H05_R2_IMAG0738.JPG,wildebeest
ASG000dwy4,S4/H05/H05_R2/S4_H05_R2_IMAG0739.JPG,wildebeest
ASG000dwsq,S4/H05/H05_R2/S4_H05_R2_IMAG0890.JPG,wildebeest
ASG000dwsq,S4/H05/H05_R2/S4_H05_R2_IMAG0891.JPG,wildebeest
ASG000dwsq,S4/H05/H05_R2/S4_H05_R2_IMAG0892.JPG,wildebeest
ASG000dwr7,S4/H05/H05_R2/S4_H05_R2_IMAG0905.JPG,wildebeest
ASG000dwr7,S4/H05/H05_R2/S4_H05_R2_IMAG0906.JPG,wildebeest
ASG000dwr7,S4/H05/H05_R2/S4_H05_R2_IMAG0907.JPG,wildebeest
ASG000dwte,S4/H05/H05_R2/S4_H05_R2_IMAG0956.JPG,wildebeest
ASG000dwte,S4/H05/H05_R2/S4_H05_R2_IMAG0957.JPG,wildebeest
ASG000dwte,S4/H05/H05_R2/S4_H05_R2_IMAG0958.JPG,wildebeest
ASG000dwxk,S4/H05/H05_R2/S4_H05_R2_IMAG1028.JPG,wildebeest
ASG000dwxk,S4/H05/H05_R2/S4_H05_R2_IMAG1029.JPG,wildebeest
ASG000dwxk,S4/H05/H05_R2/S4_H05_R2_IMAG1030.JPG,wildebeest
ASG000dwwu,S4/H05/H05_R2/S4_H05_R2_IMAG1070.JPG,wildebeest
ASG000f0wu,S4/H06/H06_R1/S4_H06_R1_IMAG0055.JPG,buffalo
ASG000f0wu,S4/H06/H06_R1/S4_H06_R1_IMAG0056.JPG,buffalo
ASG000f0wu,S4/H06/H06_R1/S4_H06_R1_IMAG0057.JPG,buffalo
ASG000f0vx,S4/H06/H06_R1/S4_H06_R1_IMAG0076.JPG,buffalo
ASG000f0vx,S4/H06/H06_R1/S4_H06_R1_IMAG0077.JPG,buffalo
ASG000f0vx,S4/H06/H06_R1/S4_H06_R1_IMAG0078.JPG,buffalo
ASG000f0x7,S4/H06/H06_R1/S4_H06_R1_IMAG0085.JPG,warthog
ASG000f0x7,S4/H06/H06_R1/S4_H06_R1_IMAG0086.JPG,warthog
ASG000f0x7,S4/H06/H06_R1/S4_H06_R1_IMAG0087.JPG,warthog
ASG000f0ww,S4/H06/H06_R1/S4_H06_R1_IMAG0264.JPG,warthog
ASG000f0ww,S4/H06/H06_R1/S4_H06_R1_IMAG0265.JPG,warthog
ASG000f0ww,S4/H06/H06_R1/S4_H06_R1_IMAG0266.JPG,warthog
ASG000f0tv,S4/H06/H06_R2/S4_H06_R2_IMAG0151.JPG,warthog
ASG000f0tv,S4/H06/H06_R2/S4_H06_R2_IMAG0152.JPG,warthog
ASG000f0tv,S4/H06/H06_R2/S4_H06_R2_IMAG0153.JPG,warthog
ASG000f0uh,S4/H06/H06_R2/S4_H06_R2_IMAG0158.JPG,warthog
ASG000f0uh,S4/H06/H06_R2/S4_H06_R2_IMAG0159.JPG,warthog
ASG000f0uh,S4/H06/H06_R2/S4_H06_R2_IMAG0160.JPG,warthog
ASG000f0so,S4/H06/H06_R2/S4_H06_R2_IMAG0218.JPG,warthog
ASG000f0so,S4/H06/H06_R2/S4_H06_R2_IMAG0219.JPG,warthog
ASG000f0so,S4/H06/H06_R2/S4_H06_R2_IMAG0220.JPG,warthog
ASG000cqej,S4/H07/H07_R1/S4_H07_R1_IMAG0049.JPG,buffalo
ASG000cqej,S4/H07/H07_R1/S4_H07_R1_IMAG0050.JPG,buffalo
ASG000cqej,S4/H07/H07_R1/S4_H07_R1_IMAG0051.JPG,buffalo
ASG000cqlo,S4/H07/H07_R1/S4_H07_R1_IMAG0097.JPG,buffalo
ASG000cqlo,S4/H07/H07_R1/S4_H07_R1_IMAG0098.JPG,buffalo
ASG000cqlo,S4/H07/H07_R1/S4_H07_R1_IMAG0099.JPG,buffalo
ASG000cq4l,S4/H07/H07_R1/S4_H07_R1_IMAG0178.JPG,buffalo
ASG000cq4l,S4/H07/H07_R1/S4_H07_R1_IMAG0179.JPG,buffalo
ASG000cq4l,S4/H07/H07_R1/S4_H07_R1_IMAG0180.JPG,buffalo
ASG000cqhb,S4/H07/H07_R1/S4_H07_R1_IMAG0299.JPG,hartebeest
ASG000cqhb,S4/H07/H07_R1/S4_H07_R1_IMAG0300.JPG,hartebeest
ASG000cqhb,S4/H07/H07_R1/S4_H07_R1_IMAG0301.JPG,hartebeest
ASG000cqdb,S4/H07/H07_R1/S4_H07_R1_IMAG0396.JPG,hartebeest
ASG000cqdb,S4/H07/H07_R1/S4_H07_R1_IMAG0397.JPG,hartebeest
ASG000cqdb,S4/H07/H07_R1/S4_H07_R1_IMAG0398.JPG,hartebeest
ASG000cqj2,S4/H07/H07_R1/S4_H07_R1_IMAG0537.JPG,hartebeest
ASG000cqj2,S4/H07/H07_R1/S4_H07_R1_IMAG0538.JPG,hartebeest
ASG000cqj2,S4/H07/H07_R1/S4_H07_R1_IMAG0539.JPG,hartebeest
ASG000cq2q,S4/H07/H07_R1/S4_H07_R1_IMAG0561.JPG,hartebeest
ASG000cq2q,S4/H07/H07_R1/S4_H07_R1_IMAG0562.JPG,hartebeest
ASG000cq2q,S4/H07/H07_R1/S4_H07_R1_IMAG0563.JPG,hartebeest
ASG000cq22,S4/H07/H07_R1/S4_H07_R1_IMAG0606.JPG,hartebeest
ASG000cq22,S4/H07/H07_R1/S4_H07_R1_IMAG0607.JPG,hartebeest
ASG000cq22,S4/H07/H07_R1/S4_H07_R1_IMAG0608.JPG,hartebeest
ASG000cqks,S4/H07/H07_R1/S4_H07_R1_IMAG0702.JPG,hartebeest
ASG000cqks,S4/H07/H07_R1/S4_H07_R1_IMAG0703.JPG,hartebeest
ASG000cqks,S4/H07/H07_R1/S4_H07_R1_IMAG0704.JPG,hartebeest
ASG000cpzl,S4/H07/H07_R1/S4_H07_R1_IMAG0723.JPG,hartebeest
ASG000cpzl,S4/H07/H07_R1/S4_H07_R1_IMAG0724.JPG,hartebeest
ASG000cpzl,S4/H07/H07_R1/S4_H07_R1_IMAG0725.JPG,hartebeest
ASG000cqio,S4/H07/H07_R1/S4_H07_R1_IMAG0936.JPG,hartebeest
ASG000cqio,S4/H07/H07_R1/S4_H07_R1_IMAG0937.JPG,hartebeest
ASG000cqio,S4/H07/H07_R1/S4_H07_R1_IMAG0938.JPG,hartebeest
ASG000cpwa,S4/H07/H07_R1/S4_H07_R1_IMAG0984.JPG,hartebeest
ASG000cpwa,S4/H07/H07_R1/S4_H07_R1_IMAG0985.JPG,hartebeest
ASG000cpwa,S4/H07/H07_R1/S4_H07_R1_IMAG0986.JPG,hartebeest
ASG000cpn9,S4/H07/H07_R1/S4_H07_R1_IMAG0996.JPG,hartebeest
ASG000cpn9,S4/H07/H07_R1/S4_H07_R1_IMAG0997.JPG,hartebeest
ASG000cpn9,S4/H07/H07_R1/S4_H07_R1_IMAG0998.JPG,hartebeest
ASG000cpsg,S4/H07/H07_R1/S4_H07_R1_IMAG1005.JPG,hartebeest
ASG000cpsg,S4/H07/H07_R1/S4_H07_R1_IMAG1006.JPG,hartebeest
ASG000cpsg,S4/H07/H07_R1/S4_H07_R1_IMAG1007.JPG,hartebeest
ASG000cpjs,S4/H07/H07_R1/S4_H07_R1_IMAG1062.JPG,hartebeest
ASG000cpjs,S4/H07/H07_R1/S4_H07_R1_IMAG1063.JPG,hartebeest
ASG000cpjs,S4/H07/H07_R1/S4_H07_R1_IMAG1064.JPG,hartebeest
ASG000cq1j,S4/H07/H07_R1/S4_H07_R1_IMAG1095.JPG,hartebeest
ASG000cq1j,S4/H07/H07_R1/S4_H07_R1_IMAG1096.JPG,hartebeest
ASG000cq1j,S4/H07/H07_R1/S4_H07_R1_IMAG1097.JPG,hartebeest
ASG000cq0k,S4/H07/H07_R1/S4_H07_R1_IMAG1161.JPG,hartebeest
ASG000cq0k,S4/H07/H07_R1/S4_H07_R1_IMAG1162.JPG,hartebeest
ASG000cq0k,S4/H07/H07_R1/S4_H07_R1_IMAG1163.JPG,hartebeest
ASG000cpld,S4/H07/H07_R1/S4_H07_R1_IMAG1191.JPG,hartebeest
ASG000cpld,S4/H07/H07_R1/S4_H07_R1_IMAG1192.JPG,hartebeest
ASG000cpld,S4/H07/H07_R1/S4_H07_R1_IMAG1193.JPG,hartebeest
ASG000cpxj,S4/H07/H07_R1/S4_H07_R1_IMAG1245.JPG,hartebeest
ASG000cpxj,S4/H07/H07_R1/S4_H07_R1_IMAG1246.JPG,hartebeest
ASG000cpxj,S4/H07/H07_R1/S4_H07_R1_IMAG1247.JPG,hartebeest
ASG000cq4r,S4/H07/H07_R1/S4_H07_R1_IMAG1359.JPG,hartebeest
ASG000cq4r,S4/H07/H07_R1/S4_H07_R1_IMAG1360.JPG,hartebeest
ASG000cq4r,S4/H07/H07_R1/S4_H07_R1_IMAG1361.JPG,hartebeest
ASG000cq8y,S4/H07/H07_R1/S4_H07_R1_IMAG1455.JPG,hartebeest
ASG000cq8y,S4/H07/H07_R1/S4_H07_R1_IMAG1456.JPG,hartebeest
ASG000cq8y,S4/H07/H07_R1/S4_H07_R1_IMAG1457.JPG,hartebeest
ASG000cqld,S4/H07/H07_R1/S4_H07_R1_IMAG1497.JPG,hartebeest
ASG000cqld,S4/H07/H07_R1/S4_H07_R1_IMAG1498.JPG,hartebeest
ASG000cqld,S4/H07/H07_R1/S4_H07_R1_IMAG1499.JPG,hartebeest
ASG000cq7e,S4/H07/H07_R1/S4_H07_R1_IMAG1515.JPG,hartebeest
ASG000cq7e,S4/H07/H07_R1/S4_H07_R1_IMAG1516.JPG,hartebeest
ASG000cq7e,S4/H07/H07_R1/S4_H07_R1_IMAG1517.JPG,hartebeest
ASG000cpm9,S4/H07/H07_R1/S4_H07_R1_IMAG1524.JPG,hartebeest
ASG000cpm9,S4/H07/H07_R1/S4_H07_R1_IMAG1525.JPG,hartebeest
ASG000cpm9,S4/H07/H07_R1/S4_H07_R1_IMAG1526.JPG,hartebeest
ASG000cqku,S4/H07/H07_R1/S4_H07_R1_IMAG1632.JPG,hartebeest
ASG000cqku,S4/H07/H07_R1/S4_H07_R1_IMAG1633.JPG,hartebeest
ASG000cqku,S4/H07/H07_R1/S4_H07_R1_IMAG1634.JPG,hartebeest
ASG000cpub,S4/H07/H07_R1/S4_H07_R1_IMAG1650.JPG,hartebeest
ASG000cpub,S4/H07/H07_R1/S4_H07_R1_IMAG1651.JPG,hartebeest
ASG000cpub,S4/H07/H07_R1/S4_H07_R1_IMAG1652.JPG,hartebeest
ASG000cq1d,S4/H07/H07_R1/S4_H07_R1_IMAG1668.JPG,hartebeest
ASG000cq1d,S4/H07/H07_R1/S4_H07_R1_IMAG1669.JPG,hartebeest
ASG000cq1d,S4/H07/H07_R1/S4_H07_R1_IMAG1670.JPG,hartebeest
ASG000cq1k,S4/H07/H07_R1/S4_H07_R1_IMAG1731.JPG,hartebeest
ASG000cq1k,S4/H07/H07_R1/S4_H07_R1_IMAG1732.JPG,hartebeest
ASG000cq1k,S4/H07/H07_R1/S4_H07_R1_IMAG1733.JPG,hartebeest
ASG000cqnq,S4/H07/H07_R1/S4_H07_R1_IMAG1749.JPG,hartebeest
ASG000cqnq,S4/H07/H07_R1/S4_H07_R1_IMAG1750.JPG,hartebeest
ASG000cqnq,S4/H07/H07_R1/S4_H07_R1_IMAG1751.JPG,hartebeest
ASG000cqbu,S4/H07/H07_R1/S4_H07_R1_IMAG1788.JPG,hartebeest
ASG000cqbu,S4/H07/H07_R1/S4_H07_R1_IMAG1789.JPG,hartebeest
ASG000cqbu,S4/H07/H07_R1/S4_H07_R1_IMAG1790.JPG,hartebeest
ASG000cq30,S4/H07/H07_R1/S4_H07_R1_IMAG1791.JPG,hartebeest
ASG000cq30,S4/H07/H07_R1/S4_H07_R1_IMAG1792.JPG,hartebeest
ASG000cq30,S4/H07/H07_R1/S4_H07_R1_IMAG1793.JPG,hartebeest
ASG000cpgu,S4/H07/H07_R1/S4_H07_R1_IMAG1845.JPG,hartebeest
ASG000cpgu,S4/H07/H07_R1/S4_H07_R1_IMAG1846.JPG,hartebeest
ASG000cpgu,S4/H07/H07_R1/S4_H07_R1_IMAG1847.JPG,hartebeest
ASG000cpwd,S4/H07/H07_R1/S4_H07_R1_IMAG1860.JPG,hartebeest
ASG000cpwd,S4/H07/H07_R1/S4_H07_R1_IMAG1861.JPG,hartebeest
ASG000cpwd,S4/H07/H07_R1/S4_H07_R1_IMAG1862.JPG,hartebeest
ASG000cqfv,S4/H07/H07_R1/S4_H07_R1_IMAG1863.JPG,hartebeest
ASG000cqfv,S4/H07/H07_R1/S4_H07_R1_IMAG1864.JPG,hartebeest
ASG000cqfv,S4/H07/H07_R1/S4_H07_R1_IMAG1865.JPG,hartebeest
ASG000cqdu,S4/H07/H07_R1/S4_H07_R1_IMAG1908.JPG,hartebeest
ASG000cqdu,S4/H07/H07_R1/S4_H07_R1_IMAG1909.JPG,hartebeest
ASG000cqdu,S4/H07/H07_R1/S4_H07_R1_IMAG1910.JPG,hartebeest
ASG000cprq,S4/H07/H07_R1/S4_H07_R1_IMAG1929.JPG,hartebeest
ASG000cprq,S4/H07/H07_R1/S4_H07_R1_IMAG1930.JPG,hartebeest
ASG000cprq,S4/H07/H07_R1/S4_H07_R1_IMAG1931.JPG,hartebeest
ASG000cpxn,S4/H07/H07_R1/S4_H07_R1_IMAG2095.JPG,hartebeest
ASG000cpxn,S4/H07/H07_R1/S4_H07_R1_IMAG2096.JPG,hartebeest
ASG000cpxn,S4/H07/H07_R1/S4_H07_R1_IMAG2097.JPG,hartebeest
ASG000cqi8,S4/H07/H07_R1/S4_H07_R1_IMAG2116.JPG,hartebeest
ASG000cqi8,S4/H07/H07_R1/S4_H07_R1_IMAG2117.JPG,hartebeest
ASG000cqi8,S4/H07/H07_R1/S4_H07_R1_IMAG2118.JPG,hartebeest
ASG000cpn1,S4/H07/H07_R1/S4_H07_R1_IMAG2176.JPG,hartebeest
ASG000cpn1,S4/H07/H07_R1/S4_H07_R1_IMAG2177.JPG,hartebeest
ASG000cpn1,S4/H07/H07_R1/S4_H07_R1_IMAG2178.JPG,hartebeest
ASG000cq9q,S4/H07/H07_R1/S4_H07_R1_IMAG2185.JPG,hartebeest
ASG000cq9q,S4/H07/H07_R1/S4_H07_R1_IMAG2186.JPG,hartebeest
ASG000cq9q,S4/H07/H07_R1/S4_H07_R1_IMAG2187.JPG,hartebeest
ASG000cpi4,S4/H07/H07_R1/S4_H07_R1_IMAG2194.JPG,hartebeest
ASG000cpi4,S4/H07/H07_R1/S4_H07_R1_IMAG2195.JPG,hartebeest
ASG000cpi4,S4/H07/H07_R1/S4_H07_R1_IMAG2196.JPG,hartebeest
ASG000cqh2,S4/H07/H07_R1/S4_H07_R1_IMAG2209.JPG,hartebeest
ASG000cqh2,S4/H07/H07_R1/S4_H07_R1_IMAG2210.JPG,hartebeest
ASG000cqh2,S4/H07/H07_R1/S4_H07_R1_IMAG2211.JPG,hartebeest
ASG000cq57,S4/H07/H07_R1/S4_H07_R1_IMAG2230.JPG,hartebeest
ASG000cq57,S4/H07/H07_R1/S4_H07_R1_IMAG2231.JPG,hartebeest
ASG000cq57,S4/H07/H07_R1/S4_H07_R1_IMAG2232.JPG,hartebeest
ASG000cpwj,S4/H07/H07_R1/S4_H07_R1_IMAG2269.JPG,hartebeest
ASG000cpwj,S4/H07/H07_R1/S4_H07_R1_IMAG2270.JPG,hartebeest
ASG000cpwj,S4/H07/H07_R1/S4_H07_R1_IMAG2271.JPG,hartebeest
ASG000cpx8,S4/H07/H07_R1/S4_H07_R1_IMAG2275.JPG,hartebeest
ASG000cpx8,S4/H07/H07_R1/S4_H07_R1_IMAG2276.JPG,hartebeest
ASG000cpx8,S4/H07/H07_R1/S4_H07_R1_IMAG2277.JPG,hartebeest
ASG000cppb,S4/H07/H07_R1/S4_H07_R1_IMAG2335.JPG,hartebeest
ASG000cppb,S4/H07/H07_R1/S4_H07_R1_IMAG2336.JPG,hartebeest
ASG000cppb,S4/H07/H07_R1/S4_H07_R1_IMAG2337.JPG,hartebeest
ASG000cpkz,S4/H07/H07_R1/S4_H07_R1_IMAG2392.JPG,hartebeest
ASG000cpkz,S4/H07/H07_R1/S4_H07_R1_IMAG2393.JPG,hartebeest
ASG000cpkz,S4/H07/H07_R1/S4_H07_R1_IMAG2394.JPG,hartebeest
ASG000cqmf,S4/H07/H07_R1/S4_H07_R1_IMAG2476.JPG,hartebeest
ASG000cqmf,S4/H07/H07_R1/S4_H07_R1_IMAG2477.JPG,hartebeest
ASG000cqmf,S4/H07/H07_R1/S4_H07_R1_IMAG2478.JPG,hartebeest
ASG000cppa,S4/H07/H07_R1/S4_H07_R1_IMAG2488.JPG,hartebeest
ASG000cppa,S4/H07/H07_R1/S4_H07_R1_IMAG2489.JPG,hartebeest
ASG000cppa,S4/H07/H07_R1/S4_H07_R1_IMAG2490.JPG,hartebeest
ASG000cps5,S4/H07/H07_R1/S4_H07_R1_IMAG2617.JPG,hartebeest
ASG000cps5,S4/H07/H07_R1/S4_H07_R1_IMAG2618.JPG,hartebeest
ASG000cps5,S4/H07/H07_R1/S4_H07_R1_IMAG2619.JPG,hartebeest
ASG000cq52,S4/H07/H07_R1/S4_H07_R1_IMAG2650.JPG,hartebeest
ASG000cq52,S4/H07/H07_R1/S4_H07_R1_IMAG2651.JPG,hartebeest
ASG000cq52,S4/H07/H07_R1/S4_H07_R1_IMAG2652.JPG,hartebeest
ASG000cqbs,S4/H07/H07_R1/S4_H07_R1_IMAG2653.JPG,hartebeest
ASG000cqbs,S4/H07/H07_R1/S4_H07_R1_IMAG2654.JPG,hartebeest
ASG000cqbs,S4/H07/H07_R1/S4_H07_R1_IMAG2655.JPG,hartebeest
ASG000cq8x,S4/H07/H07_R1/S4_H07_R1_IMAG2930.JPG,hartebeest
ASG000cq8x,S4/H07/H07_R1/S4_H07_R1_IMAG2931.JPG,hartebeest
ASG000cq8x,S4/H07/H07_R1/S4_H07_R1_IMAG2932.JPG,hartebeest
ASG000cpjv,S4/H07/H07_R1/S4_H07_R1_IMAG2960.JPG,hartebeest
ASG000cpjv,S4/H07/H07_R1/S4_H07_R1_IMAG2961.JPG,hartebeest
ASG000cpjv,S4/H07/H07_R1/S4_H07_R1_IMAG2962.JPG,hartebeest
ASG000cqni,S4/H07/H07_R1/S4_H07_R1_IMAG3002.JPG,hartebeest
ASG000cqni,S4/H07/H07_R1/S4_H07_R1_IMAG3003.JPG,hartebeest
ASG000cqni,S4/H07/H07_R1/S4_H07_R1_IMAG3004.JPG,hartebeest
ASG000cq0o,S4/H07/H07_R1/S4_H07_R1_IMAG3140.JPG,gazelleThomsons
ASG000cq0o,S4/H07/H07_R1/S4_H07_R1_IMAG3141.JPG,gazelleThomsons
ASG000cq0o,S4/H07/H07_R1/S4_H07_R1_IMAG3142.JPG,gazelleThomsons
ASG000cpx6,S4/H07/H07_R1/S4_H07_R1_IMAG3341.JPG,gazelleGrants
ASG000cpx6,S4/H07/H07_R1/S4_H07_R1_IMAG3342.JPG,gazelleGrants
ASG000cpx6,S4/H07/H07_R1/S4_H07_R1_IMAG3343.JPG,gazelleGrants
ASG000cqa6,S4/H07/H07_R1/S4_H07_R1_IMAG3434.JPG,hartebeest
ASG000cqa6,S4/H07/H07_R1/S4_H07_R1_IMAG3435.JPG,hartebeest
ASG000cqa6,S4/H07/H07_R1/S4_H07_R1_IMAG3436.JPG,hartebeest
ASG000cq0r,S4/H07/H07_R1/S4_H07_R1_IMAG3521.JPG,hartebeest
ASG000cq0r,S4/H07/H07_R1/S4_H07_R1_IMAG3522.JPG,hartebeest
ASG000cq0r,S4/H07/H07_R1/S4_H07_R1_IMAG3523.JPG,hartebeest
ASG000cq3p,S4/H07/H07_R1/S4_H07_R1_IMAG3551.JPG,hartebeest
ASG000cq3p,S4/H07/H07_R1/S4_H07_R1_IMAG3552.JPG,hartebeest
ASG000cq3p,S4/H07/H07_R1/S4_H07_R1_IMAG3553.JPG,hartebeest
ASG000cq09,S4/H07/H07_R1/S4_H07_R1_IMAG3767.JPG,hartebeest
ASG000cq09,S4/H07/H07_R1/S4_H07_R1_IMAG3768.JPG,hartebeest
ASG000cq09,S4/H07/H07_R1/S4_H07_R1_IMAG3769.JPG,hartebeest
ASG000cqes,S4/H07/H07_R1/S4_H07_R1_IMAG3809.JPG,hartebeest
ASG000cqes,S4/H07/H07_R1/S4_H07_R1_IMAG3810.JPG,hartebeest
ASG000cqes,S4/H07/H07_R1/S4_H07_R1_IMAG3811.JPG,hartebeest
ASG000cqji,S4/H07/H07_R1/S4_H07_R1_IMAG3857.JPG,hartebeest
ASG000cqji,S4/H07/H07_R1/S4_H07_R1_IMAG3858.JPG,hartebeest
ASG000cqji,S4/H07/H07_R1/S4_H07_R1_IMAG3859.JPG,hartebeest
ASG000cq3x,S4/H07/H07_R1/S4_H07_R1_IMAG3878.JPG,hartebeest
ASG000cq3x,S4/H07/H07_R1/S4_H07_R1_IMAG3879.JPG,hartebeest
ASG000cq3x,S4/H07/H07_R1/S4_H07_R1_IMAG3880.JPG,hartebeest
ASG000cpf8,S4/H07/H07_R1/S4_H07_R1_IMAG3929.JPG,hartebeest
ASG000cpf8,S4/H07/H07_R1/S4_H07_R1_IMAG3930.JPG,hartebeest
ASG000cpf8,S4/H07/H07_R1/S4_H07_R1_IMAG3931.JPG,hartebeest
ASG000cqfi,S4/H07/H07_R1/S4_H07_R1_IMAG4022.JPG,hartebeest
ASG000cqfi,S4/H07/H07_R1/S4_H07_R1_IMAG4023.JPG,hartebeest
ASG000cqfi,S4/H07/H07_R1/S4_H07_R1_IMAG4024.JPG,hartebeest
ASG000cpki,S4/H07/H07_R1/S4_H07_R1_IMAG4028.JPG,hartebeest
ASG000cpki,S4/H07/H07_R1/S4_H07_R1_IMAG4029.JPG,hartebeest
ASG000cpki,S4/H07/H07_R1/S4_H07_R1_IMAG4030.JPG,hartebeest
ASG000cqh4,S4/H07/H07_R1/S4_H07_R1_IMAG4109.JPG,hartebeest
ASG000cqh4,S4/H07/H07_R1/S4_H07_R1_IMAG4110.JPG,hartebeest
ASG000cqh4,S4/H07/H07_R1/S4_H07_R1_IMAG4111.JPG,hartebeest
ASG000cpdk,S4/H07/H07_R1/S4_H07_R1_IMAG4181.JPG,hartebeest
ASG000cpdk,S4/H07/H07_R1/S4_H07_R1_IMAG4182.JPG,hartebeest
ASG000cpdk,S4/H07/H07_R1/S4_H07_R1_IMAG4183.JPG,hartebeest
ASG000cq4w,S4/H07/H07_R1/S4_H07_R1_IMAG4253.JPG,hartebeest
ASG000cq4w,S4/H07/H07_R1/S4_H07_R1_IMAG4254.JPG,hartebeest
ASG000cq4w,S4/H07/H07_R1/S4_H07_R1_IMAG4255.JPG,hartebeest
ASG000cpux,S4/H07/H07_R1/S4_H07_R1_IMAG4391.JPG,hartebeest
ASG000cpux,S4/H07/H07_R1/S4_H07_R1_IMAG4392.JPG,hartebeest
ASG000cpux,S4/H07/H07_R1/S4_H07_R1_IMAG4393.JPG,hartebeest
ASG000cppj,S4/H07/H07_R1/S4_H07_R1_IMAG4421.JPG,hartebeest
ASG000cppj,S4/H07/H07_R1/S4_H07_R1_IMAG4422.JPG,hartebeest
ASG000cppj,S4/H07/H07_R1/S4_H07_R1_IMAG4423.JPG,hartebeest
ASG000cpkq,S4/H07/H07_R1/S4_H07_R1_IMAG4478.JPG,hartebeest
ASG000cpkq,S4/H07/H07_R1/S4_H07_R1_IMAG4479.JPG,hartebeest
ASG000cpkq,S4/H07/H07_R1/S4_H07_R1_IMAG4480.JPG,hartebeest
ASG000cpy3,S4/H07/H07_R1/S4_H07_R1_IMAG4490.JPG,hartebeest
ASG000cpy3,S4/H07/H07_R1/S4_H07_R1_IMAG4491.JPG,hartebeest
ASG000cpy3,S4/H07/H07_R1/S4_H07_R1_IMAG4492.JPG,hartebeest
ASG000cphk,S4/H07/H07_R1/S4_H07_R1_IMAG4595.JPG,hartebeest
ASG000cphk,S4/H07/H07_R1/S4_H07_R1_IMAG4596.JPG,hartebeest
ASG000cphk,S4/H07/H07_R1/S4_H07_R1_IMAG4597.JPG,hartebeest
ASG000cq2d,S4/H07/H07_R1/S4_H07_R1_IMAG4631.JPG,hartebeest
ASG000cq2d,S4/H07/H07_R1/S4_H07_R1_IMAG4632.JPG,hartebeest
ASG000cq2d,S4/H07/H07_R1/S4_H07_R1_IMAG4633.JPG,hartebeest
ASG000cqm8,S4/H07/H07_R1/S4_H07_R1_IMAG4682.JPG,hartebeest
ASG000cqm8,S4/H07/H07_R1/S4_H07_R1_IMAG4683.JPG,hartebeest
ASG000cqm8,S4/H07/H07_R1/S4_H07_R1_IMAG4684.JPG,hartebeest
ASG000cpqn,S4/H07/H07_R1/S4_H07_R1_IMAG4748.JPG,hartebeest
ASG000cpqn,S4/H07/H07_R1/S4_H07_R1_IMAG4749.JPG,hartebeest
ASG000cpqn,S4/H07/H07_R1/S4_H07_R1_IMAG4750.JPG,hartebeest
ASG000cq0b,S4/H07/H07_R1/S4_H07_R1_IMAG4760.JPG,hartebeest
ASG000cq0b,S4/H07/H07_R1/S4_H07_R1_IMAG4761.JPG,hartebeest
ASG000cq0b,S4/H07/H07_R1/S4_H07_R1_IMAG4762.JPG,hartebeest
ASG000cpfu,S4/H07/H07_R1/S4_H07_R1_IMAG4811.JPG,hartebeest
ASG000cpfu,S4/H07/H07_R1/S4_H07_R1_IMAG4812.JPG,hartebeest
ASG000cpfu,S4/H07/H07_R1/S4_H07_R1_IMAG4813.JPG,hartebeest
ASG000cqil,S4/H07/H07_R1/S4_H07_R1_IMAG4826.JPG,hartebeest
ASG000cqil,S4/H07/H07_R1/S4_H07_R1_IMAG4827.JPG,hartebeest
ASG000cqil,S4/H07/H07_R1/S4_H07_R1_IMAG4828.JPG,hartebeest
ASG000cpbo,S4/H07/H07_R1/S4_H07_R1_IMAG4862.JPG,hartebeest
ASG000cpbo,S4/H07/H07_R1/S4_H07_R1_IMAG4863.JPG,hartebeest
ASG000cpbo,S4/H07/H07_R1/S4_H07_R1_IMAG4864.JPG,hartebeest
ASG000cq4q,S4/H07/H07_R1/S4_H07_R1_IMAG4874.JPG,hartebeest
ASG000cq4q,S4/H07/H07_R1/S4_H07_R1_IMAG4875.JPG,hartebeest
ASG000cq4q,S4/H07/H07_R1/S4_H07_R1_IMAG4876.JPG,hartebeest
ASG000cpvy,S4/H07/H07_R1/S4_H07_R1_IMAG4910.JPG,hartebeest
ASG000cpvy,S4/H07/H07_R1/S4_H07_R1_IMAG4911.JPG,hartebeest
ASG000cpvy,S4/H07/H07_R1/S4_H07_R1_IMAG4912.JPG,hartebeest
ASG000cqbv,S4/H07/H07_R1/S4_H07_R1_IMAG5129.JPG,hartebeest
ASG000cqbv,S4/H07/H07_R1/S4_H07_R1_IMAG5130.JPG,hartebeest
ASG000cqbv,S4/H07/H07_R1/S4_H07_R1_IMAG5131.JPG,hartebeest
ASG000cqch,S4/H07/H07_R1/S4_H07_R1_IMAG5183.JPG,hartebeest
ASG000cqch,S4/H07/H07_R1/S4_H07_R1_IMAG5184.JPG,hartebeest
ASG000cqch,S4/H07/H07_R1/S4_H07_R1_IMAG5185.JPG,hartebeest
ASG000cqdf,S4/H07/H07_R1/S4_H07_R1_IMAG5237.JPG,hartebeest
ASG000cqdf,S4/H07/H07_R1/S4_H07_R1_IMAG5238.JPG,hartebeest
ASG000cqdf,S4/H07/H07_R1/S4_H07_R1_IMAG5239.JPG,hartebeest
ASG000coec,S4/H07/H07_R2/S4_H07_R2_IMAG0119.JPG,hartebeest
ASG000coec,S4/H07/H07_R2/S4_H07_R2_IMAG0120.JPG,hartebeest
ASG000coec,S4/H07/H07_R2/S4_H07_R2_IMAG0121.JPG,hartebeest
ASG000coqk,S4/H07/H07_R2/S4_H07_R2_IMAG0203.JPG,hartebeest
ASG000coqk,S4/H07/H07_R2/S4_H07_R2_IMAG0204.JPG,hartebeest
ASG000coqk,S4/H07/H07_R2/S4_H07_R2_IMAG0205.JPG,hartebeest
ASG000cp0h,S4/H07/H07_R2/S4_H07_R2_IMAG0209.JPG,hartebeest
ASG000cp0h,S4/H07/H07_R2/S4_H07_R2_IMAG0210.JPG,hartebeest
ASG000cp0h,S4/H07/H07_R2/S4_H07_R2_IMAG0211.JPG,hartebeest
ASG000cnvv,S4/H07/H07_R2/S4_H07_R2_IMAG0212.JPG,hartebeest
ASG000cnvv,S4/H07/H07_R2/S4_H07_R2_IMAG0213.JPG,hartebeest
ASG000cnvv,S4/H07/H07_R2/S4_H07_R2_IMAG0214.JPG,hartebeest
ASG000cp14,S4/H07/H07_R2/S4_H07_R2_IMAG0272.JPG,hartebeest
ASG000cp14,S4/H07/H07_R2/S4_H07_R2_IMAG0273.JPG,hartebeest
ASG000cp14,S4/H07/H07_R2/S4_H07_R2_IMAG0274.JPG,hartebeest
ASG000copo,S4/H07/H07_R2/S4_H07_R2_IMAG0320.JPG,hartebeest
ASG000copo,S4/H07/H07_R2/S4_H07_R2_IMAG0321.JPG,hartebeest
ASG000copo,S4/H07/H07_R2/S4_H07_R2_IMAG0322.JPG,hartebeest
ASG000cnus,S4/H07/H07_R2/S4_H07_R2_IMAG0329.JPG,hartebeest
ASG000cnus,S4/H07/H07_R2/S4_H07_R2_IMAG0330.JPG,hartebeest
ASG000cnus,S4/H07/H07_R2/S4_H07_R2_IMAG0331.JPG,hartebeest
ASG000cp8g,S4/H07/H07_R2/S4_H07_R2_IMAG0347.JPG,hartebeest
ASG000cp8g,S4/H07/H07_R2/S4_H07_R2_IMAG0348.JPG,hartebeest
ASG000cp8g,S4/H07/H07_R2/S4_H07_R2_IMAG0349.JPG,hartebeest
ASG000coxh,S4/H07/H07_R2/S4_H07_R2_IMAG0389.JPG,hartebeest
ASG000coxh,S4/H07/H07_R2/S4_H07_R2_IMAG0390.JPG,hartebeest
ASG000coxh,S4/H07/H07_R2/S4_H07_R2_IMAG0391.JPG,hartebeest
ASG000cpao,S4/H07/H07_R2/S4_H07_R2_IMAG0437.JPG,hartebeest
ASG000cpao,S4/H07/H07_R2/S4_H07_R2_IMAG0438.JPG,hartebeest
ASG000cpao,S4/H07/H07_R2/S4_H07_R2_IMAG0439.JPG,hartebeest
ASG000cnvb,S4/H07/H07_R2/S4_H07_R2_IMAG0446.JPG,hartebeest
ASG000cnvb,S4/H07/H07_R2/S4_H07_R2_IMAG0447.JPG,hartebeest
ASG000cnvb,S4/H07/H07_R2/S4_H07_R2_IMAG0448.JPG,hartebeest
ASG000coed,S4/H07/H07_R2/S4_H07_R2_IMAG0656.JPG,hartebeest
ASG000coed,S4/H07/H07_R2/S4_H07_R2_IMAG0657.JPG,hartebeest
ASG000coed,S4/H07/H07_R2/S4_H07_R2_IMAG0658.JPG,hartebeest
ASG000cp0c,S4/H07/H07_R2/S4_H07_R2_IMAG0728.JPG,hartebeest
ASG000cp0c,S4/H07/H07_R2/S4_H07_R2_IMAG0729.JPG,hartebeest
ASG000cp0c,S4/H07/H07_R2/S4_H07_R2_IMAG0730.JPG,hartebeest
ASG000cokv,S4/H07/H07_R2/S4_H07_R2_IMAG0731.JPG,hartebeest
ASG000cokv,S4/H07/H07_R2/S4_H07_R2_IMAG0732.JPG,hartebeest
ASG000cokv,S4/H07/H07_R2/S4_H07_R2_IMAG0733.JPG,hartebeest
ASG000cof4,S4/H07/H07_R2/S4_H07_R2_IMAG0815.JPG,hartebeest
ASG000cof4,S4/H07/H07_R2/S4_H07_R2_IMAG0816.JPG,hartebeest
ASG000cof4,S4/H07/H07_R2/S4_H07_R2_IMAG0817.JPG,hartebeest
ASG000cnwl,S4/H07/H07_R2/S4_H07_R2_IMAG0848.JPG,hartebeest
ASG000cnwl,S4/H07/H07_R2/S4_H07_R2_IMAG0849.JPG,hartebeest
ASG000cnwl,S4/H07/H07_R2/S4_H07_R2_IMAG0850.JPG,hartebeest
ASG000cp4q,S4/H07/H07_R2/S4_H07_R2_IMAG0869.JPG,hartebeest
ASG000cp4q,S4/H07/H07_R2/S4_H07_R2_IMAG0870.JPG,hartebeest
ASG000cp4q,S4/H07/H07_R2/S4_H07_R2_IMAG0871.JPG,hartebeest
ASG000coqf,S4/H07/H07_R2/S4_H07_R2_IMAG0887.JPG,hartebeest
ASG000coqf,S4/H07/H07_R2/S4_H07_R2_IMAG0888.JPG,hartebeest
ASG000coqf,S4/H07/H07_R2/S4_H07_R2_IMAG0889.JPG,hartebeest
ASG000cp9r,S4/H07/H07_R2/S4_H07_R2_IMAG0893.JPG,hartebeest
ASG000cp9r,S4/H07/H07_R2/S4_H07_R2_IMAG0894.JPG,hartebeest
ASG000cp9r,S4/H07/H07_R2/S4_H07_R2_IMAG0895.JPG,hartebeest
ASG000co7q,S4/H07/H07_R2/S4_H07_R2_IMAG0920.JPG,hartebeest
ASG000co7q,S4/H07/H07_R2/S4_H07_R2_IMAG0921.JPG,hartebeest
ASG000co7q,S4/H07/H07_R2/S4_H07_R2_IMAG0922.JPG,hartebeest
ASG000coc1,S4/H07/H07_R2/S4_H07_R2_IMAG0947.JPG,hartebeest
ASG000coc1,S4/H07/H07_R2/S4_H07_R2_IMAG0948.JPG,hartebeest
ASG000coc1,S4/H07/H07_R2/S4_H07_R2_IMAG0949.JPG,hartebeest
ASG000co6q,S4/H07/H07_R2/S4_H07_R2_IMAG0980.JPG,hartebeest
ASG000co6q,S4/H07/H07_R2/S4_H07_R2_IMAG0981.JPG,hartebeest
ASG000co6q,S4/H07/H07_R2/S4_H07_R2_IMAG0982.JPG,hartebeest
ASG000cp3o,S4/H07/H07_R2/S4_H07_R2_IMAG1136.JPG,hartebeest
ASG000cp3o,S4/H07/H07_R2/S4_H07_R2_IMAG1137.JPG,hartebeest
ASG000cp3o,S4/H07/H07_R2/S4_H07_R2_IMAG1138.JPG,hartebeest
ASG000cokk,S4/H07/H07_R2/S4_H07_R2_IMAG1265.JPG,hartebeest
ASG000cokk,S4/H07/H07_R2/S4_H07_R2_IMAG1266.JPG,hartebeest
ASG000cokk,S4/H07/H07_R2/S4_H07_R2_IMAG1267.JPG,hartebeest
ASG000cp2x,S4/H07/H07_R2/S4_H07_R2_IMAG1376.JPG,hartebeest
ASG000cp2x,S4/H07/H07_R2/S4_H07_R2_IMAG1377.JPG,hartebeest
ASG000cp2x,S4/H07/H07_R2/S4_H07_R2_IMAG1378.JPG,hartebeest
ASG000covc,S4/H07/H07_R2/S4_H07_R2_IMAG1394.JPG,hartebeest
ASG000covc,S4/H07/H07_R2/S4_H07_R2_IMAG1395.JPG,hartebeest
ASG000covc,S4/H07/H07_R2/S4_H07_R2_IMAG1396.JPG,hartebeest
ASG000cos7,S4/H07/H07_R2/S4_H07_R2_IMAG1415.JPG,hartebeest
ASG000cos7,S4/H07/H07_R2/S4_H07_R2_IMAG1416.JPG,hartebeest
ASG000cos7,S4/H07/H07_R2/S4_H07_R2_IMAG1417.JPG,hartebeest
ASG000cp4i,S4/H07/H07_R2/S4_H07_R2_IMAG1472.JPG,hartebeest
ASG000cp4i,S4/H07/H07_R2/S4_H07_R2_IMAG1473.JPG,hartebeest
ASG000cp4i,S4/H07/H07_R2/S4_H07_R2_IMAG1474.JPG,hartebeest
ASG000cnzd,S4/H07/H07_R2/S4_H07_R2_IMAG1505.JPG,hartebeest
ASG000cnzd,S4/H07/H07_R2/S4_H07_R2_IMAG1506.JPG,hartebeest
ASG000cnzd,S4/H07/H07_R2/S4_H07_R2_IMAG1507.JPG,hartebeest
ASG000co54,S4/H07/H07_R2/S4_H07_R2_IMAG1535.JPG,hartebeest
ASG000co54,S4/H07/H07_R2/S4_H07_R2_IMAG1536.JPG,hartebeest
ASG000co54,S4/H07/H07_R2/S4_H07_R2_IMAG1537.JPG,hartebeest
ASG000coyi,S4/H07/H07_R2/S4_H07_R2_IMAG1562.JPG,hartebeest
ASG000coyi,S4/H07/H07_R2/S4_H07_R2_IMAG1563.JPG,hartebeest
ASG000coyi,S4/H07/H07_R2/S4_H07_R2_IMAG1564.JPG,hartebeest
ASG000cp2t,S4/H07/H07_R2/S4_H07_R2_IMAG1589.JPG,hartebeest
ASG000cp2t,S4/H07/H07_R2/S4_H07_R2_IMAG1590.JPG,hartebeest
ASG000cp2t,S4/H07/H07_R2/S4_H07_R2_IMAG1591.JPG,hartebeest
ASG000cp0u,S4/H07/H07_R2/S4_H07_R2_IMAG1787.JPG,hartebeest
ASG000cp0u,S4/H07/H07_R2/S4_H07_R2_IMAG1788.JPG,hartebeest
ASG000cp0u,S4/H07/H07_R2/S4_H07_R2_IMAG1789.JPG,hartebeest
ASG000covr,S4/H07/H07_R2/S4_H07_R2_IMAG1958.JPG,hartebeest
ASG000covr,S4/H07/H07_R2/S4_H07_R2_IMAG1959.JPG,hartebeest
ASG000covr,S4/H07/H07_R2/S4_H07_R2_IMAG1960.JPG,hartebeest
ASG000copu,S4/H07/H07_R2/S4_H07_R2_IMAG2013.JPG,hartebeest
ASG000copu,S4/H07/H07_R2/S4_H07_R2_IMAG2014.JPG,hartebeest
ASG000copu,S4/H07/H07_R2/S4_H07_R2_IMAG2015.JPG,hartebeest
ASG000cogj,S4/H07/H07_R2/S4_H07_R2_IMAG2028.JPG,hartebeest
ASG000cogj,S4/H07/H07_R2/S4_H07_R2_IMAG2029.JPG,hartebeest
ASG000cogj,S4/H07/H07_R2/S4_H07_R2_IMAG2030.JPG,hartebeest
ASG000codc,S4/H07/H07_R2/S4_H07_R2_IMAG2103.JPG,hartebeest
ASG000codc,S4/H07/H07_R2/S4_H07_R2_IMAG2104.JPG,hartebeest
ASG000codc,S4/H07/H07_R2/S4_H07_R2_IMAG2105.JPG,hartebeest
ASG000cp58,S4/H07/H07_R2/S4_H07_R2_IMAG2109.JPG,hartebeest
ASG000cp58,S4/H07/H07_R2/S4_H07_R2_IMAG2110.JPG,hartebeest
ASG000cp58,S4/H07/H07_R2/S4_H07_R2_IMAG2111.JPG,hartebeest
ASG000covd,S4/H07/H07_R2/S4_H07_R2_IMAG2145.JPG,hartebeest
ASG000covd,S4/H07/H07_R2/S4_H07_R2_IMAG2146.JPG,hartebeest
ASG000covd,S4/H07/H07_R2/S4_H07_R2_IMAG2147.JPG,hartebeest
ASG000co2r,S4/H07/H07_R2/S4_H07_R2_IMAG2166.JPG,hartebeest
ASG000co2r,S4/H07/H07_R2/S4_H07_R2_IMAG2167.JPG,hartebeest
ASG000co2r,S4/H07/H07_R2/S4_H07_R2_IMAG2168.JPG,hartebeest
ASG000cnvq,S4/H07/H07_R2/S4_H07_R2_IMAG2235.JPG,hartebeest
ASG000cnvq,S4/H07/H07_R2/S4_H07_R2_IMAG2236.JPG,hartebeest
ASG000cnvq,S4/H07/H07_R2/S4_H07_R2_IMAG2237.JPG,hartebeest
ASG000co06,S4/H07/H07_R2/S4_H07_R2_IMAG2241.JPG,hartebeest
ASG000co06,S4/H07/H07_R2/S4_H07_R2_IMAG2242.JPG,hartebeest
ASG000co06,S4/H07/H07_R2/S4_H07_R2_IMAG2243.JPG,hartebeest
ASG000cnxi,S4/H07/H07_R2/S4_H07_R2_IMAG2367.JPG,hartebeest
ASG000cnxi,S4/H07/H07_R2/S4_H07_R2_IMAG2368.JPG,hartebeest
ASG000cnxi,S4/H07/H07_R2/S4_H07_R2_IMAG2369.JPG,hartebeest
ASG000co9x,S4/H07/H07_R2/S4_H07_R2_IMAG2481.JPG,hartebeest
ASG000co9x,S4/H07/H07_R2/S4_H07_R2_IMAG2482.JPG,hartebeest
ASG000co9x,S4/H07/H07_R2/S4_H07_R2_IMAG2483.JPG,hartebeest
ASG000coep,S4/H07/H07_R2/S4_H07_R2_IMAG2562.JPG,hartebeest
ASG000coep,S4/H07/H07_R2/S4_H07_R2_IMAG2563.JPG,hartebeest
ASG000coep,S4/H07/H07_R2/S4_H07_R2_IMAG2564.JPG,hartebeest
ASG000cow1,S4/H07/H07_R2/S4_H07_R2_IMAG2601.JPG,hartebeest
ASG000cow1,S4/H07/H07_R2/S4_H07_R2_IMAG2602.JPG,hartebeest
ASG000cow1,S4/H07/H07_R2/S4_H07_R2_IMAG2603.JPG,hartebeest
ASG000cnzl,S4/H07/H07_R2/S4_H07_R2_IMAG2706.JPG,hartebeest
ASG000cnzl,S4/H07/H07_R2/S4_H07_R2_IMAG2707.JPG,hartebeest
ASG000cnzl,S4/H07/H07_R2/S4_H07_R2_IMAG2708.JPG,hartebeest
ASG000coa0,S4/H07/H07_R2/S4_H07_R2_IMAG2745.JPG,hartebeest
ASG000coa0,S4/H07/H07_R2/S4_H07_R2_IMAG2746.JPG,hartebeest
ASG000coa0,S4/H07/H07_R2/S4_H07_R2_IMAG2747.JPG,hartebeest
ASG000coyk,S4/H07/H07_R2/S4_H07_R2_IMAG2802.JPG,hartebeest
ASG000coyk,S4/H07/H07_R2/S4_H07_R2_IMAG2803.JPG,hartebeest
ASG000coyk,S4/H07/H07_R2/S4_H07_R2_IMAG2804.JPG,hartebeest
ASG000codn,S4/H07/H07_R2/S4_H07_R2_IMAG2847.JPG,hartebeest
ASG000codn,S4/H07/H07_R2/S4_H07_R2_IMAG2848.JPG,hartebeest
ASG000codn,S4/H07/H07_R2/S4_H07_R2_IMAG2849.JPG,hartebeest
ASG000co51,S4/H07/H07_R2/S4_H07_R2_IMAG2850.JPG,hartebeest
ASG000co51,S4/H07/H07_R2/S4_H07_R2_IMAG2851.JPG,hartebeest
ASG000co51,S4/H07/H07_R2/S4_H07_R2_IMAG2852.JPG,hartebeest
ASG000coj1,S4/H07/H07_R2/S4_H07_R2_IMAG2919.JPG,hartebeest
ASG000coj1,S4/H07/H07_R2/S4_H07_R2_IMAG2920.JPG,hartebeest
ASG000coj1,S4/H07/H07_R2/S4_H07_R2_IMAG2921.JPG,hartebeest
ASG000cp89,S4/H07/H07_R2/S4_H07_R2_IMAG2937.JPG,wildebeest
ASG000cp89,S4/H07/H07_R2/S4_H07_R2_IMAG2938.JPG,wildebeest
ASG000cp89,S4/H07/H07_R2/S4_H07_R2_IMAG2939.JPG,wildebeest
ASG000cos8,S4/H07/H07_R2/S4_H07_R2_IMAG2970.JPG,hartebeest
ASG000cos8,S4/H07/H07_R2/S4_H07_R2_IMAG2971.JPG,hartebeest
ASG000cos8,S4/H07/H07_R2/S4_H07_R2_IMAG2972.JPG,hartebeest
ASG000cp04,S4/H07/H07_R2/S4_H07_R2_IMAG2982.JPG,gazelleGrants
ASG000cp04,S4/H07/H07_R2/S4_H07_R2_IMAG2983.JPG,gazelleGrants
ASG000cp04,S4/H07/H07_R2/S4_H07_R2_IMAG2984.JPG,gazelleGrants
ASG000col9,S4/H07/H07_R2/S4_H07_R2_IMAG3007.JPG,hartebeest
ASG000col9,S4/H07/H07_R2/S4_H07_R2_IMAG3008.JPG,hartebeest
ASG000col9,S4/H07/H07_R2/S4_H07_R2_IMAG3009.JPG,hartebeest
ASG000cp9z,S4/H07/H07_R2/S4_H07_R2_IMAG3067.JPG,hartebeest
ASG000cp9z,S4/H07/H07_R2/S4_H07_R2_IMAG3068.JPG,hartebeest
ASG000cp9z,S4/H07/H07_R2/S4_H07_R2_IMAG3069.JPG,hartebeest
ASG000coka,S4/H07/H07_R2/S4_H07_R2_IMAG3151.JPG,hartebeest
ASG000coka,S4/H07/H07_R2/S4_H07_R2_IMAG3152.JPG,hartebeest
ASG000coka,S4/H07/H07_R2/S4_H07_R2_IMAG3153.JPG,hartebeest
ASG000coxv,S4/H07/H07_R2/S4_H07_R2_IMAG3313.JPG,hartebeest
ASG000coxv,S4/H07/H07_R2/S4_H07_R2_IMAG3314.JPG,hartebeest
ASG000coxv,S4/H07/H07_R2/S4_H07_R2_IMAG3315.JPG,hartebeest
ASG000coi6,S4/H07/H07_R2/S4_H07_R2_IMAG3355.JPG,hartebeest
ASG000coi6,S4/H07/H07_R2/S4_H07_R2_IMAG3356.JPG,hartebeest
ASG000coi6,S4/H07/H07_R2/S4_H07_R2_IMAG3357.JPG,hartebeest
ASG000co3e,S4/H07/H07_R2/S4_H07_R2_IMAG3397.JPG,hartebeest
ASG000co3e,S4/H07/H07_R2/S4_H07_R2_IMAG3398.JPG,hartebeest
ASG000co3e,S4/H07/H07_R2/S4_H07_R2_IMAG3399.JPG,hartebeest
ASG000co05,S4/H07/H07_R2/S4_H07_R2_IMAG3400.JPG,hartebeest
ASG000co05,S4/H07/H07_R2/S4_H07_R2_IMAG3401.JPG,hartebeest
ASG000co05,S4/H07/H07_R2/S4_H07_R2_IMAG3402.JPG,hartebeest
ASG000cp16,S4/H07/H07_R2/S4_H07_R2_IMAG3409.JPG,hartebeest
ASG000cp16,S4/H07/H07_R2/S4_H07_R2_IMAG3410.JPG,hartebeest
ASG000cp16,S4/H07/H07_R2/S4_H07_R2_IMAG3411.JPG,hartebeest
ASG000cp8i,S4/H07/H07_R2/S4_H07_R2_IMAG3523.JPG,hartebeest
ASG000cp8i,S4/H07/H07_R2/S4_H07_R2_IMAG3524.JPG,hartebeest
ASG000cp8i,S4/H07/H07_R2/S4_H07_R2_IMAG3525.JPG,hartebeest
ASG000co3k,S4/H07/H07_R2/S4_H07_R2_IMAG3568.JPG,hartebeest
ASG000co3k,S4/H07/H07_R2/S4_H07_R2_IMAG3569.JPG,hartebeest
ASG000co3k,S4/H07/H07_R2/S4_H07_R2_IMAG3570.JPG,hartebeest
ASG000cobm,S4/H07/H07_R2/S4_H07_R2_IMAG3577.JPG,hartebeest
ASG000cobm,S4/H07/H07_R2/S4_H07_R2_IMAG3578.JPG,hartebeest
ASG000cobm,S4/H07/H07_R2/S4_H07_R2_IMAG3579.JPG,hartebeest
ASG000cp5i,S4/H07/H07_R2/S4_H07_R2_IMAG3607.JPG,hartebeest
ASG000cp5i,S4/H07/H07_R2/S4_H07_R2_IMAG3608.JPG,hartebeest
ASG000cp5i,S4/H07/H07_R2/S4_H07_R2_IMAG3609.JPG,hartebeest
ASG000com1,S4/H07/H07_R2/S4_H07_R2_IMAG3619.JPG,hartebeest
ASG000com1,S4/H07/H07_R2/S4_H07_R2_IMAG3620.JPG,hartebeest
ASG000com1,S4/H07/H07_R2/S4_H07_R2_IMAG3621.JPG,hartebeest
ASG000cop3,S4/H07/H07_R2/S4_H07_R2_IMAG3652.JPG,hartebeest
ASG000cop3,S4/H07/H07_R2/S4_H07_R2_IMAG3653.JPG,hartebeest
ASG000cop3,S4/H07/H07_R2/S4_H07_R2_IMAG3654.JPG,hartebeest
ASG000coew,S4/H07/H07_R2/S4_H07_R2_IMAG3667.JPG,hartebeest
ASG000coew,S4/H07/H07_R2/S4_H07_R2_IMAG3668.JPG,hartebeest
ASG000coew,S4/H07/H07_R2/S4_H07_R2_IMAG3669.JPG,hartebeest
ASG000coa2,S4/H07/H07_R2/S4_H07_R2_IMAG3670.JPG,hartebeest
ASG000coa2,S4/H07/H07_R2/S4_H07_R2_IMAG3671.JPG,hartebeest
ASG000coa2,S4/H07/H07_R2/S4_H07_R2_IMAG3672.JPG,hartebeest
ASG000cnww,S4/H07/H07_R2/S4_H07_R2_IMAG3802.JPG,hartebeest
ASG000cnww,S4/H07/H07_R2/S4_H07_R2_IMAG3803.JPG,hartebeest
ASG000cnww,S4/H07/H07_R2/S4_H07_R2_IMAG3804.JPG,hartebeest
ASG000co6x,S4/H07/H07_R2/S4_H07_R2_IMAG3844.JPG,hartebeest
ASG000co6x,S4/H07/H07_R2/S4_H07_R2_IMAG3845.JPG,hartebeest
ASG000co6x,S4/H07/H07_R2/S4_H07_R2_IMAG3846.JPG,hartebeest
ASG000cp2i,S4/H07/H07_R2/S4_H07_R2_IMAG3886.JPG,hartebeest
ASG000cp2i,S4/H07/H07_R2/S4_H07_R2_IMAG3887.JPG,hartebeest
ASG000cp2i,S4/H07/H07_R2/S4_H07_R2_IMAG3888.JPG,hartebeest
ASG000cp4x,S4/H07/H07_R2/S4_H07_R2_IMAG3898.JPG,hartebeest
ASG000cp4x,S4/H07/H07_R2/S4_H07_R2_IMAG3899.JPG,hartebeest
ASG000cp4x,S4/H07/H07_R2/S4_H07_R2_IMAG3900.JPG,hartebeest
ASG000cpad,S4/H07/H07_R2/S4_H07_R2_IMAG3922.JPG,hartebeest
ASG000cpad,S4/H07/H07_R2/S4_H07_R2_IMAG3923.JPG,hartebeest
ASG000cpad,S4/H07/H07_R2/S4_H07_R2_IMAG3924.JPG,hartebeest
ASG000cot6,S4/H07/H07_R2/S4_H07_R2_IMAG4015.JPG,hartebeest
ASG000cot6,S4/H07/H07_R2/S4_H07_R2_IMAG4016.JPG,hartebeest
ASG000cot6,S4/H07/H07_R2/S4_H07_R2_IMAG4017.JPG,hartebeest
ASG000co5p,S4/H07/H07_R2/S4_H07_R2_IMAG4021.JPG,hartebeest
ASG000co5p,S4/H07/H07_R2/S4_H07_R2_IMAG4022.JPG,hartebeest
ASG000co5p,S4/H07/H07_R2/S4_H07_R2_IMAG4023.JPG,hartebeest
ASG000como,S4/H07/H07_R2/S4_H07_R2_IMAG4234.JPG,hartebeest
ASG000como,S4/H07/H07_R2/S4_H07_R2_IMAG4235.JPG,hartebeest
ASG000como,S4/H07/H07_R2/S4_H07_R2_IMAG4236.JPG,hartebeest
ASG000com6,S4/H07/H07_R2/S4_H07_R2_IMAG4312.JPG,hartebeest
ASG000com6,S4/H07/H07_R2/S4_H07_R2_IMAG4313.JPG,hartebeest
ASG000com6,S4/H07/H07_R2/S4_H07_R2_IMAG4314.JPG,hartebeest
ASG000cnxw,S4/H07/H07_R2/S4_H07_R2_IMAG4407.JPG,hartebeest
ASG000cnxw,S4/H07/H07_R2/S4_H07_R2_IMAG4408.JPG,hartebeest
ASG000cnxw,S4/H07/H07_R2/S4_H07_R2_IMAG4409.JPG,hartebeest
ASG000codu,S4/H07/H07_R2/S4_H07_R2_IMAG4506.JPG,hartebeest
ASG000codu,S4/H07/H07_R2/S4_H07_R2_IMAG4507.JPG,hartebeest
ASG000codu,S4/H07/H07_R2/S4_H07_R2_IMAG4508.JPG,hartebeest
ASG000cp5e,S4/H07/H07_R2/S4_H07_R2_IMAG4512.JPG,hartebeest
ASG000cp5e,S4/H07/H07_R2/S4_H07_R2_IMAG4513.JPG,hartebeest
ASG000cp5e,S4/H07/H07_R2/S4_H07_R2_IMAG4514.JPG,hartebeest
ASG000cogp,S4/H07/H07_R2/S4_H07_R2_IMAG4575.JPG,hartebeest
ASG000cogp,S4/H07/H07_R2/S4_H07_R2_IMAG4576.JPG,hartebeest
ASG000cogp,S4/H07/H07_R2/S4_H07_R2_IMAG4577.JPG,hartebeest
ASG000cp9e,S4/H07/H07_R2/S4_H07_R2_IMAG4692.JPG,hartebeest
ASG000cp9e,S4/H07/H07_R2/S4_H07_R2_IMAG4693.JPG,hartebeest
ASG000cp9e,S4/H07/H07_R2/S4_H07_R2_IMAG4694.JPG,hartebeest
ASG000cp7d,S4/H07/H07_R2/S4_H07_R2_IMAG4752.JPG,hartebeest
ASG000cp7d,S4/H07/H07_R2/S4_H07_R2_IMAG4753.JPG,hartebeest
ASG000cp7d,S4/H07/H07_R2/S4_H07_R2_IMAG4754.JPG,hartebeest
ASG000cp9i,S4/H07/H07_R2/S4_H07_R2_IMAG4767.JPG,hartebeest
ASG000cp9i,S4/H07/H07_R2/S4_H07_R2_IMAG4768.JPG,hartebeest
ASG000cp9i,S4/H07/H07_R2/S4_H07_R2_IMAG4769.JPG,hartebeest
ASG000cob6,S4/H07/H07_R2/S4_H07_R2_IMAG5044.JPG,gazelleGrants
ASG000cob6,S4/H07/H07_R2/S4_H07_R2_IMAG5045.JPG,gazelleGrants
ASG000cob6,S4/H07/H07_R2/S4_H07_R2_IMAG5046.JPG,gazelleGrants
ASG000coi9,S4/H07/H07_R2/S4_H07_R2_IMAG5059.JPG,hartebeest
ASG000coi9,S4/H07/H07_R2/S4_H07_R2_IMAG5060.JPG,hartebeest
ASG000coi9,S4/H07/H07_R2/S4_H07_R2_IMAG5061.JPG,hartebeest
ASG000co01,S4/H07/H07_R2/S4_H07_R2_IMAG5249.JPG,wildebeest
ASG000co01,S4/H07/H07_R2/S4_H07_R2_IMAG5250.JPG,wildebeest
ASG000co01,S4/H07/H07_R2/S4_H07_R2_IMAG5251.JPG,wildebeest
ASG000cnuh,S4/H07/H07_R2/S4_H07_R2_IMAG5291.JPG,wildebeest
ASG000cnuh,S4/H07/H07_R2/S4_H07_R2_IMAG5292.JPG,wildebeest
ASG000cnuh,S4/H07/H07_R2/S4_H07_R2_IMAG5293.JPG,wildebeest
ASG000cnva,S4/H07/H07_R2/S4_H07_R2_IMAG5318.JPG,wildebeest
ASG000cnva,S4/H07/H07_R2/S4_H07_R2_IMAG5319.JPG,wildebeest
ASG000cnva,S4/H07/H07_R2/S4_H07_R2_IMAG5320.JPG,wildebeest
ASG000cnxc,S4/H07/H07_R2/S4_H07_R2_IMAG5414.JPG,wildebeest
ASG000cnxc,S4/H07/H07_R2/S4_H07_R2_IMAG5415.JPG,wildebeest
ASG000cnxc,S4/H07/H07_R2/S4_H07_R2_IMAG5416.JPG,wildebeest
ASG000cp2p,S4/H07/H07_R2/S4_H07_R2_IMAG5446.JPG,wildebeest
ASG000cp3h,S4/H07/H07_R2/S4_H07_R2_IMAG5448.JPG,wildebeest
ASG000cpbb,S4/H07/H07_R2/S4_H07_R2_IMAG5451.JPG,wildebeest
ASG000co7a,S4/H07/H07_R2/S4_H07_R2_IMAG5452.JPG,wildebeest
ASG000cnyd,S4/H07/H07_R2/S4_H07_R2_IMAG5467.JPG,wildebeest
ASG000cnyd,S4/H07/H07_R2/S4_H07_R2_IMAG5468.JPG,wildebeest
ASG000cnyd,S4/H07/H07_R2/S4_H07_R2_IMAG5469.JPG,wildebeest
ASG000btig,S4/H09/H09_R1/S4_H09_R1_IMAG0101.JPG,gazelleThomsons
ASG000btig,S4/H09/H09_R1/S4_H09_R1_IMAG0102.JPG,gazelleThomsons
ASG000btig,S4/H09/H09_R1/S4_H09_R1_IMAG0103.JPG,gazelleThomsons
ASG000btik,S4/H09/H09_R1/S4_H09_R1_IMAG0113.JPG,impala
ASG000btik,S4/H09/H09_R1/S4_H09_R1_IMAG0114.JPG,impala
ASG000btik,S4/H09/H09_R1/S4_H09_R1_IMAG0115.JPG,impala
ASG000buru,S4/H09/H09_R2/S4_H09_R2_IMAG0082.JPG,wildebeest
ASG000buru,S4/H09/H09_R2/S4_H09_R2_IMAG0083.JPG,wildebeest
ASG000buru,S4/H09/H09_R2/S4_H09_R2_IMAG0084.JPG,wildebeest
ASG000btmi,S4/H09/H09_R2/S4_H09_R2_IMAG0118.JPG,wildebeest
ASG000btmi,S4/H09/H09_R2/S4_H09_R2_IMAG0119.JPG,wildebeest
ASG000btmi,S4/H09/H09_R2/S4_H09_R2_IMAG0120.JPG,wildebeest
ASG000buhj,S4/H09/H09_R2/S4_H09_R2_IMAG0217.JPG,wildebeest
ASG000buhj,S4/H09/H09_R2/S4_H09_R2_IMAG0218.JPG,wildebeest
ASG000buhj,S4/H09/H09_R2/S4_H09_R2_IMAG0219.JPG,wildebeest
ASG000bu91,S4/H09/H09_R2/S4_H09_R2_IMAG0223.JPG,wildebeest
ASG000bu91,S4/H09/H09_R2/S4_H09_R2_IMAG0224.JPG,wildebeest
ASG000bu91,S4/H09/H09_R2/S4_H09_R2_IMAG0225.JPG,wildebeest
ASG000bu0z,S4/H09/H09_R2/S4_H09_R2_IMAG0238.JPG,wildebeest
ASG000bu0z,S4/H09/H09_R2/S4_H09_R2_IMAG0239.JPG,wildebeest
ASG000bu0z,S4/H09/H09_R2/S4_H09_R2_IMAG0240.JPG,wildebeest
ASG000btun,S4/H09/H09_R2/S4_H09_R2_IMAG0247.JPG,wildebeest
ASG000btun,S4/H09/H09_R2/S4_H09_R2_IMAG0248.JPG,wildebeest
ASG000btun,S4/H09/H09_R2/S4_H09_R2_IMAG0249.JPG,wildebeest
ASG000btyq,S4/H09/H09_R2/S4_H09_R2_IMAG0316.JPG,wildebeest
ASG000btyq,S4/H09/H09_R2/S4_H09_R2_IMAG0317.JPG,wildebeest
ASG000btyq,S4/H09/H09_R2/S4_H09_R2_IMAG0318.JPG,wildebeest
ASG000btn5,S4/H09/H09_R2/S4_H09_R2_IMAG0355.JPG,wildebeest
ASG000btn5,S4/H09/H09_R2/S4_H09_R2_IMAG0356.JPG,wildebeest
ASG000btn5,S4/H09/H09_R2/S4_H09_R2_IMAG0357.JPG,wildebeest
ASG000buzj,S4/H09/H09_R2/S4_H09_R2_IMAG0376.JPG,hartebeest
ASG000buzj,S4/H09/H09_R2/S4_H09_R2_IMAG0377.JPG,hartebeest
ASG000buzj,S4/H09/H09_R2/S4_H09_R2_IMAG0378.JPG,hartebeest
ASG000dpmt,S4/H11/H11_R2/S4_H11_R2_IMAG0072.JPG,zebra
ASG000dpmt,S4/H11/H11_R2/S4_H11_R2_IMAG0073.JPG,zebra
ASG000dpmt,S4/H11/H11_R2/S4_H11_R2_IMAG0074.JPG,zebra
ASG000dpyx,S4/H11/H11_R2/S4_H11_R2_IMAG0092.JPG,zebra
ASG000dpo3,S4/H11/H11_R2/S4_H11_R2_IMAG0195.JPG,wildebeest
ASG000dpo3,S4/H11/H11_R2/S4_H11_R2_IMAG0196.JPG,wildebeest
ASG000dpo3,S4/H11/H11_R2/S4_H11_R2_IMAG0197.JPG,wildebeest
ASG000dpp1,S4/H11/H11_R2/S4_H11_R2_IMAG0258.JPG,wildebeest
ASG000dpp1,S4/H11/H11_R2/S4_H11_R2_IMAG0259.JPG,wildebeest
ASG000dpp1,S4/H11/H11_R2/S4_H11_R2_IMAG0260.JPG,wildebeest
ASG000dpu4,S4/H11/H11_R2/S4_H11_R2_IMAG0399.JPG,wildebeest
ASG000dpu4,S4/H11/H11_R2/S4_H11_R2_IMAG0400.JPG,wildebeest
ASG000dpu4,S4/H11/H11_R2/S4_H11_R2_IMAG0401.JPG,wildebeest
ASG000dpmr,S4/H11/H11_R2/S4_H11_R2_IMAG0414.JPG,wildebeest
ASG000dpmr,S4/H11/H11_R2/S4_H11_R2_IMAG0415.JPG,wildebeest
ASG000dpmr,S4/H11/H11_R2/S4_H11_R2_IMAG0416.JPG,wildebeest
ASG000dpjo,S4/H11/H11_R2/S4_H11_R2_IMAG0420.JPG,wildebeest
ASG000dpjo,S4/H11/H11_R2/S4_H11_R2_IMAG0421.JPG,wildebeest
ASG000dpjo,S4/H11/H11_R2/S4_H11_R2_IMAG0422.JPG,wildebeest
ASG000dpt3,S4/H11/H11_R2/S4_H11_R2_IMAG0480.JPG,wildebeest
ASG000dpt3,S4/H11/H11_R2/S4_H11_R2_IMAG0481.JPG,wildebeest
ASG000dpt3,S4/H11/H11_R2/S4_H11_R2_IMAG0482.JPG,wildebeest
ASG000dpy3,S4/H11/H11_R2/S4_H11_R2_IMAG0507.JPG,wildebeest
ASG000dpy3,S4/H11/H11_R2/S4_H11_R2_IMAG0508.JPG,wildebeest
ASG000dpy3,S4/H11/H11_R2/S4_H11_R2_IMAG0509.JPG,wildebeest
ASG000dpu8,S4/H11/H11_R2/S4_H11_R2_IMAG0561.JPG,wildebeest
ASG000dpu8,S4/H11/H11_R2/S4_H11_R2_IMAG0562.JPG,wildebeest
ASG000dpu8,S4/H11/H11_R2/S4_H11_R2_IMAG0563.JPG,wildebeest
ASG000dpy7,S4/H11/H11_R2/S4_H11_R2_IMAG0573.JPG,wildebeest
ASG000dpy7,S4/H11/H11_R2/S4_H11_R2_IMAG0574.JPG,wildebeest
ASG000dpy7,S4/H11/H11_R2/S4_H11_R2_IMAG0575.JPG,wildebeest
ASG000dpsb,S4/H11/H11_R2/S4_H11_R2_IMAG0603.JPG,wildebeest
ASG000dpsb,S4/H11/H11_R2/S4_H11_R2_IMAG0604.JPG,wildebeest
ASG000dpsb,S4/H11/H11_R2/S4_H11_R2_IMAG0605.JPG,wildebeest
ASG000dpto,S4/H11/H11_R2/S4_H11_R2_IMAG0615.JPG,wildebeest
ASG000dpto,S4/H11/H11_R2/S4_H11_R2_IMAG0616.JPG,wildebeest
ASG000dpto,S4/H11/H11_R2/S4_H11_R2_IMAG0617.JPG,wildebeest
ASG000dpwy,S4/H11/H11_R2/S4_H11_R2_IMAG0648.JPG,wildebeest
ASG000dpwy,S4/H11/H11_R2/S4_H11_R2_IMAG0649.JPG,wildebeest
ASG000dpwy,S4/H11/H11_R2/S4_H11_R2_IMAG0650.JPG,wildebeest
ASG000f0py,S4/I01/I01_R1/S4_I01_R1_IMAG0017.JPG,zebra
ASG000f0py,S4/I01/I01_R1/S4_I01_R1_IMAG0018.JPG,zebra
ASG000f0py,S4/I01/I01_R1/S4_I01_R1_IMAG0019.JPG,zebra
ASG000f0ps,S4/I01/I01_R1/S4_I01_R1_IMAG0147.JPG,buffalo
ASG000f0rq,S4/I01/I01_R1/S4_I01_R1_IMAG0183.JPG,buffalo
ASG000f0rq,S4/I01/I01_R1/S4_I01_R1_IMAG0184.JPG,buffalo
ASG000f0rq,S4/I01/I01_R1/S4_I01_R1_IMAG0185.JPG,buffalo
ASG000f0sc,S4/I01/I01_R1/S4_I01_R1_IMAG0226.JPG,warthog
ASG000f0sc,S4/I01/I01_R1/S4_I01_R1_IMAG0227.JPG,warthog
ASG000f0sc,S4/I01/I01_R1/S4_I01_R1_IMAG0228.JPG,warthog
ASG000dyui,S4/I02/I02_R1/S4_I02_R1_IMAG0020.JPG,giraffe
ASG000dyte,S4/I02/I02_R1/S4_I02_R1_IMAG0436.JPG,zebra
ASG000dyxn,S4/I02/I02_R2/S4_I02_R2_IMAG0090.JPG,giraffe
ASG000dyxn,S4/I02/I02_R2/S4_I02_R2_IMAG0091.JPG,giraffe
ASG000dyxn,S4/I02/I02_R2/S4_I02_R2_IMAG0092.JPG,giraffe
ASG000dyyj,S4/I02/I02_R2/S4_I02_R2_IMAG0183.JPG,impala
ASG000dyyj,S4/I02/I02_R2/S4_I02_R2_IMAG0184.JPG,impala
ASG000dyyj,S4/I02/I02_R2/S4_I02_R2_IMAG0185.JPG,impala
ASG000dywy,S4/I02/I02_R2/S4_I02_R2_IMAG0291.JPG,warthog
ASG000dywy,S4/I02/I02_R2/S4_I02_R2_IMAG0292.JPG,warthog
ASG000dywy,S4/I02/I02_R2/S4_I02_R2_IMAG0293.JPG,warthog
ASG000dyvw,S4/I02/I02_R2/S4_I02_R2_IMAG0338.JPG,impala
ASG000dyvw,S4/I02/I02_R2/S4_I02_R2_IMAG0339.JPG,impala
ASG000dyvw,S4/I02/I02_R2/S4_I02_R2_IMAG0340.JPG,impala
ASG000bdwh,S4/I03/I03_R1/S4_I03_R1_IMAG0059.JPG,giraffe
ASG000bdwh,S4/I03/I03_R1/S4_I03_R1_IMAG0060.JPG,giraffe
ASG000bdwh,S4/I03/I03_R1/S4_I03_R1_IMAG0061.JPG,giraffe
ASG000be3y,S4/I03/I03_R1/S4_I03_R1_IMAG0062.JPG,buffalo
ASG000be3y,S4/I03/I03_R1/S4_I03_R1_IMAG0063.JPG,buffalo
ASG000be3y,S4/I03/I03_R1/S4_I03_R1_IMAG0064.JPG,buffalo
ASG000bdyh,S4/I03/I03_R1/S4_I03_R1_IMAG0175.JPG,buffalo
ASG000bdyh,S4/I03/I03_R1/S4_I03_R1_IMAG0176.JPG,buffalo
ASG000bdyh,S4/I03/I03_R1/S4_I03_R1_IMAG0177.JPG,buffalo
ASG000be04,S4/I03/I03_R1/S4_I03_R1_IMAG0235.JPG,buffalo
ASG000be04,S4/I03/I03_R1/S4_I03_R1_IMAG0236.JPG,buffalo
ASG000be04,S4/I03/I03_R1/S4_I03_R1_IMAG0237.JPG,buffalo
ASG000bdyk,S4/I03/I03_R1/S4_I03_R1_IMAG0265.JPG,buffalo
ASG000bdyk,S4/I03/I03_R1/S4_I03_R1_IMAG0266.JPG,buffalo
ASG000bdyk,S4/I03/I03_R1/S4_I03_R1_IMAG0267.JPG,buffalo
ASG000be1l,S4/I03/I03_R1/S4_I03_R1_IMAG0295.JPG,buffalo
ASG000be1l,S4/I03/I03_R1/S4_I03_R1_IMAG0296.JPG,buffalo
ASG000be1l,S4/I03/I03_R1/S4_I03_R1_IMAG0297.JPG,buffalo
ASG000bdzu,S4/I03/I03_R1/S4_I03_R1_IMAG0313.JPG,buffalo
ASG000bdzu,S4/I03/I03_R1/S4_I03_R1_IMAG0314.JPG,buffalo
ASG000bdzu,S4/I03/I03_R1/S4_I03_R1_IMAG0315.JPG,buffalo
ASG000be28,S4/I03/I03_R1/S4_I03_R1_IMAG0316.JPG,buffalo
ASG000be28,S4/I03/I03_R1/S4_I03_R1_IMAG0317.JPG,buffalo
ASG000be28,S4/I03/I03_R1/S4_I03_R1_IMAG0318.JPG,buffalo
ASG000bdwi,S4/I03/I03_R1/S4_I03_R1_IMAG0401.JPG,gazelleGrants
ASG000bdwi,S4/I03/I03_R1/S4_I03_R1_IMAG0402.JPG,gazelleGrants
ASG000bdwi,S4/I03/I03_R1/S4_I03_R1_IMAG0403.JPG,gazelleGrants
ASG000bdwz,S4/I03/I03_R1/S4_I03_R1_IMAG0407.JPG,gazelleGrants
ASG000bdwz,S4/I03/I03_R1/S4_I03_R1_IMAG0408.JPG,gazelleGrants
ASG000bdwz,S4/I03/I03_R1/S4_I03_R1_IMAG0409.JPG,gazelleGrants
ASG000bdxs,S4/I03/I03_R1/S4_I03_R1_IMAG0560.JPG,wildebeest
ASG000bdxs,S4/I03/I03_R1/S4_I03_R1_IMAG0561.JPG,wildebeest
ASG000bdxs,S4/I03/I03_R1/S4_I03_R1_IMAG0562.JPG,wildebeest
ASG000be1s,S4/I03/I03_R1/S4_I03_R1_IMAG0665.JPG,wildebeest
ASG000be1s,S4/I03/I03_R1/S4_I03_R1_IMAG0666.JPG,wildebeest
ASG000be1s,S4/I03/I03_R1/S4_I03_R1_IMAG0667.JPG,wildebeest
ASG000be2x,S4/I03/I03_R1/S4_I03_R1_IMAG0668.JPG,wildebeest
ASG000be2x,S4/I03/I03_R1/S4_I03_R1_IMAG0669.JPG,wildebeest
ASG000be2x,S4/I03/I03_R1/S4_I03_R1_IMAG0670.JPG,wildebeest
ASG000be0y,S4/I03/I03_R1/S4_I03_R1_IMAG0725.JPG,wildebeest
ASG000be0y,S4/I03/I03_R1/S4_I03_R1_IMAG0726.JPG,wildebeest
ASG000be0y,S4/I03/I03_R1/S4_I03_R1_IMAG0727.JPG,wildebeest
ASG000bdy0,S4/I03/I03_R1/S4_I03_R1_IMAG0787.JPG,zebra
ASG000bduo,S4/I03/I03_R2/S4_I03_R2_IMAG0083.JPG,zebra
ASG000bv9f,S4/I04/I04_R1/S4_I04_R1_IMAG0051.JPG,giraffe
ASG000bv9f,S4/I04/I04_R1/S4_I04_R1_IMAG0052.JPG,giraffe
ASG000bv9f,S4/I04/I04_R1/S4_I04_R1_IMAG0053.JPG,giraffe
ASG000bv7b,S4/I04/I04_R1/S4_I04_R1_IMAG0199.JPG,zebra
ASG000bv9r,S4/I04/I04_R1/S4_I04_R1_IMAG0206.JPG,zebra
ASG000bvbc,S4/I04/I04_R1/S4_I04_R1_IMAG0215.JPG,zebra
ASG000bv6m,S4/I04/I04_R1/S4_I04_R1_IMAG0262.JPG,zebra
ASG000bv6m,S4/I04/I04_R1/S4_I04_R1_IMAG0263.JPG,zebra
ASG000bv6m,S4/I04/I04_R1/S4_I04_R1_IMAG0264.JPG,zebra
ASG000bv7h,S4/I04/I04_R1/S4_I04_R1_IMAG0289.JPG,zebra
ASG000bv7h,S4/I04/I04_R1/S4_I04_R1_IMAG0290.JPG,zebra
ASG000bv7h,S4/I04/I04_R1/S4_I04_R1_IMAG0291.JPG,zebra
ASG000bvba,S4/I04/I04_R1/S4_I04_R1_IMAG0338.JPG,zebra
ASG000bv82,S4/I04/I04_R1/S4_I04_R1_IMAG0361.JPG,hartebeest
ASG000bv82,S4/I04/I04_R1/S4_I04_R1_IMAG0362.JPG,hartebeest
ASG000bv82,S4/I04/I04_R1/S4_I04_R1_IMAG0363.JPG,hartebeest
ASG000bvgj,S4/I04/I04_R2/S4_I04_R2_IMAG0064.JPG,zebra
ASG000bvgj,S4/I04/I04_R2/S4_I04_R2_IMAG0065.JPG,zebra
ASG000bvgj,S4/I04/I04_R2/S4_I04_R2_IMAG0066.JPG,zebra
ASG000bve9,S4/I04/I04_R2/S4_I04_R2_IMAG0114.JPG,zebra
ASG000bve9,S4/I04/I04_R2/S4_I04_R2_IMAG0115.JPG,zebra
ASG000bve9,S4/I04/I04_R2/S4_I04_R2_IMAG0116.JPG,zebra
ASG000bvcz,S4/I04/I04_R2/S4_I04_R2_IMAG0170.JPG,wildebeest
ASG000bvcz,S4/I04/I04_R2/S4_I04_R2_IMAG0171.JPG,wildebeest
ASG000bvcz,S4/I04/I04_R2/S4_I04_R2_IMAG0172.JPG,wildebeest
ASG000bvfq,S4/I04/I04_R2/S4_I04_R2_IMAG0311.JPG,wildebeest
ASG000bvfq,S4/I04/I04_R2/S4_I04_R2_IMAG0312.JPG,wildebeest
ASG000bvfq,S4/I04/I04_R2/S4_I04_R2_IMAG0313.JPG,wildebeest
ASG000bvee,S4/I04/I04_R2/S4_I04_R2_IMAG0326.JPG,wildebeest
ASG000bvee,S4/I04/I04_R2/S4_I04_R2_IMAG0327.JPG,wildebeest
ASG000bvee,S4/I04/I04_R2/S4_I04_R2_IMAG0328.JPG,wildebeest
ASG000bvdb,S4/I04/I04_R2/S4_I04_R2_IMAG0338.JPG,wildebeest
ASG000bvdb,S4/I04/I04_R2/S4_I04_R2_IMAG0339.JPG,wildebeest
ASG000bvdb,S4/I04/I04_R2/S4_I04_R2_IMAG0340.JPG,wildebeest
ASG000bvht,S4/I04/I04_R2/S4_I04_R2_IMAG0460.JPG,giraffe
ASG000bved,S4/I04/I04_R2/S4_I04_R2_IMAG0479.JPG,giraffe
ASG000bved,S4/I04/I04_R2/S4_I04_R2_IMAG0480.JPG,giraffe
ASG000bved,S4/I04/I04_R2/S4_I04_R2_IMAG0481.JPG,giraffe
ASG000euo0,S4/I06/I06_R1/S4_I06_R1_IMAG0028.JPG,buffalo
ASG000euo0,S4/I06/I06_R1/S4_I06_R1_IMAG0029.JPG,buffalo
ASG000euo0,S4/I06/I06_R1/S4_I06_R1_IMAG0030.JPG,buffalo
ASG000euoj,S4/I06/I06_R1/S4_I06_R1_IMAG0037.JPG,buffalo
ASG000euoj,S4/I06/I06_R1/S4_I06_R1_IMAG0038.JPG,buffalo
ASG000euoj,S4/I06/I06_R1/S4_I06_R1_IMAG0039.JPG,buffalo
ASG000eunk,S4/I06/I06_R1/S4_I06_R1_IMAG0172.JPG,warthog
ASG000eunk,S4/I06/I06_R1/S4_I06_R1_IMAG0173.JPG,warthog
ASG000eunk,S4/I06/I06_R1/S4_I06_R1_IMAG0174.JPG,warthog
ASG000eup7,S4/I06/I06_R2/S4_I06_R2_IMAG0088.JPG,wildebeest
ASG000eup7,S4/I06/I06_R2/S4_I06_R2_IMAG0089.JPG,wildebeest
ASG000eup7,S4/I06/I06_R2/S4_I06_R2_IMAG0090.JPG,wildebeest
ASG000euqc,S4/I06/I06_R2/S4_I06_R2_IMAG0115.JPG,wildebeest
ASG000euqc,S4/I06/I06_R2/S4_I06_R2_IMAG0116.JPG,wildebeest
ASG000euqc,S4/I06/I06_R2/S4_I06_R2_IMAG0117.JPG,wildebeest
ASG000euq6,S4/I06/I06_R2/S4_I06_R2_IMAG0124.JPG,wildebeest
ASG000euq6,S4/I06/I06_R2/S4_I06_R2_IMAG0125.JPG,wildebeest
ASG000euq6,S4/I06/I06_R2/S4_I06_R2_IMAG0126.JPG,wildebeest
ASG000eupi,S4/I06/I06_R2/S4_I06_R2_IMAG0139.JPG,wildebeest
ASG000eupi,S4/I06/I06_R2/S4_I06_R2_IMAG0140.JPG,wildebeest
ASG000eupi,S4/I06/I06_R2/S4_I06_R2_IMAG0141.JPG,wildebeest
ASG000eupa,S4/I06/I06_R2/S4_I06_R2_IMAG0148.JPG,wildebeest
ASG000eupa,S4/I06/I06_R2/S4_I06_R2_IMAG0149.JPG,wildebeest
ASG000eupa,S4/I06/I06_R2/S4_I06_R2_IMAG0150.JPG,wildebeest
ASG000euq0,S4/I06/I06_R2/S4_I06_R2_IMAG0151.JPG,wildebeest
ASG000euq0,S4/I06/I06_R2/S4_I06_R2_IMAG0152.JPG,wildebeest
ASG000euq0,S4/I06/I06_R2/S4_I06_R2_IMAG0153.JPG,wildebeest
ASG000eurn,S4/I06/I06_R2/S4_I06_R2_IMAG0193.JPG,wildebeest
ASG000eurn,S4/I06/I06_R2/S4_I06_R2_IMAG0194.JPG,wildebeest
ASG000eurn,S4/I06/I06_R2/S4_I06_R2_IMAG0195.JPG,wildebeest
ASG000euq9,S4/I06/I06_R2/S4_I06_R2_IMAG0205.JPG,wildebeest
ASG000euq9,S4/I06/I06_R2/S4_I06_R2_IMAG0206.JPG,wildebeest
ASG000euq9,S4/I06/I06_R2/S4_I06_R2_IMAG0207.JPG,wildebeest
ASG000euqv,S4/I06/I06_R2/S4_I06_R2_IMAG0211.JPG,wildebeest
ASG000euqv,S4/I06/I06_R2/S4_I06_R2_IMAG0212.JPG,wildebeest
ASG000euqv,S4/I06/I06_R2/S4_I06_R2_IMAG0213.JPG,wildebeest
ASG000d07o,S4/I07/I07_R1/S4_I07_R1_IMAG2174.JPG,warthog
ASG000d07o,S4/I07/I07_R1/S4_I07_R1_IMAG2175.JPG,warthog
ASG000d07o,S4/I07/I07_R1/S4_I07_R1_IMAG2176.JPG,warthog
ASG000czo6,S4/I07/I07_R1/S4_I07_R1_IMAG3440.JPG,elephant
ASG000czo6,S4/I07/I07_R1/S4_I07_R1_IMAG3441.JPG,elephant
ASG000czo6,S4/I07/I07_R1/S4_I07_R1_IMAG3442.JPG,elephant
ASG000d0w6,S4/I07/I07_R1/S4_I07_R1_IMAG3446.JPG,elephant
ASG000d0w6,S4/I07/I07_R1/S4_I07_R1_IMAG3447.JPG,elephant
ASG000d0w6,S4/I07/I07_R1/S4_I07_R1_IMAG3448.JPG,elephant
ASG000d0ok,S4/I07/I07_R1/S4_I07_R1_IMAG4232.JPG,elephant
ASG000d0ok,S4/I07/I07_R1/S4_I07_R1_IMAG4233.JPG,elephant
ASG000d0ok,S4/I07/I07_R1/S4_I07_R1_IMAG4234.JPG,elephant
ASG000d11s,S4/I07/I07_R2/S4_I07_R2_IMAG3512.JPG,wildebeest
ASG000d11s,S4/I07/I07_R2/S4_I07_R2_IMAG3513.JPG,wildebeest
ASG000d11s,S4/I07/I07_R2/S4_I07_R2_IMAG3514.JPG,wildebeest
ASG000d168,S4/I07/I07_R2/S4_I07_R2_IMAG3524.JPG,wildebeest
ASG000d168,S4/I07/I07_R2/S4_I07_R2_IMAG3525.JPG,wildebeest
ASG000d168,S4/I07/I07_R2/S4_I07_R2_IMAG3526.JPG,wildebeest
ASG000d1zb,S4/I07/I07_R2/S4_I07_R2_IMAG3649.JPG,wildebeest
ASG000dwlc,S4/I08/I08_R1/S4_I08_R1_IMAG0296.JPG,buffalo
ASG000dwlc,S4/I08/I08_R1/S4_I08_R1_IMAG0297.JPG,buffalo
ASG000dwlc,S4/I08/I08_R1/S4_I08_R1_IMAG0298.JPG,buffalo
ASG000dwb3,S4/I08/I08_R2/S4_I08_R2_IMAG0129.JPG,hartebeest
ASG000dwb3,S4/I08/I08_R2/S4_I08_R2_IMAG0130.JPG,hartebeest
ASG000dwb3,S4/I08/I08_R2/S4_I08_R2_IMAG0131.JPG,hartebeest
ASG000dwh0,S4/I08/I08_R2/S4_I08_R2_IMAG0150.JPG,hartebeest
ASG000dwh0,S4/I08/I08_R2/S4_I08_R2_IMAG0151.JPG,hartebeest
ASG000dwh0,S4/I08/I08_R2/S4_I08_R2_IMAG0152.JPG,hartebeest
ASG000dwen,S4/I08/I08_R2/S4_I08_R2_IMAG0204.JPG,hartebeest
ASG000dwen,S4/I08/I08_R2/S4_I08_R2_IMAG0205.JPG,hartebeest
ASG000dwen,S4/I08/I08_R2/S4_I08_R2_IMAG0206.JPG,hartebeest
ASG000dwco,S4/I08/I08_R2/S4_I08_R2_IMAG0243.JPG,hartebeest
ASG000dwco,S4/I08/I08_R2/S4_I08_R2_IMAG0244.JPG,hartebeest
ASG000dwco,S4/I08/I08_R2/S4_I08_R2_IMAG0245.JPG,hartebeest
ASG000dwgn,S4/I08/I08_R2/S4_I08_R2_IMAG0279.JPG,hartebeest
ASG000dwgn,S4/I08/I08_R2/S4_I08_R2_IMAG0280.JPG,hartebeest
ASG000dwgn,S4/I08/I08_R2/S4_I08_R2_IMAG0281.JPG,hartebeest
ASG000dwf2,S4/I08/I08_R2/S4_I08_R2_IMAG0351.JPG,hartebeest
ASG000dwf2,S4/I08/I08_R2/S4_I08_R2_IMAG0352.JPG,hartebeest
ASG000dwf2,S4/I08/I08_R2/S4_I08_R2_IMAG0353.JPG,hartebeest
ASG000dwd6,S4/I08/I08_R2/S4_I08_R2_IMAG0411.JPG,hartebeest
ASG000dwd6,S4/I08/I08_R2/S4_I08_R2_IMAG0412.JPG,hartebeest
ASG000dwd6,S4/I08/I08_R2/S4_I08_R2_IMAG0413.JPG,hartebeest
ASG000dwbz,S4/I08/I08_R2/S4_I08_R2_IMAG0524.JPG,wildebeest
ASG000dwbz,S4/I08/I08_R2/S4_I08_R2_IMAG0525.JPG,wildebeest
ASG000dwbz,S4/I08/I08_R2/S4_I08_R2_IMAG0526.JPG,wildebeest
ASG000dwk2,S4/I08/I08_R2/S4_I08_R2_IMAG0831.JPG,buffalo
ASG000b45v,S4/I10/I10_R2/S4_I10_R2_IMAG0365.JPG,zebra
ASG000b45v,S4/I10/I10_R2/S4_I10_R2_IMAG0366.JPG,zebra
ASG000b45v,S4/I10/I10_R2/S4_I10_R2_IMAG0367.JPG,zebra
ASG000b4k2,S4/I10/I10_R2/S4_I10_R2_IMAG0742.JPG,elephant
ASG000b4c2,S4/I10/I10_R2/S4_I10_R2_IMAG4246.JPG,elephant
ASG000b4c2,S4/I10/I10_R2/S4_I10_R2_IMAG4247.JPG,elephant
ASG000b4c2,S4/I10/I10_R2/S4_I10_R2_IMAG4248.JPG,elephant
ASG000e5xx,S4/I11/I11_R2/S4_I11_R2_IMAG0007.JPG,elephant
ASG000e5rn,S4/I11/I11_R2/S4_I11_R2_IMAG0010.JPG,elephant
ASG000e62i,S4/I11/I11_R2/S4_I11_R2_IMAG0026.JPG,zebra
ASG000e62i,S4/I11/I11_R2/S4_I11_R2_IMAG0027.JPG,zebra
ASG000e62i,S4/I11/I11_R2/S4_I11_R2_IMAG0028.JPG,zebra
ASG000e67u,S4/I11/I11_R2/S4_I11_R2_IMAG0061.JPG,zebra
ASG000e5pj,S4/I11/I11_R2/S4_I11_R2_IMAG0065.JPG,wildebeest
ASG000e5ut,S4/I11/I11_R2/S4_I11_R2_IMAG0086.JPG,wildebeest
ASG000e5ut,S4/I11/I11_R2/S4_I11_R2_IMAG0087.JPG,wildebeest
ASG000e5ut,S4/I11/I11_R2/S4_I11_R2_IMAG0088.JPG,wildebeest
ASG000e5gk,S4/I11/I11_R2/S4_I11_R2_IMAG0119.JPG,wildebeest
ASG000e5gk,S4/I11/I11_R2/S4_I11_R2_IMAG0120.JPG,wildebeest
ASG000e5gk,S4/I11/I11_R2/S4_I11_R2_IMAG0121.JPG,wildebeest
ASG000e5sd,S4/I11/I11_R2/S4_I11_R2_IMAG0131.JPG,wildebeest
ASG000e5sd,S4/I11/I11_R2/S4_I11_R2_IMAG0132.JPG,wildebeest
ASG000e5sd,S4/I11/I11_R2/S4_I11_R2_IMAG0133.JPG,wildebeest
ASG000e5vj,S4/I11/I11_R2/S4_I11_R2_IMAG0173.JPG,wildebeest
ASG000e5vj,S4/I11/I11_R2/S4_I11_R2_IMAG0174.JPG,wildebeest
ASG000e5vj,S4/I11/I11_R2/S4_I11_R2_IMAG0175.JPG,wildebeest
ASG000e5sx,S4/I11/I11_R2/S4_I11_R2_IMAG0258.JPG,wildebeest
ASG000e5sx,S4/I11/I11_R2/S4_I11_R2_IMAG0259.JPG,wildebeest
ASG000e5sx,S4/I11/I11_R2/S4_I11_R2_IMAG0260.JPG,wildebeest
ASG000e5sv,S4/I11/I11_R2/S4_I11_R2_IMAG0288.JPG,wildebeest
ASG000e5sv,S4/I11/I11_R2/S4_I11_R2_IMAG0289.JPG,wildebeest
ASG000e5sv,S4/I11/I11_R2/S4_I11_R2_IMAG0290.JPG,wildebeest
ASG000e5gs,S4/I11/I11_R2/S4_I11_R2_IMAG0354.JPG,wildebeest
ASG000e5gs,S4/I11/I11_R2/S4_I11_R2_IMAG0355.JPG,wildebeest
ASG000e5gs,S4/I11/I11_R2/S4_I11_R2_IMAG0356.JPG,wildebeest
ASG000e5o6,S4/I11/I11_R2/S4_I11_R2_IMAG0414.JPG,wildebeest
ASG000e5o6,S4/I11/I11_R2/S4_I11_R2_IMAG0415.JPG,wildebeest
ASG000e5o6,S4/I11/I11_R2/S4_I11_R2_IMAG0416.JPG,wildebeest
ASG000e5tu,S4/I11/I11_R2/S4_I11_R2_IMAG0492.JPG,wildebeest
ASG000e5tu,S4/I11/I11_R2/S4_I11_R2_IMAG0493.JPG,wildebeest
ASG000e5tu,S4/I11/I11_R2/S4_I11_R2_IMAG0494.JPG,wildebeest
ASG000e5hy,S4/I11/I11_R2/S4_I11_R2_IMAG0501.JPG,wildebeest
ASG000e5hy,S4/I11/I11_R2/S4_I11_R2_IMAG0502.JPG,wildebeest
ASG000e5hy,S4/I11/I11_R2/S4_I11_R2_IMAG0503.JPG,wildebeest
ASG000e5hc,S4/I11/I11_R2/S4_I11_R2_IMAG0504.JPG,wildebeest
ASG000e5hc,S4/I11/I11_R2/S4_I11_R2_IMAG0505.JPG,wildebeest
ASG000e5hc,S4/I11/I11_R2/S4_I11_R2_IMAG0506.JPG,wildebeest
ASG000e5xv,S4/I11/I11_R2/S4_I11_R2_IMAG0540.JPG,wildebeest
ASG000e5xv,S4/I11/I11_R2/S4_I11_R2_IMAG0541.JPG,wildebeest
ASG000e5xv,S4/I11/I11_R2/S4_I11_R2_IMAG0542.JPG,wildebeest
ASG000e5s2,S4/I11/I11_R2/S4_I11_R2_IMAG0582.JPG,wildebeest
ASG000e5s2,S4/I11/I11_R2/S4_I11_R2_IMAG0583.JPG,wildebeest
ASG000e5s2,S4/I11/I11_R2/S4_I11_R2_IMAG0584.JPG,wildebeest
ASG000e5t2,S4/I11/I11_R2/S4_I11_R2_IMAG0726.JPG,wildebeest
ASG000e5t2,S4/I11/I11_R2/S4_I11_R2_IMAG0727.JPG,wildebeest
ASG000e5t2,S4/I11/I11_R2/S4_I11_R2_IMAG0728.JPG,wildebeest
ASG000e5ki,S4/I11/I11_R2/S4_I11_R2_IMAG0744.JPG,wildebeest
ASG000e5ki,S4/I11/I11_R2/S4_I11_R2_IMAG0745.JPG,wildebeest
ASG000e5ki,S4/I11/I11_R2/S4_I11_R2_IMAG0746.JPG,wildebeest
ASG000e61p,S4/I11/I11_R2/S4_I11_R2_IMAG0888.JPG,wildebeest
ASG000e61p,S4/I11/I11_R2/S4_I11_R2_IMAG0889.JPG,wildebeest
ASG000e61p,S4/I11/I11_R2/S4_I11_R2_IMAG0890.JPG,wildebeest
ASG000e646,S4/I11/I11_R2/S4_I11_R2_IMAG0948.JPG,wildebeest
ASG000e646,S4/I11/I11_R2/S4_I11_R2_IMAG0949.JPG,wildebeest
ASG000e646,S4/I11/I11_R2/S4_I11_R2_IMAG0950.JPG,wildebeest
ASG000e5qb,S4/I11/I11_R2/S4_I11_R2_IMAG0954.JPG,wildebeest
ASG000e5qb,S4/I11/I11_R2/S4_I11_R2_IMAG0955.JPG,wildebeest
ASG000e5qb,S4/I11/I11_R2/S4_I11_R2_IMAG0956.JPG,wildebeest
ASG000fbzg,S4/I12/I12_R1/S4_I12_R1_IMAG0026.JPG,elephant
ASG000fc4y,S4/I12/I12_R1/S4_I12_R1_IMAG0050.JPG,elephant
ASG000fc74,S4/I12/I12_R1/S4_I12_R1_IMAG0063.JPG,elephant
ASG000fc1r,S4/I12/I12_R1/S4_I12_R1_IMAG0274.JPG,elephant
ASG000fc1r,S4/I12/I12_R1/S4_I12_R1_IMAG0275.JPG,elephant
ASG000fc1r,S4/I12/I12_R1/S4_I12_R1_IMAG0276.JPG,elephant
ASG000fc1e,S4/I12/I12_R1/S4_I12_R1_IMAG0295.JPG,elephant
ASG000fc1e,S4/I12/I12_R1/S4_I12_R1_IMAG0296.JPG,elephant
ASG000fc1e,S4/I12/I12_R1/S4_I12_R1_IMAG0297.JPG,elephant
ASG000fc4r,S4/I12/I12_R1/S4_I12_R1_IMAG0436.JPG,elephant
ASG000fc4r,S4/I12/I12_R1/S4_I12_R1_IMAG0437.JPG,elephant
ASG000fc4r,S4/I12/I12_R1/S4_I12_R1_IMAG0438.JPG,elephant
ASG000fbrh,S4/I12/I12_R1/S4_I12_R1_IMAG0556.JPG,elephant
ASG000fbrh,S4/I12/I12_R1/S4_I12_R1_IMAG0557.JPG,elephant
ASG000fbrh,S4/I12/I12_R1/S4_I12_R1_IMAG0558.JPG,elephant
ASG000fbv4,S4/I12/I12_R1/S4_I12_R1_IMAG0572.JPG,wildebeest
ASG000fbv4,S4/I12/I12_R1/S4_I12_R1_IMAG0573.JPG,wildebeest
ASG000fbv4,S4/I12/I12_R1/S4_I12_R1_IMAG0574.JPG,wildebeest
ASG000fbu2,S4/I12/I12_R1/S4_I12_R1_IMAG0608.JPG,wildebeest
ASG000fbu2,S4/I12/I12_R1/S4_I12_R1_IMAG0609.JPG,wildebeest
ASG000fbu2,S4/I12/I12_R1/S4_I12_R1_IMAG0610.JPG,wildebeest
ASG000fe5s,S4/I12/I12_R2/S4_I12_R2_IMAG0312.JPG,wildebeest
ASG000fe5s,S4/I12/I12_R2/S4_I12_R2_IMAG0313.JPG,wildebeest
ASG000fe5s,S4/I12/I12_R2/S4_I12_R2_IMAG0314.JPG,wildebeest
ASG000fccg,S4/I12/I12_R2/S4_I12_R2_IMAG0315.JPG,wildebeest
ASG000fccg,S4/I12/I12_R2/S4_I12_R2_IMAG0316.JPG,wildebeest
ASG000fccg,S4/I12/I12_R2/S4_I12_R2_IMAG0317.JPG,wildebeest
ASG000fcsc,S4/I12/I12_R2/S4_I12_R2_IMAG0324.JPG,wildebeest
ASG000fcsc,S4/I12/I12_R2/S4_I12_R2_IMAG0325.JPG,wildebeest
ASG000fcsc,S4/I12/I12_R2/S4_I12_R2_IMAG0326.JPG,wildebeest
ASG000fczb,S4/I12/I12_R2/S4_I12_R2_IMAG0330.JPG,wildebeest
ASG000fczb,S4/I12/I12_R2/S4_I12_R2_IMAG0331.JPG,wildebeest
ASG000fczb,S4/I12/I12_R2/S4_I12_R2_IMAG0332.JPG,wildebeest
ASG000fctg,S4/I12/I12_R2/S4_I12_R2_IMAG0357.JPG,wildebeest
ASG000fctg,S4/I12/I12_R2/S4_I12_R2_IMAG0358.JPG,wildebeest
ASG000fctg,S4/I12/I12_R2/S4_I12_R2_IMAG0359.JPG,wildebeest
ASG000fd7o,S4/I12/I12_R2/S4_I12_R2_IMAG0372.JPG,wildebeest
ASG000fd7o,S4/I12/I12_R2/S4_I12_R2_IMAG0373.JPG,wildebeest
ASG000fd7o,S4/I12/I12_R2/S4_I12_R2_IMAG0374.JPG,wildebeest
ASG000fe5f,S4/I12/I12_R2/S4_I12_R2_IMAG0417.JPG,wildebeest
ASG000fe5f,S4/I12/I12_R2/S4_I12_R2_IMAG0418.JPG,wildebeest
ASG000fe5f,S4/I12/I12_R2/S4_I12_R2_IMAG0419.JPG,wildebeest
ASG000fcaz,S4/I12/I12_R2/S4_I12_R2_IMAG7359.JPG,elephant
ASG000fcaz,S4/I12/I12_R2/S4_I12_R2_IMAG7360.JPG,elephant
ASG000fcaz,S4/I12/I12_R2/S4_I12_R2_IMAG7361.JPG,elephant
ASG000c9ay,S4/I13/I13_R1/S4_I13_R1_IMAG0523.JPG,warthog
ASG000c9ay,S4/I13/I13_R1/S4_I13_R1_IMAG0524.JPG,warthog
ASG000c9ay,S4/I13/I13_R1/S4_I13_R1_IMAG0525.JPG,warthog
ASG000c9ba,S4/I13/I13_R1/S4_I13_R1_IMAG0646.JPG,zebra
ASG000c9ba,S4/I13/I13_R1/S4_I13_R1_IMAG0647.JPG,zebra
ASG000c9ba,S4/I13/I13_R1/S4_I13_R1_IMAG0648.JPG,zebra
ASG000c96r,S4/I13/I13_R1/S4_I13_R1_IMAG0649.JPG,zebra
ASG000c96r,S4/I13/I13_R1/S4_I13_R1_IMAG0650.JPG,zebra
ASG000c96r,S4/I13/I13_R1/S4_I13_R1_IMAG0651.JPG,zebra
ASG000c9co,S4/I13/I13_R1/S4_I13_R1_IMAG0691.JPG,zebra
ASG000c9co,S4/I13/I13_R1/S4_I13_R1_IMAG0692.JPG,zebra
ASG000c9co,S4/I13/I13_R1/S4_I13_R1_IMAG0693.JPG,zebra
ASG000c986,S4/I13/I13_R1/S4_I13_R1_IMAG0733.JPG,zebra
ASG000c986,S4/I13/I13_R1/S4_I13_R1_IMAG0734.JPG,zebra
ASG000c986,S4/I13/I13_R1/S4_I13_R1_IMAG0735.JPG,zebra
ASG000c9aj,S4/I13/I13_R1/S4_I13_R1_IMAG0787.JPG,zebra
ASG000c9aj,S4/I13/I13_R1/S4_I13_R1_IMAG0788.JPG,zebra
ASG000c9aj,S4/I13/I13_R1/S4_I13_R1_IMAG0789.JPG,zebra
ASG000c992,S4/I13/I13_R1/S4_I13_R1_IMAG0796.JPG,wildebeest
ASG000c992,S4/I13/I13_R1/S4_I13_R1_IMAG0797.JPG,wildebeest
ASG000c992,S4/I13/I13_R1/S4_I13_R1_IMAG0798.JPG,wildebeest
ASG000c9ch,S4/I13/I13_R1/S4_I13_R1_IMAG0819.JPG,wildebeest
ASG000c990,S4/I13/I13_R1/S4_I13_R1_IMAG0823.JPG,wildebeest
ASG000c9ad,S4/I13/I13_R1/S4_I13_R1_IMAG0891.JPG,zebra
ASG000c9ad,S4/I13/I13_R1/S4_I13_R1_IMAG0892.JPG,zebra
ASG000c9ad,S4/I13/I13_R1/S4_I13_R1_IMAG0893.JPG,zebra
ASG000c9od,S4/I13/I13_R2/S4_I13_R2_IMAG0337.JPG,wildebeest
ASG000c9od,S4/I13/I13_R2/S4_I13_R2_IMAG0338.JPG,wildebeest
ASG000c9od,S4/I13/I13_R2/S4_I13_R2_IMAG0339.JPG,wildebeest
ASG000c9nm,S4/I13/I13_R2/S4_I13_R2_IMAG0376.JPG,wildebeest
ASG000c9nm,S4/I13/I13_R2/S4_I13_R2_IMAG0377.JPG,wildebeest
ASG000c9nm,S4/I13/I13_R2/S4_I13_R2_IMAG0378.JPG,wildebeest
ASG000c9hq,S4/I13/I13_R2/S4_I13_R2_IMAG0403.JPG,wildebeest
ASG000c9hq,S4/I13/I13_R2/S4_I13_R2_IMAG0404.JPG,wildebeest
ASG000c9hq,S4/I13/I13_R2/S4_I13_R2_IMAG0405.JPG,wildebeest
ASG000c9mv,S4/I13/I13_R2/S4_I13_R2_IMAG0457.JPG,wildebeest
ASG000c9mv,S4/I13/I13_R2/S4_I13_R2_IMAG0458.JPG,wildebeest
ASG000c9mv,S4/I13/I13_R2/S4_I13_R2_IMAG0459.JPG,wildebeest
ASG000c9ig,S4/I13/I13_R2/S4_I13_R2_IMAG0475.JPG,wildebeest
ASG000c9ig,S4/I13/I13_R2/S4_I13_R2_IMAG0476.JPG,wildebeest
ASG000c9ig,S4/I13/I13_R2/S4_I13_R2_IMAG0477.JPG,wildebeest
ASG000c9jk,S4/I13/I13_R2/S4_I13_R2_IMAG0529.JPG,wildebeest
ASG000c9jk,S4/I13/I13_R2/S4_I13_R2_IMAG0530.JPG,wildebeest
ASG000c9jk,S4/I13/I13_R2/S4_I13_R2_IMAG0531.JPG,wildebeest
ASG000c9j2,S4/I13/I13_R2/S4_I13_R2_IMAG0538.JPG,wildebeest
ASG000c9j2,S4/I13/I13_R2/S4_I13_R2_IMAG0539.JPG,wildebeest
ASG000c9j2,S4/I13/I13_R2/S4_I13_R2_IMAG0540.JPG,wildebeest
ASG000c9oj,S4/I13/I13_R2/S4_I13_R2_IMAG0562.JPG,wildebeest
ASG000c9oj,S4/I13/I13_R2/S4_I13_R2_IMAG0563.JPG,wildebeest
ASG000c9oj,S4/I13/I13_R2/S4_I13_R2_IMAG0564.JPG,wildebeest
ASG000c9mt,S4/I13/I13_R2/S4_I13_R2_IMAG0616.JPG,wildebeest
ASG000c9mt,S4/I13/I13_R2/S4_I13_R2_IMAG0617.JPG,wildebeest
ASG000c9mt,S4/I13/I13_R2/S4_I13_R2_IMAG0618.JPG,wildebeest
ASG000c9on,S4/I13/I13_R2/S4_I13_R2_IMAG0651.JPG,wildebeest
ASG000c9kr,S4/I13/I13_R2/S4_I13_R2_IMAG0660.JPG,wildebeest
ASG000c9n9,S4/I13/I13_R2/S4_I13_R2_IMAG0688.JPG,wildebeest
ASG000c9ov,S4/I13/I13_R2/S4_I13_R2_IMAG0700.JPG,wildebeest
ASG000c9jw,S4/I13/I13_R2/S4_I13_R2_IMAG0736.JPG,wildebeest
ASG000c9jw,S4/I13/I13_R2/S4_I13_R2_IMAG0737.JPG,wildebeest
ASG000c9jw,S4/I13/I13_R2/S4_I13_R2_IMAG0738.JPG,wildebeest
ASG000dz1l,S4/J01/J01_R1/S4_J01_R1_IMAG0018.JPG,warthog
ASG000dz1l,S4/J01/J01_R1/S4_J01_R1_IMAG0019.JPG,warthog
ASG000dz1l,S4/J01/J01_R1/S4_J01_R1_IMAG0020.JPG,warthog
ASG000dz7i,S4/J01/J01_R1/S4_J01_R1_IMAG0063.JPG,impala
ASG000dz7i,S4/J01/J01_R1/S4_J01_R1_IMAG0064.JPG,impala
ASG000dz7i,S4/J01/J01_R1/S4_J01_R1_IMAG0065.JPG,impala
ASG000dz32,S4/J01/J01_R1/S4_J01_R1_IMAG0090.JPG,impala
ASG000dz32,S4/J01/J01_R1/S4_J01_R1_IMAG0091.JPG,impala
ASG000dz32,S4/J01/J01_R1/S4_J01_R1_IMAG0092.JPG,impala
ASG000dz36,S4/J01/J01_R1/S4_J01_R1_IMAG0093.JPG,impala
ASG000dz36,S4/J01/J01_R1/S4_J01_R1_IMAG0094.JPG,impala
ASG000dz36,S4/J01/J01_R1/S4_J01_R1_IMAG0095.JPG,impala
ASG000dz24,S4/J01/J01_R1/S4_J01_R1_IMAG0111.JPG,impala
ASG000dz24,S4/J01/J01_R1/S4_J01_R1_IMAG0112.JPG,impala
ASG000dz24,S4/J01/J01_R1/S4_J01_R1_IMAG0113.JPG,impala
ASG000dz68,S4/J01/J01_R1/S4_J01_R1_IMAG0148.JPG,warthog
ASG000dz68,S4/J01/J01_R1/S4_J01_R1_IMAG0149.JPG,warthog
ASG000dz68,S4/J01/J01_R1/S4_J01_R1_IMAG0150.JPG,warthog
ASG000dz49,S4/J01/J01_R1/S4_J01_R1_IMAG0236.JPG,impala
ASG000dz49,S4/J01/J01_R1/S4_J01_R1_IMAG0237.JPG,impala
ASG000dz49,S4/J01/J01_R1/S4_J01_R1_IMAG0238.JPG,impala
ASG000dz17,S4/J01/J01_R1/S4_J01_R1_IMAG0339.JPG,impala
ASG000dz17,S4/J01/J01_R1/S4_J01_R1_IMAG0340.JPG,impala
ASG000dz17,S4/J01/J01_R1/S4_J01_R1_IMAG0341.JPG,impala
ASG000dz72,S4/J01/J01_R1/S4_J01_R1_IMAG0348.JPG,impala
ASG000dz72,S4/J01/J01_R1/S4_J01_R1_IMAG0349.JPG,impala
ASG000dz72,S4/J01/J01_R1/S4_J01_R1_IMAG0350.JPG,impala
ASG000dz33,S4/J01/J01_R1/S4_J01_R1_IMAG0423.JPG,impala
ASG000dz33,S4/J01/J01_R1/S4_J01_R1_IMAG0424.JPG,impala
ASG000dz33,S4/J01/J01_R1/S4_J01_R1_IMAG0425.JPG,impala
ASG000dz4g,S4/J01/J01_R1/S4_J01_R1_IMAG0460.JPG,impala
ASG000dz4g,S4/J01/J01_R1/S4_J01_R1_IMAG0461.JPG,impala
ASG000dz4g,S4/J01/J01_R1/S4_J01_R1_IMAG0462.JPG,impala
ASG000dz3c,S4/J01/J01_R1/S4_J01_R1_IMAG0547.JPG,zebra
ASG000dz3c,S4/J01/J01_R1/S4_J01_R1_IMAG0548.JPG,zebra
ASG000dz3c,S4/J01/J01_R1/S4_J01_R1_IMAG0549.JPG,zebra
ASG000dz0o,S4/J01/J01_R1/S4_J01_R1_IMAG0559.JPG,impala
ASG000dz0o,S4/J01/J01_R1/S4_J01_R1_IMAG0560.JPG,impala
ASG000dz0o,S4/J01/J01_R1/S4_J01_R1_IMAG0561.JPG,impala
ASG000dz4d,S4/J01/J01_R1/S4_J01_R1_IMAG0651.JPG,buffalo
ASG000dz5p,S4/J01/J01_R1/S4_J01_R1_IMAG0741.JPG,buffalo
ASG000ey3l,S4/J02/J02_R1/S4_J02_R1_IMAG0569.JPG,zebra
ASG000ey1u,S4/J02/J02_R1/S4_J02_R1_IMAG0648.JPG,buffalo
ASG000exwo,S4/J02/J02_R1/S4_J02_R1_IMAG1290.JPG,impala
ASG000exwo,S4/J02/J02_R1/S4_J02_R1_IMAG1291.JPG,impala
ASG000exwo,S4/J02/J02_R1/S4_J02_R1_IMAG1292.JPG,impala
ASG000exxu,S4/J02/J02_R1/S4_J02_R1_IMAG1357.JPG,buffalo
ASG000ey6p,S4/J02/J02_R1/S4_J02_R1_IMAG1449.JPG,zebra
ASG000cmkc,S4/J03/J03_R1/S4_J03_R1_IMAG0105.JPG,warthog
ASG000cmkc,S4/J03/J03_R1/S4_J03_R1_IMAG0106.JPG,warthog
ASG000cmkc,S4/J03/J03_R1/S4_J03_R1_IMAG0107.JPG,warthog
ASG000cmno,S4/J03/J03_R1/S4_J03_R1_IMAG0357.JPG,warthog
ASG000cmno,S4/J03/J03_R1/S4_J03_R1_IMAG0358.JPG,warthog
ASG000cmno,S4/J03/J03_R1/S4_J03_R1_IMAG0359.JPG,warthog
ASG000cmg9,S4/J03/J03_R1/S4_J03_R1_IMAG0573.JPG,buffalo
ASG000cmg9,S4/J03/J03_R1/S4_J03_R1_IMAG0574.JPG,buffalo
ASG000cmg9,S4/J03/J03_R1/S4_J03_R1_IMAG0575.JPG,buffalo
ASG000cmr7,S4/J03/J03_R1/S4_J03_R1_IMAG0642.JPG,buffalo
ASG000cmr7,S4/J03/J03_R1/S4_J03_R1_IMAG0643.JPG,buffalo
ASG000cmr7,S4/J03/J03_R1/S4_J03_R1_IMAG0644.JPG,buffalo
ASG000cman,S4/J03/J03_R1/S4_J03_R1_IMAG0689.JPG,buffalo
ASG000cman,S4/J03/J03_R1/S4_J03_R1_IMAG0690.JPG,buffalo
ASG000cman,S4/J03/J03_R1/S4_J03_R1_IMAG0691.JPG,buffalo
ASG000cmg1,S4/J03/J03_R1/S4_J03_R1_IMAG0770.JPG,buffalo
ASG000cmg1,S4/J03/J03_R1/S4_J03_R1_IMAG0771.JPG,buffalo
ASG000cmg1,S4/J03/J03_R1/S4_J03_R1_IMAG0772.JPG,buffalo
ASG000cm93,S4/J03/J03_R1/S4_J03_R1_IMAG0786.JPG,buffalo
ASG000cm93,S4/J03/J03_R1/S4_J03_R1_IMAG0787.JPG,buffalo
ASG000cm93,S4/J03/J03_R1/S4_J03_R1_IMAG0788.JPG,buffalo
ASG000cmji,S4/J03/J03_R1/S4_J03_R1_IMAG1051.JPG,warthog
ASG000cmji,S4/J03/J03_R1/S4_J03_R1_IMAG1052.JPG,warthog
ASG000cmji,S4/J03/J03_R1/S4_J03_R1_IMAG1053.JPG,warthog
ASG000cmoh,S4/J03/J03_R1/S4_J03_R1_IMAG1136.JPG,zebra
ASG000cmoh,S4/J03/J03_R1/S4_J03_R1_IMAG1137.JPG,zebra
ASG000cmoh,S4/J03/J03_R1/S4_J03_R1_IMAG1138.JPG,zebra
ASG000cmsf,S4/J03/J03_R1/S4_J03_R1_IMAG1353.JPG,warthog
ASG000cmsf,S4/J03/J03_R1/S4_J03_R1_IMAG1354.JPG,warthog
ASG000cmsf,S4/J03/J03_R1/S4_J03_R1_IMAG1355.JPG,warthog
ASG000cmbd,S4/J03/J03_R1/S4_J03_R1_IMAG1861.JPG,buffalo
ASG000cmbd,S4/J03/J03_R1/S4_J03_R1_IMAG1862.JPG,buffalo
ASG000cmbd,S4/J03/J03_R1/S4_J03_R1_IMAG1863.JPG,buffalo
ASG000cmll,S4/J03/J03_R1/S4_J03_R1_IMAG1969.JPG,zebra
ASG000clgt,S4/J03/J03_R2/S4_J03_R2_IMAG0561.JPG,buffalo
ASG000clgt,S4/J03/J03_R2/S4_J03_R2_IMAG0562.JPG,buffalo
ASG000clgt,S4/J03/J03_R2/S4_J03_R2_IMAG0563.JPG,buffalo
ASG000cm32,S4/J03/J03_R2/S4_J03_R2_IMAG0752.JPG,gazelleGrants
ASG000cm32,S4/J03/J03_R2/S4_J03_R2_IMAG0753.JPG,gazelleGrants
ASG000cm32,S4/J03/J03_R2/S4_J03_R2_IMAG0754.JPG,gazelleGrants
ASG000clhp,S4/J03/J03_R2/S4_J03_R2_IMAG0755.JPG,gazelleGrants
ASG000clhp,S4/J03/J03_R2/S4_J03_R2_IMAG0756.JPG,gazelleGrants
ASG000clhp,S4/J03/J03_R2/S4_J03_R2_IMAG0757.JPG,gazelleGrants
ASG000cljc,S4/J03/J03_R2/S4_J03_R2_IMAG0922.JPG,giraffe
ASG000cljc,S4/J03/J03_R2/S4_J03_R2_IMAG0923.JPG,giraffe
ASG000cljc,S4/J03/J03_R2/S4_J03_R2_IMAG0924.JPG,giraffe
ASG000cm06,S4/J03/J03_R2/S4_J03_R2_IMAG0928.JPG,hartebeest
ASG000cm06,S4/J03/J03_R2/S4_J03_R2_IMAG0929.JPG,hartebeest
ASG000cm06,S4/J03/J03_R2/S4_J03_R2_IMAG0930.JPG,hartebeest
ASG000clpp,S4/J03/J03_R2/S4_J03_R2_IMAG0931.JPG,giraffe
ASG000clpp,S4/J03/J03_R2/S4_J03_R2_IMAG0932.JPG,giraffe
ASG000clpp,S4/J03/J03_R2/S4_J03_R2_IMAG0933.JPG,giraffe
ASG000clk1,S4/J03/J03_R2/S4_J03_R2_IMAG0958.JPG,giraffe
ASG000clk1,S4/J03/J03_R2/S4_J03_R2_IMAG0959.JPG,giraffe
ASG000clk1,S4/J03/J03_R2/S4_J03_R2_IMAG0960.JPG,giraffe
ASG000cli8,S4/J03/J03_R2/S4_J03_R2_IMAG1033.JPG,wildebeest
ASG000cm4i,S4/J03/J03_R2/S4_J03_R2_IMAG1068.JPG,wildebeest
ASG000cm5i,S4/J03/J03_R2/S4_J03_R2_IMAG1077.JPG,wildebeest
ASG000clsm,S4/J03/J03_R2/S4_J03_R2_IMAG1086.JPG,wildebeest
ASG000cm4w,S4/J03/J03_R2/S4_J03_R2_IMAG1094.JPG,wildebeest
ASG000cm4l,S4/J03/J03_R2/S4_J03_R2_IMAG1102.JPG,wildebeest
ASG000cliv,S4/J03/J03_R2/S4_J03_R2_IMAG1122.JPG,wildebeest
ASG000clzh,S4/J03/J03_R2/S4_J03_R2_IMAG1136.JPG,wildebeest
ASG000cltp,S4/J03/J03_R2/S4_J03_R2_IMAG1319.JPG,wildebeest
ASG000cm4k,S4/J03/J03_R2/S4_J03_R2_IMAG1331.JPG,wildebeest
ASG000clv7,S4/J03/J03_R2/S4_J03_R2_IMAG1357.JPG,wildebeest
ASG000clpv,S4/J03/J03_R2/S4_J03_R2_IMAG1475.JPG,warthog
ASG000clpv,S4/J03/J03_R2/S4_J03_R2_IMAG1476.JPG,warthog
ASG000clpv,S4/J03/J03_R2/S4_J03_R2_IMAG1477.JPG,warthog
ASG000clqp,S4/J03/J03_R2/S4_J03_R2_IMAG1490.JPG,warthog
ASG000clqp,S4/J03/J03_R2/S4_J03_R2_IMAG1491.JPG,warthog
ASG000clqp,S4/J03/J03_R2/S4_J03_R2_IMAG1492.JPG,warthog
ASG000d30v,S4/J04/J04_R2/S4_J04_R2_IMAG0278.JPG,wildebeest
ASG000d30v,S4/J04/J04_R2/S4_J04_R2_IMAG0279.JPG,wildebeest
ASG000d30v,S4/J04/J04_R2/S4_J04_R2_IMAG0280.JPG,wildebeest
ASG000d31e,S4/J04/J04_R2/S4_J04_R2_IMAG0371.JPG,wildebeest
ASG000d31e,S4/J04/J04_R2/S4_J04_R2_IMAG0372.JPG,wildebeest
ASG000d31e,S4/J04/J04_R2/S4_J04_R2_IMAG0373.JPG,wildebeest
ASG000d2xl,S4/J04/J04_R2/S4_J04_R2_IMAG0386.JPG,wildebeest
ASG000d2xl,S4/J04/J04_R2/S4_J04_R2_IMAG0387.JPG,wildebeest
ASG000d2xl,S4/J04/J04_R2/S4_J04_R2_IMAG0388.JPG,wildebeest
ASG000d31j,S4/J04/J04_R2/S4_J04_R2_IMAG0404.JPG,wildebeest
ASG000d31j,S4/J04/J04_R2/S4_J04_R2_IMAG0405.JPG,wildebeest
ASG000d31j,S4/J04/J04_R2/S4_J04_R2_IMAG0406.JPG,wildebeest
ASG000d2xk,S4/J04/J04_R2/S4_J04_R2_IMAG0419.JPG,wildebeest
ASG000d2xk,S4/J04/J04_R2/S4_J04_R2_IMAG0420.JPG,wildebeest
ASG000d2xk,S4/J04/J04_R2/S4_J04_R2_IMAG0421.JPG,wildebeest
ASG000d2xt,S4/J04/J04_R2/S4_J04_R2_IMAG0452.JPG,wildebeest
ASG000d2xt,S4/J04/J04_R2/S4_J04_R2_IMAG0453.JPG,wildebeest
ASG000d2xt,S4/J04/J04_R2/S4_J04_R2_IMAG0454.JPG,wildebeest
ASG000d32a,S4/J04/J04_R2/S4_J04_R2_IMAG0470.JPG,wildebeest
ASG000d32a,S4/J04/J04_R2/S4_J04_R2_IMAG0471.JPG,wildebeest
ASG000d32a,S4/J04/J04_R2/S4_J04_R2_IMAG0472.JPG,wildebeest
ASG000d346,S4/J04/J04_R2/S4_J04_R2_IMAG0512.JPG,wildebeest
ASG000d2zp,S4/J04/J04_R2/S4_J04_R2_IMAG0531.JPG,buffalo
ASG000d2zp,S4/J04/J04_R2/S4_J04_R2_IMAG0532.JPG,buffalo
ASG000d2zp,S4/J04/J04_R2/S4_J04_R2_IMAG0533.JPG,buffalo
ASG000ewmj,S4/J05/J05_R1/S4_J05_R1_IMAG0131.JPG,giraffe
ASG000ewmj,S4/J05/J05_R1/S4_J05_R1_IMAG0132.JPG,giraffe
ASG000ewmj,S4/J05/J05_R1/S4_J05_R1_IMAG0133.JPG,giraffe
ASG000ewoq,S4/J05/J05_R1/S4_J05_R1_IMAG0148.JPG,warthog
ASG000ewoq,S4/J05/J05_R1/S4_J05_R1_IMAG0149.JPG,warthog
ASG000ewoq,S4/J05/J05_R1/S4_J05_R1_IMAG0150.JPG,warthog
ASG000ewqe,S4/J05/J05_R1/S4_J05_R1_IMAG0233.JPG,gazelleGrants
ASG000ewqe,S4/J05/J05_R1/S4_J05_R1_IMAG0234.JPG,gazelleGrants
ASG000ewqe,S4/J05/J05_R1/S4_J05_R1_IMAG0235.JPG,gazelleGrants
ASG000ewg7,S4/J05/J05_R1/S4_J05_R1_IMAG0251.JPG,gazelleGrants
ASG000ewg7,S4/J05/J05_R1/S4_J05_R1_IMAG0252.JPG,gazelleGrants
ASG000ewg7,S4/J05/J05_R1/S4_J05_R1_IMAG0253.JPG,gazelleGrants
ASG000ewrj,S4/J05/J05_R1/S4_J05_R1_IMAG0272.JPG,gazelleGrants
ASG000ewrj,S4/J05/J05_R1/S4_J05_R1_IMAG0273.JPG,gazelleGrants
ASG000ewrj,S4/J05/J05_R1/S4_J05_R1_IMAG0274.JPG,gazelleGrants
ASG000ewk2,S4/J05/J05_R1/S4_J05_R1_IMAG0432.JPG,buffalo
ASG000ewk2,S4/J05/J05_R1/S4_J05_R1_IMAG0433.JPG,buffalo
ASG000ewk2,S4/J05/J05_R1/S4_J05_R1_IMAG0434.JPG,buffalo
ASG000ewai,S4/J05/J05_R1/S4_J05_R1_IMAG0498.JPG,wildebeest
ASG000ewai,S4/J05/J05_R1/S4_J05_R1_IMAG0499.JPG,wildebeest
ASG000ewai,S4/J05/J05_R1/S4_J05_R1_IMAG0500.JPG,wildebeest
ASG000ewpx,S4/J05/J05_R1/S4_J05_R1_IMAG0537.JPG,wildebeest
ASG000ewpx,S4/J05/J05_R1/S4_J05_R1_IMAG0538.JPG,wildebeest
ASG000ewpx,S4/J05/J05_R1/S4_J05_R1_IMAG0539.JPG,wildebeest
ASG000ewgn,S4/J05/J05_R1/S4_J05_R1_IMAG0558.JPG,wildebeest
ASG000ewgn,S4/J05/J05_R1/S4_J05_R1_IMAG0559.JPG,wildebeest
ASG000ewgn,S4/J05/J05_R1/S4_J05_R1_IMAG0560.JPG,wildebeest
ASG000ewj1,S4/J05/J05_R1/S4_J05_R1_IMAG0606.JPG,wildebeest
ASG000ewj1,S4/J05/J05_R1/S4_J05_R1_IMAG0607.JPG,wildebeest
ASG000ewj1,S4/J05/J05_R1/S4_J05_R1_IMAG0608.JPG,wildebeest
ASG000ewao,S4/J05/J05_R1/S4_J05_R1_IMAG0615.JPG,wildebeest
ASG000ewao,S4/J05/J05_R1/S4_J05_R1_IMAG0616.JPG,wildebeest
ASG000ewao,S4/J05/J05_R1/S4_J05_R1_IMAG0617.JPG,wildebeest
ASG000ewmn,S4/J05/J05_R1/S4_J05_R1_IMAG0804.JPG,wildebeest
ASG000ewmn,S4/J05/J05_R1/S4_J05_R1_IMAG0805.JPG,wildebeest
ASG000ewmn,S4/J05/J05_R1/S4_J05_R1_IMAG0806.JPG,wildebeest
ASG000ew9u,S4/J05/J05_R1/S4_J05_R1_IMAG0849.JPG,wildebeest
ASG000ew9u,S4/J05/J05_R1/S4_J05_R1_IMAG0850.JPG,wildebeest
ASG000ew9u,S4/J05/J05_R1/S4_J05_R1_IMAG0851.JPG,wildebeest
ASG000ewrf,S4/J05/J05_R1/S4_J05_R1_IMAG0852.JPG,wildebeest
ASG000ewrf,S4/J05/J05_R1/S4_J05_R1_IMAG0853.JPG,wildebeest
ASG000ewrf,S4/J05/J05_R1/S4_J05_R1_IMAG0854.JPG,wildebeest
ASG000ewew,S4/J05/J05_R1/S4_J05_R1_IMAG0864.JPG,wildebeest
ASG000ewew,S4/J05/J05_R1/S4_J05_R1_IMAG0865.JPG,wildebeest
ASG000ewew,S4/J05/J05_R1/S4_J05_R1_IMAG0866.JPG,wildebeest
ASG000ewpd,S4/J05/J05_R1/S4_J05_R1_IMAG0876.JPG,wildebeest
ASG000ewpd,S4/J05/J05_R1/S4_J05_R1_IMAG0877.JPG,wildebeest
ASG000ewpd,S4/J05/J05_R1/S4_J05_R1_IMAG0878.JPG,wildebeest
ASG000ew9m,S4/J05/J05_R1/S4_J05_R1_IMAG0909.JPG,wildebeest
ASG000ew9m,S4/J05/J05_R1/S4_J05_R1_IMAG0910.JPG,wildebeest
ASG000ew9m,S4/J05/J05_R1/S4_J05_R1_IMAG0911.JPG,wildebeest
ASG000ewfr,S4/J05/J05_R1/S4_J05_R1_IMAG0951.JPG,wildebeest
ASG000ewfr,S4/J05/J05_R1/S4_J05_R1_IMAG0952.JPG,wildebeest
ASG000ewfr,S4/J05/J05_R1/S4_J05_R1_IMAG0953.JPG,wildebeest
ASG000ewg2,S4/J05/J05_R1/S4_J05_R1_IMAG0954.JPG,wildebeest
ASG000ewg2,S4/J05/J05_R1/S4_J05_R1_IMAG0955.JPG,wildebeest
ASG000ewg2,S4/J05/J05_R1/S4_J05_R1_IMAG0956.JPG,wildebeest
ASG000ewmx,S4/J05/J05_R1/S4_J05_R1_IMAG0984.JPG,wildebeest
ASG000ewmx,S4/J05/J05_R1/S4_J05_R1_IMAG0985.JPG,wildebeest
ASG000ewmx,S4/J05/J05_R1/S4_J05_R1_IMAG0986.JPG,wildebeest
ASG000ewhe,S4/J05/J05_R1/S4_J05_R1_IMAG0999.JPG,wildebeest
ASG000ewhe,S4/J05/J05_R1/S4_J05_R1_IMAG1000.JPG,wildebeest
ASG000ewhe,S4/J05/J05_R1/S4_J05_R1_IMAG1001.JPG,wildebeest
ASG000ewky,S4/J05/J05_R1/S4_J05_R1_IMAG1011.JPG,wildebeest
ASG000ewky,S4/J05/J05_R1/S4_J05_R1_IMAG1012.JPG,wildebeest
ASG000ewky,S4/J05/J05_R1/S4_J05_R1_IMAG1013.JPG,wildebeest
ASG000ewjd,S4/J05/J05_R1/S4_J05_R1_IMAG1044.JPG,wildebeest
ASG000ewjd,S4/J05/J05_R1/S4_J05_R1_IMAG1045.JPG,wildebeest
ASG000ewjd,S4/J05/J05_R1/S4_J05_R1_IMAG1046.JPG,wildebeest
ASG000ewrn,S4/J05/J05_R1/S4_J05_R1_IMAG1053.JPG,wildebeest
ASG000ewrn,S4/J05/J05_R1/S4_J05_R1_IMAG1054.JPG,wildebeest
ASG000ewrn,S4/J05/J05_R1/S4_J05_R1_IMAG1055.JPG,wildebeest
ASG000ewap,S4/J05/J05_R1/S4_J05_R1_IMAG1056.JPG,wildebeest
ASG000ewap,S4/J05/J05_R1/S4_J05_R1_IMAG1057.JPG,wildebeest
ASG000ewap,S4/J05/J05_R1/S4_J05_R1_IMAG1058.JPG,wildebeest
ASG000ewdz,S4/J05/J05_R1/S4_J05_R1_IMAG1146.JPG,wildebeest
ASG000ewdz,S4/J05/J05_R1/S4_J05_R1_IMAG1147.JPG,wildebeest
ASG000ewdz,S4/J05/J05_R1/S4_J05_R1_IMAG1148.JPG,wildebeest
ASG000ew9n,S4/J05/J05_R1/S4_J05_R1_IMAG1173.JPG,wildebeest
ASG000ew9n,S4/J05/J05_R1/S4_J05_R1_IMAG1174.JPG,wildebeest
ASG000ew9n,S4/J05/J05_R1/S4_J05_R1_IMAG1175.JPG,wildebeest
ASG000ewic,S4/J05/J05_R1/S4_J05_R1_IMAG1200.JPG,wildebeest
ASG000ewic,S4/J05/J05_R1/S4_J05_R1_IMAG1201.JPG,wildebeest
ASG000ewic,S4/J05/J05_R1/S4_J05_R1_IMAG1202.JPG,wildebeest
ASG000ewim,S4/J05/J05_R1/S4_J05_R1_IMAG1356.JPG,wildebeest
ASG000ewim,S4/J05/J05_R1/S4_J05_R1_IMAG1357.JPG,wildebeest
ASG000ewim,S4/J05/J05_R1/S4_J05_R1_IMAG1358.JPG,wildebeest
ASG000ewmw,S4/J05/J05_R1/S4_J05_R1_IMAG1365.JPG,wildebeest
ASG000ewmw,S4/J05/J05_R1/S4_J05_R1_IMAG1366.JPG,wildebeest
ASG000ewmw,S4/J05/J05_R1/S4_J05_R1_IMAG1367.JPG,wildebeest
ASG000ewec,S4/J05/J05_R1/S4_J05_R1_IMAG1374.JPG,wildebeest
ASG000ewec,S4/J05/J05_R1/S4_J05_R1_IMAG1375.JPG,wildebeest
ASG000ewec,S4/J05/J05_R1/S4_J05_R1_IMAG1376.JPG,wildebeest
ASG000ewe2,S4/J05/J05_R1/S4_J05_R1_IMAG1401.JPG,wildebeest
ASG000ewe2,S4/J05/J05_R1/S4_J05_R1_IMAG1402.JPG,wildebeest
ASG000ewe2,S4/J05/J05_R1/S4_J05_R1_IMAG1403.JPG,wildebeest
ASG000ewlz,S4/J05/J05_R1/S4_J05_R1_IMAG1505.JPG,zebra
ASG000ewlz,S4/J05/J05_R1/S4_J05_R1_IMAG1506.JPG,zebra
ASG000ewlz,S4/J05/J05_R1/S4_J05_R1_IMAG1507.JPG,zebra
ASG000ewlf,S4/J05/J05_R1/S4_J05_R1_IMAG1561.JPG,warthog
ASG000ewlf,S4/J05/J05_R1/S4_J05_R1_IMAG1562.JPG,warthog
ASG000ewlf,S4/J05/J05_R1/S4_J05_R1_IMAG1563.JPG,warthog
ASG000ewrs,S4/J05/J05_R1/S4_J05_R1_IMAG1564.JPG,giraffe
ASG000ewiz,S4/J05/J05_R1/S4_J05_R1_IMAG1571.JPG,gazelleGrants
ASG000ewob,S4/J05/J05_R1/S4_J05_R1_IMAG1572.JPG,elephant
ASG000ewob,S4/J05/J05_R1/S4_J05_R1_IMAG1573.JPG,elephant
ASG000ewob,S4/J05/J05_R1/S4_J05_R1_IMAG1574.JPG,elephant
ASG000ewde,S4/J05/J05_R1/S4_J05_R1_IMAG1584.JPG,buffalo
ASG000ewde,S4/J05/J05_R1/S4_J05_R1_IMAG1585.JPG,buffalo
ASG000ewde,S4/J05/J05_R1/S4_J05_R1_IMAG1586.JPG,buffalo
ASG000ewcz,S4/J05/J05_R1/S4_J05_R1_IMAG1644.JPG,buffalo
ASG000ewcz,S4/J05/J05_R1/S4_J05_R1_IMAG1645.JPG,buffalo
ASG000ewcz,S4/J05/J05_R1/S4_J05_R1_IMAG1646.JPG,buffalo
ASG000ewl5,S4/J05/J05_R1/S4_J05_R1_IMAG1695.JPG,buffalo
ASG000ewl5,S4/J05/J05_R1/S4_J05_R1_IMAG1696.JPG,buffalo
ASG000ewl5,S4/J05/J05_R1/S4_J05_R1_IMAG1697.JPG,buffalo
ASG000ewe7,S4/J05/J05_R1/S4_J05_R1_IMAG1713.JPG,buffalo
ASG000ewe7,S4/J05/J05_R1/S4_J05_R1_IMAG1714.JPG,buffalo
ASG000ewe7,S4/J05/J05_R1/S4_J05_R1_IMAG1715.JPG,buffalo
ASG000ewm2,S4/J05/J05_R1/S4_J05_R1_IMAG1734.JPG,buffalo
ASG000ewm2,S4/J05/J05_R1/S4_J05_R1_IMAG1735.JPG,buffalo
ASG000ewm2,S4/J05/J05_R1/S4_J05_R1_IMAG1736.JPG,buffalo
ASG000ewjc,S4/J05/J05_R1/S4_J05_R1_IMAG1740.JPG,buffalo
ASG000ewjc,S4/J05/J05_R1/S4_J05_R1_IMAG1741.JPG,buffalo
ASG000ewjc,S4/J05/J05_R1/S4_J05_R1_IMAG1742.JPG,buffalo
ASG000ewci,S4/J05/J05_R1/S4_J05_R1_IMAG1803.JPG,buffalo
ASG000ewci,S4/J05/J05_R1/S4_J05_R1_IMAG1804.JPG,buffalo
ASG000ewci,S4/J05/J05_R1/S4_J05_R1_IMAG1805.JPG,buffalo
ASG000ew7g,S4/J05/J05_R2/S4_J05_R2_IMAG0092.JPG,wildebeest
ASG000ew74,S4/J05/J05_R2/S4_J05_R2_IMAG0142.JPG,wildebeest
ASG000ew7w,S4/J05/J05_R2/S4_J05_R2_IMAG0195.JPG,wildebeest
ASG000ew7w,S4/J05/J05_R2/S4_J05_R2_IMAG0196.JPG,wildebeest
ASG000ew7w,S4/J05/J05_R2/S4_J05_R2_IMAG0197.JPG,wildebeest
ASG000dvil,S4/J06/J06_R1/S4_J06_R1_IMAG0132.JPG,zebra
ASG000dvfi,S4/J06/J06_R1/S4_J06_R1_IMAG0136.JPG,zebra
ASG000dvg4,S4/J06/J06_R1/S4_J06_R1_IMAG0234.JPG,zebra
ASG000dvg4,S4/J06/J06_R1/S4_J06_R1_IMAG0235.JPG,zebra
ASG000dvg4,S4/J06/J06_R1/S4_J06_R1_IMAG0236.JPG,zebra
ASG000dvdy,S4/J06/J06_R1/S4_J06_R1_IMAG0276.JPG,wildebeest
ASG000dvdy,S4/J06/J06_R1/S4_J06_R1_IMAG0277.JPG,wildebeest
ASG000dvdy,S4/J06/J06_R1/S4_J06_R1_IMAG0278.JPG,wildebeest
ASG000dvcx,S4/J06/J06_R1/S4_J06_R1_IMAG0294.JPG,wildebeest
ASG000dvcx,S4/J06/J06_R1/S4_J06_R1_IMAG0295.JPG,wildebeest
ASG000dvcx,S4/J06/J06_R1/S4_J06_R1_IMAG0296.JPG,wildebeest
ASG000dvcs,S4/J06/J06_R1/S4_J06_R1_IMAG0360.JPG,wildebeest
ASG000dvcs,S4/J06/J06_R1/S4_J06_R1_IMAG0361.JPG,wildebeest
ASG000dvcs,S4/J06/J06_R1/S4_J06_R1_IMAG0362.JPG,wildebeest
ASG000dvep,S4/J06/J06_R1/S4_J06_R1_IMAG0497.JPG,zebra
ASG000dvep,S4/J06/J06_R1/S4_J06_R1_IMAG0498.JPG,zebra
ASG000dvep,S4/J06/J06_R1/S4_J06_R1_IMAG0499.JPG,zebra
ASG000dval,S4/J06/J06_R2/S4_J06_R2_IMAG0042.JPG,wildebeest
ASG000dval,S4/J06/J06_R2/S4_J06_R2_IMAG0043.JPG,wildebeest
ASG000dval,S4/J06/J06_R2/S4_J06_R2_IMAG0044.JPG,wildebeest
ASG000dv9b,S4/J06/J06_R2/S4_J06_R2_IMAG0129.JPG,wildebeest
ASG000dv9b,S4/J06/J06_R2/S4_J06_R2_IMAG0130.JPG,wildebeest
ASG000dv9b,S4/J06/J06_R2/S4_J06_R2_IMAG0131.JPG,wildebeest
ASG000dv9s,S4/J06/J06_R2/S4_J06_R2_IMAG0243.JPG,wildebeest
ASG000dv9s,S4/J06/J06_R2/S4_J06_R2_IMAG0244.JPG,wildebeest
ASG000dv9s,S4/J06/J06_R2/S4_J06_R2_IMAG0245.JPG,wildebeest
ASG000dvc6,S4/J06/J06_R2/S4_J06_R2_IMAG0249.JPG,wildebeest
ASG000dvc6,S4/J06/J06_R2/S4_J06_R2_IMAG0250.JPG,wildebeest
ASG000dvc6,S4/J06/J06_R2/S4_J06_R2_IMAG0251.JPG,wildebeest
ASG000dv9g,S4/J06/J06_R2/S4_J06_R2_IMAG0255.JPG,wildebeest
ASG000dv9g,S4/J06/J06_R2/S4_J06_R2_IMAG0256.JPG,wildebeest
ASG000dv9g,S4/J06/J06_R2/S4_J06_R2_IMAG0257.JPG,wildebeest
ASG000dvbd,S4/J06/J06_R2/S4_J06_R2_IMAG0293.JPG,wildebeest
ASG000bsc5,S4/J07/J07_R2/S4_J07_R2_IMAG1366.JPG,wildebeest
ASG000exbk,S4/J08/J08_R1/S4_J08_R1_IMAG0829.JPG,zebra
ASG000exen,S4/J08/J08_R1/S4_J08_R1_IMAG0831.JPG,zebra
ASG000cn7o,S4/J09/J09_R1/S4_J09_R1_IMAG0207.JPG,elephant
ASG000cn7o,S4/J09/J09_R1/S4_J09_R1_IMAG0208.JPG,elephant
ASG000cn7o,S4/J09/J09_R1/S4_J09_R1_IMAG0209.JPG,elephant
ASG000cmuw,S4/J09/J09_R1/S4_J09_R1_IMAG1164.JPG,elephant
ASG000cmuw,S4/J09/J09_R1/S4_J09_R1_IMAG1165.JPG,elephant
ASG000cmuw,S4/J09/J09_R1/S4_J09_R1_IMAG1166.JPG,elephant
ASG000c8z6,S4/J10/J10_R1/S4_J10_R1_IMAG0650.JPG,buffalo
ASG000c8z6,S4/J10/J10_R1/S4_J10_R1_IMAG0651.JPG,buffalo
ASG000c8z6,S4/J10/J10_R1/S4_J10_R1_IMAG0652.JPG,buffalo
ASG000c8pm,S4/J10/J10_R1/S4_J10_R1_IMAG0725.JPG,buffalo
ASG000c8pm,S4/J10/J10_R1/S4_J10_R1_IMAG0726.JPG,buffalo
ASG000c8pm,S4/J10/J10_R1/S4_J10_R1_IMAG0727.JPG,buffalo
ASG000c8t5,S4/J10/J10_R1/S4_J10_R1_IMAG0738.JPG,buffalo
ASG000c8t5,S4/J10/J10_R1/S4_J10_R1_IMAG0739.JPG,buffalo
ASG000c8t5,S4/J10/J10_R1/S4_J10_R1_IMAG0740.JPG,buffalo
ASG000c8nn,S4/J10/J10_R1/S4_J10_R1_IMAG0768.JPG,buffalo
ASG000c8nn,S4/J10/J10_R1/S4_J10_R1_IMAG0769.JPG,buffalo
ASG000c8nn,S4/J10/J10_R1/S4_J10_R1_IMAG0770.JPG,buffalo
ASG000c93o,S4/J10/J10_R1/S4_J10_R1_IMAG0833.JPG,buffalo
ASG000c93o,S4/J10/J10_R1/S4_J10_R1_IMAG0834.JPG,buffalo
ASG000c93o,S4/J10/J10_R1/S4_J10_R1_IMAG0835.JPG,buffalo
ASG000c90a,S4/J10/J10_R1/S4_J10_R1_IMAG0905.JPG,buffalo
ASG000c90a,S4/J10/J10_R1/S4_J10_R1_IMAG0906.JPG,buffalo
ASG000c90a,S4/J10/J10_R1/S4_J10_R1_IMAG0907.JPG,buffalo
ASG000c8mh,S4/J10/J10_R1/S4_J10_R1_IMAG0950.JPG,buffalo
ASG000c8mh,S4/J10/J10_R1/S4_J10_R1_IMAG0951.JPG,buffalo
ASG000c8mh,S4/J10/J10_R1/S4_J10_R1_IMAG0952.JPG,buffalo
ASG000c93g,S4/J10/J10_R1/S4_J10_R1_IMAG1208.JPG,buffalo
ASG000c93g,S4/J10/J10_R1/S4_J10_R1_IMAG1209.JPG,buffalo
ASG000c93g,S4/J10/J10_R1/S4_J10_R1_IMAG1210.JPG,buffalo
ASG000c8xm,S4/J10/J10_R1/S4_J10_R1_IMAG1220.JPG,buffalo
ASG000c8xm,S4/J10/J10_R1/S4_J10_R1_IMAG1221.JPG,buffalo
ASG000c8xm,S4/J10/J10_R1/S4_J10_R1_IMAG1222.JPG,buffalo
ASG000c8pt,S4/J10/J10_R1/S4_J10_R1_IMAG1328.JPG,buffalo
ASG000c8pt,S4/J10/J10_R1/S4_J10_R1_IMAG1329.JPG,buffalo
ASG000c8pt,S4/J10/J10_R1/S4_J10_R1_IMAG1330.JPG,buffalo
ASG000c8ra,S4/J10/J10_R1/S4_J10_R1_IMAG1664.JPG,buffalo
ASG000c8ra,S4/J10/J10_R1/S4_J10_R1_IMAG1665.JPG,buffalo
ASG000c8ra,S4/J10/J10_R1/S4_J10_R1_IMAG1666.JPG,buffalo
ASG000c8xt,S4/J10/J10_R1/S4_J10_R1_IMAG1791.JPG,elephant
ASG000c8xt,S4/J10/J10_R1/S4_J10_R1_IMAG1792.JPG,elephant
ASG000c8xt,S4/J10/J10_R1/S4_J10_R1_IMAG1793.JPG,elephant
ASG000c8pr,S4/J10/J10_R1/S4_J10_R1_IMAG1974.JPG,buffalo
ASG000c8pr,S4/J10/J10_R1/S4_J10_R1_IMAG1975.JPG,buffalo
ASG000c8pr,S4/J10/J10_R1/S4_J10_R1_IMAG1976.JPG,buffalo
ASG000c8xr,S4/J10/J10_R1/S4_J10_R1_IMAG2022.JPG,zebra
ASG000c8xr,S4/J10/J10_R1/S4_J10_R1_IMAG2023.JPG,zebra
ASG000c8xr,S4/J10/J10_R1/S4_J10_R1_IMAG2024.JPG,zebra
ASG000c91k,S4/J10/J10_R1/S4_J10_R1_IMAG2052.JPG,zebra
ASG000c91k,S4/J10/J10_R1/S4_J10_R1_IMAG2053.JPG,zebra
ASG000c91k,S4/J10/J10_R1/S4_J10_R1_IMAG2054.JPG,zebra
ASG000c8ya,S4/J10/J10_R1/S4_J10_R1_IMAG2070.JPG,zebra
ASG000c8ya,S4/J10/J10_R1/S4_J10_R1_IMAG2071.JPG,zebra
ASG000c8ya,S4/J10/J10_R1/S4_J10_R1_IMAG2072.JPG,zebra
ASG000c90j,S4/J10/J10_R1/S4_J10_R1_IMAG2266.JPG,buffalo
ASG000c90j,S4/J10/J10_R1/S4_J10_R1_IMAG2267.JPG,buffalo
ASG000c90j,S4/J10/J10_R1/S4_J10_R1_IMAG2268.JPG,buffalo
ASG000c8ij,S4/J10/J10_R2/S4_J10_R2_IMAG0132.JPG,wildebeest
ASG000c8ij,S4/J10/J10_R2/S4_J10_R2_IMAG0133.JPG,wildebeest
ASG000c8ij,S4/J10/J10_R2/S4_J10_R2_IMAG0134.JPG,wildebeest
ASG000c8i9,S4/J10/J10_R2/S4_J10_R2_IMAG0138.JPG,wildebeest
ASG000c8i9,S4/J10/J10_R2/S4_J10_R2_IMAG0139.JPG,wildebeest
ASG000c8i9,S4/J10/J10_R2/S4_J10_R2_IMAG0140.JPG,wildebeest
ASG000c8jf,S4/J10/J10_R2/S4_J10_R2_IMAG0141.JPG,wildebeest
ASG000c8jf,S4/J10/J10_R2/S4_J10_R2_IMAG0142.JPG,wildebeest
ASG000c8jf,S4/J10/J10_R2/S4_J10_R2_IMAG0143.JPG,wildebeest
ASG000f878,S4/J11/J11_R1/S4_J11_R1_IMAG1230.JPG,buffalo
ASG000f878,S4/J11/J11_R1/S4_J11_R1_IMAG1231.JPG,buffalo
ASG000f878,S4/J11/J11_R1/S4_J11_R1_IMAG1232.JPG,buffalo
ASG000f882,S4/J11/J11_R1/S4_J11_R1_IMAG1275.JPG,buffalo
ASG000f882,S4/J11/J11_R1/S4_J11_R1_IMAG1276.JPG,buffalo
ASG000f882,S4/J11/J11_R1/S4_J11_R1_IMAG1277.JPG,buffalo
ASG000f7yx,S4/J11/J11_R1/S4_J11_R1_IMAG1362.JPG,buffalo
ASG000f7yx,S4/J11/J11_R1/S4_J11_R1_IMAG1363.JPG,buffalo
ASG000f7yx,S4/J11/J11_R1/S4_J11_R1_IMAG1364.JPG,buffalo
ASG000f8e4,S4/J11/J11_R1/S4_J11_R1_IMAG1416.JPG,buffalo
ASG000f8e4,S4/J11/J11_R1/S4_J11_R1_IMAG1417.JPG,buffalo
ASG000f8e4,S4/J11/J11_R1/S4_J11_R1_IMAG1418.JPG,buffalo
ASG000f88d,S4/J11/J11_R1/S4_J11_R1_IMAG1431.JPG,buffalo
ASG000f88d,S4/J11/J11_R1/S4_J11_R1_IMAG1432.JPG,buffalo
ASG000f88d,S4/J11/J11_R1/S4_J11_R1_IMAG1433.JPG,buffalo
ASG000f88n,S4/J11/J11_R1/S4_J11_R1_IMAG1434.JPG,buffalo
ASG000f88n,S4/J11/J11_R1/S4_J11_R1_IMAG1435.JPG,buffalo
ASG000f88n,S4/J11/J11_R1/S4_J11_R1_IMAG1436.JPG,buffalo
ASG000f87g,S4/J11/J11_R1/S4_J11_R1_IMAG1590.JPG,buffalo
ASG000f87g,S4/J11/J11_R1/S4_J11_R1_IMAG1591.JPG,buffalo
ASG000f87g,S4/J11/J11_R1/S4_J11_R1_IMAG1592.JPG,buffalo
ASG000e8wf,S4/J12/J12_R1/S4_J12_R1_IMAG0219.JPG,gazelleThomsons
ASG000e8wf,S4/J12/J12_R1/S4_J12_R1_IMAG0220.JPG,gazelleThomsons
ASG000e8wf,S4/J12/J12_R1/S4_J12_R1_IMAG0221.JPG,gazelleThomsons
ASG000e989,S4/J12/J12_R2/S4_J12_R2_IMAG6179.JPG,zebra
ASG000e946,S4/J12/J12_R2/S4_J12_R2_IMAG6274.JPG,wildebeest
ASG000e946,S4/J12/J12_R2/S4_J12_R2_IMAG6275.JPG,wildebeest
ASG000e946,S4/J12/J12_R2/S4_J12_R2_IMAG6276.JPG,wildebeest
ASG000e925,S4/J12/J12_R2/S4_J12_R2_IMAG6280.JPG,wildebeest
ASG000e925,S4/J12/J12_R2/S4_J12_R2_IMAG6281.JPG,wildebeest
ASG000e925,S4/J12/J12_R2/S4_J12_R2_IMAG6282.JPG,wildebeest
ASG000e93y,S4/J12/J12_R2/S4_J12_R2_IMAG6355.JPG,wildebeest
ASG000e93y,S4/J12/J12_R2/S4_J12_R2_IMAG6356.JPG,wildebeest
ASG000e93y,S4/J12/J12_R2/S4_J12_R2_IMAG6357.JPG,wildebeest
ASG000e955,S4/J12/J12_R2/S4_J12_R2_IMAG6370.JPG,wildebeest
ASG000e955,S4/J12/J12_R2/S4_J12_R2_IMAG6371.JPG,wildebeest
ASG000e955,S4/J12/J12_R2/S4_J12_R2_IMAG6372.JPG,wildebeest
ASG000e91i,S4/J12/J12_R2/S4_J12_R2_IMAG6388.JPG,wildebeest
ASG000e91i,S4/J12/J12_R2/S4_J12_R2_IMAG6389.JPG,wildebeest
ASG000e91i,S4/J12/J12_R2/S4_J12_R2_IMAG6390.JPG,wildebeest
ASG000e95e,S4/J12/J12_R2/S4_J12_R2_IMAG6391.JPG,wildebeest
ASG000e95e,S4/J12/J12_R2/S4_J12_R2_IMAG6392.JPG,wildebeest
ASG000e95e,S4/J12/J12_R2/S4_J12_R2_IMAG6393.JPG,wildebeest
ASG000e959,S4/J12/J12_R2/S4_J12_R2_IMAG6394.JPG,wildebeest
ASG000e959,S4/J12/J12_R2/S4_J12_R2_IMAG6395.JPG,wildebeest
ASG000e959,S4/J12/J12_R2/S4_J12_R2_IMAG6396.JPG,wildebeest
ASG000e97k,S4/J12/J12_R2/S4_J12_R2_IMAG6406.JPG,wildebeest
ASG000e97k,S4/J12/J12_R2/S4_J12_R2_IMAG6407.JPG,wildebeest
ASG000e97k,S4/J12/J12_R2/S4_J12_R2_IMAG6408.JPG,wildebeest
ASG000e981,S4/J12/J12_R2/S4_J12_R2_IMAG6433.JPG,wildebeest
ASG000e981,S4/J12/J12_R2/S4_J12_R2_IMAG6434.JPG,wildebeest
ASG000e981,S4/J12/J12_R2/S4_J12_R2_IMAG6435.JPG,wildebeest
ASG000e94s,S4/J12/J12_R2/S4_J12_R2_IMAG6451.JPG,wildebeest
ASG000e94s,S4/J12/J12_R2/S4_J12_R2_IMAG6452.JPG,wildebeest
ASG000e94s,S4/J12/J12_R2/S4_J12_R2_IMAG6453.JPG,wildebeest
ASG000e92w,S4/J12/J12_R2/S4_J12_R2_IMAG6541.JPG,wildebeest
ASG000e92w,S4/J12/J12_R2/S4_J12_R2_IMAG6542.JPG,wildebeest
ASG000e92w,S4/J12/J12_R2/S4_J12_R2_IMAG6543.JPG,wildebeest
ASG000e91j,S4/J12/J12_R2/S4_J12_R2_IMAG6568.JPG,wildebeest
ASG000e91j,S4/J12/J12_R2/S4_J12_R2_IMAG6569.JPG,wildebeest
ASG000e91j,S4/J12/J12_R2/S4_J12_R2_IMAG6570.JPG,wildebeest
ASG000e98d,S4/J12/J12_R2/S4_J12_R2_IMAG6597.JPG,zebra
ASG000d3jj,S4/K03/K03_R2/S4_K03_R2_IMAG0052.JPG,hartebeest
ASG000d3jj,S4/K03/K03_R2/S4_K03_R2_IMAG0053.JPG,hartebeest
ASG000d3jj,S4/K03/K03_R2/S4_K03_R2_IMAG0054.JPG,hartebeest
ASG000d3c8,S4/K03/K03_R2/S4_K03_R2_IMAG0106.JPG,impala
ASG000d3c8,S4/K03/K03_R2/S4_K03_R2_IMAG0107.JPG,impala
ASG000d3c8,S4/K03/K03_R2/S4_K03_R2_IMAG0108.JPG,impala
ASG000d3az,S4/K03/K03_R2/S4_K03_R2_IMAG0190.JPG,impala
ASG000d3az,S4/K03/K03_R2/S4_K03_R2_IMAG0191.JPG,impala
ASG000d3az,S4/K03/K03_R2/S4_K03_R2_IMAG0192.JPG,impala
ASG000d3ah,S4/K03/K03_R2/S4_K03_R2_IMAG0223.JPG,impala
ASG000d3ah,S4/K03/K03_R2/S4_K03_R2_IMAG0224.JPG,impala
ASG000d3ah,S4/K03/K03_R2/S4_K03_R2_IMAG0225.JPG,impala
ASG000d3ge,S4/K03/K03_R2/S4_K03_R2_IMAG0235.JPG,impala
ASG000d3ge,S4/K03/K03_R2/S4_K03_R2_IMAG0236.JPG,impala
ASG000d3ge,S4/K03/K03_R2/S4_K03_R2_IMAG0237.JPG,impala
ASG000d3b5,S4/K03/K03_R2/S4_K03_R2_IMAG0250.JPG,impala
ASG000d3b5,S4/K03/K03_R2/S4_K03_R2_IMAG0251.JPG,impala
ASG000d3b5,S4/K03/K03_R2/S4_K03_R2_IMAG0252.JPG,impala
ASG000d3h6,S4/K03/K03_R2/S4_K03_R2_IMAG0378.JPG,impala
ASG000d3h6,S4/K03/K03_R2/S4_K03_R2_IMAG0379.JPG,impala
ASG000d3h6,S4/K03/K03_R2/S4_K03_R2_IMAG0380.JPG,impala
ASG000d3bh,S4/K03/K03_R2/S4_K03_R2_IMAG0435.JPG,zebra
ASG000d3bh,S4/K03/K03_R2/S4_K03_R2_IMAG0436.JPG,zebra
ASG000d3bh,S4/K03/K03_R2/S4_K03_R2_IMAG0437.JPG,zebra
ASG000d3f3,S4/K03/K03_R2/S4_K03_R2_IMAG0460.JPG,wildebeest
ASG000d3f3,S4/K03/K03_R2/S4_K03_R2_IMAG0461.JPG,wildebeest
ASG000d3f3,S4/K03/K03_R2/S4_K03_R2_IMAG0462.JPG,wildebeest
ASG000d3fe,S4/K03/K03_R2/S4_K03_R2_IMAG0495.JPG,buffalo
ASG000d3be,S4/K03/K03_R2/S4_K03_R2_IMAG0513.JPG,wildebeest
ASG000d3be,S4/K03/K03_R2/S4_K03_R2_IMAG0514.JPG,wildebeest
ASG000d3be,S4/K03/K03_R2/S4_K03_R2_IMAG0515.JPG,wildebeest
ASG000d3ex,S4/K03/K03_R2/S4_K03_R2_IMAG0540.JPG,wildebeest
ASG000d3ex,S4/K03/K03_R2/S4_K03_R2_IMAG0541.JPG,wildebeest
ASG000d3ex,S4/K03/K03_R2/S4_K03_R2_IMAG0542.JPG,wildebeest
ASG000d3i3,S4/K03/K03_R2/S4_K03_R2_IMAG0699.JPG,impala
ASG000d3i3,S4/K03/K03_R2/S4_K03_R2_IMAG0700.JPG,impala
ASG000d3i3,S4/K03/K03_R2/S4_K03_R2_IMAG0701.JPG,impala
ASG000cng5,S4/K04/K04_R2/S4_K04_R2_IMAG0427.JPG,wildebeest
ASG000cng5,S4/K04/K04_R2/S4_K04_R2_IMAG0428.JPG,wildebeest
ASG000cng5,S4/K04/K04_R2/S4_K04_R2_IMAG0429.JPG,wildebeest
ASG000cnkd,S4/K04/K04_R2/S4_K04_R2_IMAG0469.JPG,wildebeest
ASG000cnkd,S4/K04/K04_R2/S4_K04_R2_IMAG0470.JPG,wildebeest
ASG000cnkd,S4/K04/K04_R2/S4_K04_R2_IMAG0471.JPG,wildebeest
ASG000cnfr,S4/K04/K04_R2/S4_K04_R2_IMAG0481.JPG,wildebeest
ASG000cnfr,S4/K04/K04_R2/S4_K04_R2_IMAG0482.JPG,wildebeest
ASG000cnfr,S4/K04/K04_R2/S4_K04_R2_IMAG0483.JPG,wildebeest
ASG000cnnz,S4/K04/K04_R2/S4_K04_R2_IMAG0490.JPG,wildebeest
ASG000cnnz,S4/K04/K04_R2/S4_K04_R2_IMAG0491.JPG,wildebeest
ASG000cnnz,S4/K04/K04_R2/S4_K04_R2_IMAG0492.JPG,wildebeest
ASG000cnip,S4/K04/K04_R2/S4_K04_R2_IMAG0493.JPG,wildebeest
ASG000cnip,S4/K04/K04_R2/S4_K04_R2_IMAG0494.JPG,wildebeest
ASG000cnip,S4/K04/K04_R2/S4_K04_R2_IMAG0495.JPG,wildebeest
ASG000cnpt,S4/K04/K04_R2/S4_K04_R2_IMAG0496.JPG,wildebeest
ASG000cnpt,S4/K04/K04_R2/S4_K04_R2_IMAG0497.JPG,wildebeest
ASG000cnpt,S4/K04/K04_R2/S4_K04_R2_IMAG0498.JPG,wildebeest
ASG000cnrl,S4/K04/K04_R2/S4_K04_R2_IMAG0508.JPG,wildebeest
ASG000cnrl,S4/K04/K04_R2/S4_K04_R2_IMAG0509.JPG,wildebeest
ASG000cnrl,S4/K04/K04_R2/S4_K04_R2_IMAG0510.JPG,wildebeest
ASG000cni3,S4/K04/K04_R2/S4_K04_R2_IMAG0511.JPG,wildebeest
ASG000cni3,S4/K04/K04_R2/S4_K04_R2_IMAG0512.JPG,wildebeest
ASG000cni3,S4/K04/K04_R2/S4_K04_R2_IMAG0513.JPG,wildebeest
ASG000cnol,S4/K04/K04_R2/S4_K04_R2_IMAG0523.JPG,wildebeest
ASG000cnol,S4/K04/K04_R2/S4_K04_R2_IMAG0524.JPG,wildebeest
ASG000cnol,S4/K04/K04_R2/S4_K04_R2_IMAG0525.JPG,wildebeest
ASG000cndw,S4/K04/K04_R2/S4_K04_R2_IMAG0535.JPG,wildebeest
ASG000cndw,S4/K04/K04_R2/S4_K04_R2_IMAG0536.JPG,wildebeest
ASG000cndw,S4/K04/K04_R2/S4_K04_R2_IMAG0537.JPG,wildebeest
ASG000cns3,S4/K04/K04_R2/S4_K04_R2_IMAG0649.JPG,wildebeest
ASG000cns3,S4/K04/K04_R2/S4_K04_R2_IMAG0650.JPG,wildebeest
ASG000cns3,S4/K04/K04_R2/S4_K04_R2_IMAG0651.JPG,wildebeest
ASG000cndq,S4/K04/K04_R2/S4_K04_R2_IMAG0992.JPG,hartebeest
ASG000cndq,S4/K04/K04_R2/S4_K04_R2_IMAG0993.JPG,hartebeest
ASG000cndq,S4/K04/K04_R2/S4_K04_R2_IMAG0994.JPG,hartebeest
ASG000dzb2,S4/K06/K06_R1/S4_K06_R1_IMAG0086.JPG,buffalo
ASG000dzb2,S4/K06/K06_R1/S4_K06_R1_IMAG0087.JPG,buffalo
ASG000dzb2,S4/K06/K06_R1/S4_K06_R1_IMAG0088.JPG,buffalo
ASG000dz8i,S4/K06/K06_R1/S4_K06_R1_IMAG0096.JPG,giraffe
ASG000dz8i,S4/K06/K06_R1/S4_K06_R1_IMAG0097.JPG,giraffe
ASG000dz8i,S4/K06/K06_R1/S4_K06_R1_IMAG0098.JPG,giraffe
ASG000dzaf,S4/K06/K06_R1/S4_K06_R1_IMAG0147.JPG,giraffe
ASG000dzaf,S4/K06/K06_R1/S4_K06_R1_IMAG0148.JPG,giraffe
ASG000dzaf,S4/K06/K06_R1/S4_K06_R1_IMAG0149.JPG,giraffe
ASG000dzdq,S4/K06/K06_R1/S4_K06_R1_IMAG0170.JPG,buffalo
ASG000dzcr,S4/K06/K06_R1/S4_K06_R1_IMAG0174.JPG,buffalo
ASG000dzf8,S4/K06/K06_R1/S4_K06_R1_IMAG0178.JPG,wildebeest
ASG000dzd8,S4/K06/K06_R1/S4_K06_R1_IMAG0199.JPG,buffalo
ASG000dzbq,S4/K06/K06_R1/S4_K06_R1_IMAG0210.JPG,buffalo
ASG000dzb6,S4/K06/K06_R1/S4_K06_R1_IMAG0217.JPG,zebra
ASG000dzb6,S4/K06/K06_R1/S4_K06_R1_IMAG0218.JPG,zebra
ASG000dzb6,S4/K06/K06_R1/S4_K06_R1_IMAG0219.JPG,zebra
ASG000dzc5,S4/K06/K06_R1/S4_K06_R1_IMAG0247.JPG,giraffe
ASG000dzdt,S4/K06/K06_R1/S4_K06_R1_IMAG0260.JPG,zebra
ASG000dzev,S4/K06/K06_R1/S4_K06_R1_IMAG0276.JPG,gazelleThomsons
ASG000dzev,S4/K06/K06_R1/S4_K06_R1_IMAG0277.JPG,gazelleThomsons
ASG000dzev,S4/K06/K06_R1/S4_K06_R1_IMAG0278.JPG,gazelleThomsons
ASG000dz96,S4/K06/K06_R1/S4_K06_R1_IMAG0380.JPG,giraffe
ASG000dz96,S4/K06/K06_R1/S4_K06_R1_IMAG0381.JPG,giraffe
ASG000dz96,S4/K06/K06_R1/S4_K06_R1_IMAG0382.JPG,giraffe
ASG000dz8t,S4/K06/K06_R1/S4_K06_R1_IMAG0386.JPG,giraffe
ASG000dz8t,S4/K06/K06_R1/S4_K06_R1_IMAG0387.JPG,giraffe
ASG000dz8t,S4/K06/K06_R1/S4_K06_R1_IMAG0388.JPG,giraffe
ASG000dzbt,S4/K06/K06_R1/S4_K06_R1_IMAG0494.JPG,zebra
ASG000dzbt,S4/K06/K06_R1/S4_K06_R1_IMAG0495.JPG,zebra
ASG000dzbt,S4/K06/K06_R1/S4_K06_R1_IMAG0496.JPG,zebra
ASG000dzc3,S4/K06/K06_R1/S4_K06_R1_IMAG0531.JPG,zebra
ASG000bfmb,S4/K07/K07_R1/S4_K07_R1_IMAG0055.JPG,giraffe
ASG000bfmb,S4/K07/K07_R1/S4_K07_R1_IMAG0056.JPG,giraffe
ASG000bfmb,S4/K07/K07_R1/S4_K07_R1_IMAG0057.JPG,giraffe
ASG000bfmk,S4/K07/K07_R1/S4_K07_R1_IMAG0058.JPG,giraffe
ASG000bfmk,S4/K07/K07_R1/S4_K07_R1_IMAG0059.JPG,giraffe
ASG000bfmk,S4/K07/K07_R1/S4_K07_R1_IMAG0060.JPG,giraffe
ASG000bfui,S4/K07/K07_R1/S4_K07_R1_IMAG0122.JPG,hartebeest
ASG000bfe9,S4/K07/K07_R1/S4_K07_R1_IMAG0210.JPG,gazelleThomsons
ASG000bfe9,S4/K07/K07_R1/S4_K07_R1_IMAG0211.JPG,gazelleThomsons
ASG000bfe9,S4/K07/K07_R1/S4_K07_R1_IMAG0212.JPG,gazelleThomsons
ASG000bfgu,S4/K07/K07_R1/S4_K07_R1_IMAG0478.JPG,hartebeest
ASG000bfgu,S4/K07/K07_R1/S4_K07_R1_IMAG0479.JPG,hartebeest
ASG000bfgu,S4/K07/K07_R1/S4_K07_R1_IMAG0480.JPG,hartebeest
ASG000bfoa,S4/K07/K07_R1/S4_K07_R1_IMAG0484.JPG,hartebeest
ASG000bfoa,S4/K07/K07_R1/S4_K07_R1_IMAG0485.JPG,hartebeest
ASG000bfoa,S4/K07/K07_R1/S4_K07_R1_IMAG0486.JPG,hartebeest
ASG000bfcg,S4/K07/K07_R1/S4_K07_R1_IMAG0496.JPG,hartebeest
ASG000bfcg,S4/K07/K07_R1/S4_K07_R1_IMAG0497.JPG,hartebeest
ASG000bfcg,S4/K07/K07_R1/S4_K07_R1_IMAG0498.JPG,hartebeest
ASG000bfly,S4/K07/K07_R1/S4_K07_R1_IMAG0565.JPG,hartebeest
ASG000bfly,S4/K07/K07_R1/S4_K07_R1_IMAG0566.JPG,hartebeest
ASG000bfly,S4/K07/K07_R1/S4_K07_R1_IMAG0567.JPG,hartebeest
ASG000bfj9,S4/K07/K07_R1/S4_K07_R1_IMAG0706.JPG,zebra
ASG000bfj9,S4/K07/K07_R1/S4_K07_R1_IMAG0707.JPG,zebra
ASG000bfj9,S4/K07/K07_R1/S4_K07_R1_IMAG0708.JPG,zebra
ASG000bfq7,S4/K07/K07_R1/S4_K07_R1_IMAG0736.JPG,zebra
ASG000bfq7,S4/K07/K07_R1/S4_K07_R1_IMAG0737.JPG,zebra
ASG000bfq7,S4/K07/K07_R1/S4_K07_R1_IMAG0738.JPG,zebra
ASG000bfr4,S4/K07/K07_R1/S4_K07_R1_IMAG0742.JPG,zebra
ASG000bfr4,S4/K07/K07_R1/S4_K07_R1_IMAG0743.JPG,zebra
ASG000bfr4,S4/K07/K07_R1/S4_K07_R1_IMAG0744.JPG,zebra
ASG000bf99,S4/K07/K07_R1/S4_K07_R1_IMAG0799.JPG,zebra
ASG000bf99,S4/K07/K07_R1/S4_K07_R1_IMAG0800.JPG,zebra
ASG000bf99,S4/K07/K07_R1/S4_K07_R1_IMAG0801.JPG,zebra
ASG000bft9,S4/K07/K07_R1/S4_K07_R1_IMAG0952.JPG,zebra
ASG000bft9,S4/K07/K07_R1/S4_K07_R1_IMAG0953.JPG,zebra
ASG000bft9,S4/K07/K07_R1/S4_K07_R1_IMAG0954.JPG,zebra
ASG000bfsg,S4/K07/K07_R1/S4_K07_R1_IMAG1044.JPG,zebra
ASG000bfcm,S4/K07/K07_R1/S4_K07_R1_IMAG1046.JPG,wildebeest
ASG000bfug,S4/K07/K07_R1/S4_K07_R1_IMAG1061.JPG,zebra
ASG000bfow,S4/K07/K07_R1/S4_K07_R1_IMAG1069.JPG,wildebeest
ASG000bfkq,S4/K07/K07_R1/S4_K07_R1_IMAG1224.JPG,wildebeest
ASG000bfkq,S4/K07/K07_R1/S4_K07_R1_IMAG1225.JPG,wildebeest
ASG000bfkq,S4/K07/K07_R1/S4_K07_R1_IMAG1226.JPG,wildebeest
ASG000bfu7,S4/K07/K07_R1/S4_K07_R1_IMAG1236.JPG,wildebeest
ASG000bfu7,S4/K07/K07_R1/S4_K07_R1_IMAG1237.JPG,wildebeest
ASG000bfu7,S4/K07/K07_R1/S4_K07_R1_IMAG1238.JPG,wildebeest
ASG000bfnm,S4/K07/K07_R1/S4_K07_R1_IMAG1281.JPG,wildebeest
ASG000bfnm,S4/K07/K07_R1/S4_K07_R1_IMAG1282.JPG,wildebeest
ASG000bfnm,S4/K07/K07_R1/S4_K07_R1_IMAG1283.JPG,wildebeest
ASG000bfjr,S4/K07/K07_R1/S4_K07_R1_IMAG1287.JPG,wildebeest
ASG000bfjr,S4/K07/K07_R1/S4_K07_R1_IMAG1288.JPG,wildebeest
ASG000bfjr,S4/K07/K07_R1/S4_K07_R1_IMAG1289.JPG,wildebeest
ASG000bfr8,S4/K07/K07_R1/S4_K07_R1_IMAG1329.JPG,wildebeest
ASG000bfr8,S4/K07/K07_R1/S4_K07_R1_IMAG1330.JPG,wildebeest
ASG000bfr8,S4/K07/K07_R1/S4_K07_R1_IMAG1331.JPG,wildebeest
ASG000bfgi,S4/K07/K07_R1/S4_K07_R1_IMAG1335.JPG,wildebeest
ASG000bfgi,S4/K07/K07_R1/S4_K07_R1_IMAG1336.JPG,wildebeest
ASG000bfgi,S4/K07/K07_R1/S4_K07_R1_IMAG1337.JPG,wildebeest
ASG000bfex,S4/K07/K07_R1/S4_K07_R1_IMAG1389.JPG,wildebeest
ASG000bfex,S4/K07/K07_R1/S4_K07_R1_IMAG1390.JPG,wildebeest
ASG000bfex,S4/K07/K07_R1/S4_K07_R1_IMAG1391.JPG,wildebeest
ASG000bfea,S4/K07/K07_R1/S4_K07_R1_IMAG1452.JPG,wildebeest
ASG000bfea,S4/K07/K07_R1/S4_K07_R1_IMAG1453.JPG,wildebeest
ASG000bfea,S4/K07/K07_R1/S4_K07_R1_IMAG1454.JPG,wildebeest
ASG000bfmr,S4/K07/K07_R1/S4_K07_R1_IMAG1464.JPG,wildebeest
ASG000bfmr,S4/K07/K07_R1/S4_K07_R1_IMAG1465.JPG,wildebeest
ASG000bfmr,S4/K07/K07_R1/S4_K07_R1_IMAG1466.JPG,wildebeest
ASG000bfrh,S4/K07/K07_R1/S4_K07_R1_IMAG1488.JPG,wildebeest
ASG000bfrh,S4/K07/K07_R1/S4_K07_R1_IMAG1489.JPG,wildebeest
ASG000bfrh,S4/K07/K07_R1/S4_K07_R1_IMAG1490.JPG,wildebeest
ASG000bfme,S4/K07/K07_R1/S4_K07_R1_IMAG1500.JPG,wildebeest
ASG000bfme,S4/K07/K07_R1/S4_K07_R1_IMAG1501.JPG,wildebeest
ASG000bfme,S4/K07/K07_R1/S4_K07_R1_IMAG1502.JPG,wildebeest
ASG000bfrq,S4/K07/K07_R1/S4_K07_R1_IMAG1506.JPG,wildebeest
ASG000bfrq,S4/K07/K07_R1/S4_K07_R1_IMAG1507.JPG,wildebeest
ASG000bfrq,S4/K07/K07_R1/S4_K07_R1_IMAG1508.JPG,wildebeest
ASG000bfnc,S4/K07/K07_R1/S4_K07_R1_IMAG1521.JPG,wildebeest
ASG000bfnc,S4/K07/K07_R1/S4_K07_R1_IMAG1522.JPG,wildebeest
ASG000bfnc,S4/K07/K07_R1/S4_K07_R1_IMAG1523.JPG,wildebeest
ASG000bfp1,S4/K07/K07_R1/S4_K07_R1_IMAG1548.JPG,wildebeest
ASG000bfp1,S4/K07/K07_R1/S4_K07_R1_IMAG1549.JPG,wildebeest
ASG000bfp1,S4/K07/K07_R1/S4_K07_R1_IMAG1550.JPG,wildebeest
ASG000bfeu,S4/K07/K07_R1/S4_K07_R1_IMAG1575.JPG,wildebeest
ASG000bfeu,S4/K07/K07_R1/S4_K07_R1_IMAG1576.JPG,wildebeest
ASG000bfeu,S4/K07/K07_R1/S4_K07_R1_IMAG1577.JPG,wildebeest
ASG000bfpb,S4/K07/K07_R1/S4_K07_R1_IMAG1689.JPG,wildebeest
ASG000bfpb,S4/K07/K07_R1/S4_K07_R1_IMAG1690.JPG,wildebeest
ASG000bfpb,S4/K07/K07_R1/S4_K07_R1_IMAG1691.JPG,wildebeest
ASG000bfq1,S4/K07/K07_R1/S4_K07_R1_IMAG1698.JPG,wildebeest
ASG000bfq1,S4/K07/K07_R1/S4_K07_R1_IMAG1699.JPG,wildebeest
ASG000bfq1,S4/K07/K07_R1/S4_K07_R1_IMAG1700.JPG,wildebeest
ASG000bfp6,S4/K07/K07_R1/S4_K07_R1_IMAG1716.JPG,wildebeest
ASG000bfp6,S4/K07/K07_R1/S4_K07_R1_IMAG1717.JPG,wildebeest
ASG000bfp6,S4/K07/K07_R1/S4_K07_R1_IMAG1718.JPG,wildebeest
ASG000bfa9,S4/K07/K07_R1/S4_K07_R1_IMAG1770.JPG,wildebeest
ASG000bfa9,S4/K07/K07_R1/S4_K07_R1_IMAG1771.JPG,wildebeest
ASG000bfa9,S4/K07/K07_R1/S4_K07_R1_IMAG1772.JPG,wildebeest
ASG000bflr,S4/K07/K07_R1/S4_K07_R1_IMAG1824.JPG,wildebeest
ASG000bflr,S4/K07/K07_R1/S4_K07_R1_IMAG1825.JPG,wildebeest
ASG000bflr,S4/K07/K07_R1/S4_K07_R1_IMAG1826.JPG,wildebeest
ASG000bfid,S4/K07/K07_R1/S4_K07_R1_IMAG1959.JPG,wildebeest
ASG000bfid,S4/K07/K07_R1/S4_K07_R1_IMAG1960.JPG,wildebeest
ASG000bfid,S4/K07/K07_R1/S4_K07_R1_IMAG1961.JPG,wildebeest
ASG000bftn,S4/K07/K07_R1/S4_K07_R1_IMAG2116.JPG,warthog
ASG000bftn,S4/K07/K07_R1/S4_K07_R1_IMAG2117.JPG,warthog
ASG000bftn,S4/K07/K07_R1/S4_K07_R1_IMAG2118.JPG,warthog
ASG000bfhv,S4/K07/K07_R1/S4_K07_R1_IMAG2145.JPG,warthog
ASG000bfhv,S4/K07/K07_R1/S4_K07_R1_IMAG2146.JPG,warthog
ASG000bfhv,S4/K07/K07_R1/S4_K07_R1_IMAG2147.JPG,warthog
ASG000bfs6,S4/K07/K07_R1/S4_K07_R1_IMAG2157.JPG,zebra
ASG000bfs6,S4/K07/K07_R1/S4_K07_R1_IMAG2158.JPG,zebra
ASG000bfs6,S4/K07/K07_R1/S4_K07_R1_IMAG2159.JPG,zebra
ASG000bfbe,S4/K07/K07_R1/S4_K07_R1_IMAG2160.JPG,zebra
ASG000bfbe,S4/K07/K07_R1/S4_K07_R1_IMAG2161.JPG,zebra
ASG000bfbe,S4/K07/K07_R1/S4_K07_R1_IMAG2162.JPG,zebra
ASG000bfpx,S4/K07/K07_R1/S4_K07_R1_IMAG2172.JPG,elephant
ASG000bfpx,S4/K07/K07_R1/S4_K07_R1_IMAG2173.JPG,elephant
ASG000bfpx,S4/K07/K07_R1/S4_K07_R1_IMAG2174.JPG,elephant
ASG000betc,S4/K07/K07_R2/S4_K07_R2_IMAG0335.JPG,wildebeest
ASG000betc,S4/K07/K07_R2/S4_K07_R2_IMAG0336.JPG,wildebeest
ASG000betc,S4/K07/K07_R2/S4_K07_R2_IMAG0337.JPG,wildebeest
ASG000bf0k,S4/K07/K07_R2/S4_K07_R2_IMAG0392.JPG,wildebeest
ASG000bf0k,S4/K07/K07_R2/S4_K07_R2_IMAG0393.JPG,wildebeest
ASG000bf0k,S4/K07/K07_R2/S4_K07_R2_IMAG0394.JPG,wildebeest
ASG000bezk,S4/K07/K07_R2/S4_K07_R2_IMAG0488.JPG,wildebeest
ASG000bezk,S4/K07/K07_R2/S4_K07_R2_IMAG0489.JPG,wildebeest
ASG000bezk,S4/K07/K07_R2/S4_K07_R2_IMAG0490.JPG,wildebeest
ASG000bf5b,S4/K07/K07_R2/S4_K07_R2_IMAG0506.JPG,wildebeest
ASG000bf5b,S4/K07/K07_R2/S4_K07_R2_IMAG0507.JPG,wildebeest
ASG000bf5b,S4/K07/K07_R2/S4_K07_R2_IMAG0508.JPG,wildebeest
ASG000besm,S4/K07/K07_R2/S4_K07_R2_IMAG0515.JPG,wildebeest
ASG000besm,S4/K07/K07_R2/S4_K07_R2_IMAG0516.JPG,wildebeest
ASG000besm,S4/K07/K07_R2/S4_K07_R2_IMAG0517.JPG,wildebeest
ASG000beuf,S4/K07/K07_R2/S4_K07_R2_IMAG0539.JPG,wildebeest
ASG000beuf,S4/K07/K07_R2/S4_K07_R2_IMAG0540.JPG,wildebeest
ASG000beuf,S4/K07/K07_R2/S4_K07_R2_IMAG0541.JPG,wildebeest
ASG000beuc,S4/K07/K07_R2/S4_K07_R2_IMAG0560.JPG,wildebeest
ASG000beuc,S4/K07/K07_R2/S4_K07_R2_IMAG0561.JPG,wildebeest
ASG000beuc,S4/K07/K07_R2/S4_K07_R2_IMAG0562.JPG,wildebeest
ASG000bf2a,S4/K07/K07_R2/S4_K07_R2_IMAG0587.JPG,wildebeest
ASG000bf2a,S4/K07/K07_R2/S4_K07_R2_IMAG0588.JPG,wildebeest
ASG000bf2a,S4/K07/K07_R2/S4_K07_R2_IMAG0589.JPG,wildebeest
ASG000bf7n,S4/K07/K07_R2/S4_K07_R2_IMAG0673.JPG,wildebeest
ASG000bf8z,S4/K07/K07_R2/S4_K07_R2_IMAG0816.JPG,zebra
ASG000bf1k,S4/K07/K07_R2/S4_K07_R2_IMAG2488.JPG,giraffe
ASG000bf1k,S4/K07/K07_R2/S4_K07_R2_IMAG2489.JPG,giraffe
ASG000bf1k,S4/K07/K07_R2/S4_K07_R2_IMAG2490.JPG,giraffe
ASG000bf0x,S4/K07/K07_R2/S4_K07_R2_IMAG2548.JPG,warthog
ASG000bf0x,S4/K07/K07_R2/S4_K07_R2_IMAG2549.JPG,warthog
ASG000bf0x,S4/K07/K07_R2/S4_K07_R2_IMAG2550.JPG,warthog
ASG000evty,S4/K08/K08_R2/S4_K08_R2_IMAG0020.JPG,giraffe
ASG000evty,S4/K08/K08_R2/S4_K08_R2_IMAG0021.JPG,giraffe
ASG000evty,S4/K08/K08_R2/S4_K08_R2_IMAG0022.JPG,giraffe
ASG000ew40,S4/K08/K08_R2/S4_K08_R2_IMAG0072.JPG,wildebeest
ASG000ew40,S4/K08/K08_R2/S4_K08_R2_IMAG0073.JPG,wildebeest
ASG000ew40,S4/K08/K08_R2/S4_K08_R2_IMAG0074.JPG,wildebeest
ASG000evtr,S4/K08/K08_R2/S4_K08_R2_IMAG0105.JPG,wildebeest
ASG000evtr,S4/K08/K08_R2/S4_K08_R2_IMAG0106.JPG,wildebeest
ASG000evtr,S4/K08/K08_R2/S4_K08_R2_IMAG0107.JPG,wildebeest
ASG000evw8,S4/K08/K08_R2/S4_K08_R2_IMAG0141.JPG,wildebeest
ASG000evw8,S4/K08/K08_R2/S4_K08_R2_IMAG0142.JPG,wildebeest
ASG000evw8,S4/K08/K08_R2/S4_K08_R2_IMAG0143.JPG,wildebeest
ASG000evy0,S4/K08/K08_R2/S4_K08_R2_IMAG0195.JPG,wildebeest
ASG000evy0,S4/K08/K08_R2/S4_K08_R2_IMAG0196.JPG,wildebeest
ASG000evy0,S4/K08/K08_R2/S4_K08_R2_IMAG0197.JPG,wildebeest
ASG000dcz8,S4/K10/K10_R1/S4_K10_R1_IMAG1140.JPG,buffalo
ASG000dcz8,S4/K10/K10_R1/S4_K10_R1_IMAG1141.JPG,buffalo
ASG000dcz8,S4/K10/K10_R1/S4_K10_R1_IMAG1142.JPG,buffalo
ASG000ddmn,S4/K10/K10_R2/S4_K10_R2_IMAG0533.JPG,wildebeest
ASG000ddmn,S4/K10/K10_R2/S4_K10_R2_IMAG0534.JPG,wildebeest
ASG000ddmn,S4/K10/K10_R2/S4_K10_R2_IMAG0535.JPG,wildebeest
ASG000ep6k,S4/K11/K11_R2/S4_K11_R2_IMAG1899.JPG,wildebeest
ASG000ep6k,S4/K11/K11_R2/S4_K11_R2_IMAG1900.JPG,wildebeest
ASG000ep6k,S4/K11/K11_R2/S4_K11_R2_IMAG1901.JPG,wildebeest
ASG000eoof,S4/K11/K11_R2/S4_K11_R2_IMAG1914.JPG,wildebeest
ASG000eoof,S4/K11/K11_R2/S4_K11_R2_IMAG1915.JPG,wildebeest
ASG000eoof,S4/K11/K11_R2/S4_K11_R2_IMAG1916.JPG,wildebeest
ASG000eovr,S4/K11/K11_R2/S4_K11_R2_IMAG1950.JPG,wildebeest
ASG000eovr,S4/K11/K11_R2/S4_K11_R2_IMAG1951.JPG,wildebeest
ASG000eovr,S4/K11/K11_R2/S4_K11_R2_IMAG1952.JPG,wildebeest
ASG000epfd,S4/K11/K11_R2/S4_K11_R2_IMAG1959.JPG,wildebeest
ASG000epfd,S4/K11/K11_R2/S4_K11_R2_IMAG1960.JPG,wildebeest
ASG000epfd,S4/K11/K11_R2/S4_K11_R2_IMAG1961.JPG,wildebeest
ASG000dlyx,S4/K12/K12_R2/S4_K12_R2_IMAG1540.JPG,wildebeest
ASG000dm1u,S4/K12/K12_R2/S4_K12_R2_IMAG1541.JPG,wildebeest
ASG000dkrr,S4/K12/K12_R2/S4_K12_R2_IMAG1542.JPG,wildebeest
ASG000dlr7,S4/K12/K12_R2/S4_K12_R2_IMAG1551.JPG,wildebeest
ASG000dlax,S4/K12/K12_R2/S4_K12_R2_IMAG1800.JPG,zebra
ASG000dlax,S4/K12/K12_R2/S4_K12_R2_IMAG1801.JPG,zebra
ASG000dlax,S4/K12/K12_R2/S4_K12_R2_IMAG1802.JPG,zebra
ASG000bp8y,S4/L01/L01_R1/S4_L01_R1_IMAG0021.JPG,impala
ASG000bp8y,S4/L01/L01_R1/S4_L01_R1_IMAG0022.JPG,impala
ASG000bp8y,S4/L01/L01_R1/S4_L01_R1_IMAG0023.JPG,impala
ASG000bp8p,S4/L01/L01_R1/S4_L01_R1_IMAG0050.JPG,warthog
ASG000bp8p,S4/L01/L01_R1/S4_L01_R1_IMAG0051.JPG,warthog
ASG000bp8p,S4/L01/L01_R1/S4_L01_R1_IMAG0052.JPG,warthog
ASG000bpaq,S4/L01/L01_R1/S4_L01_R1_IMAG0122.JPG,buffalo
ASG000bp9g,S4/L01/L01_R1/S4_L01_R1_IMAG0135.JPG,elephant
ASG000bp9g,S4/L01/L01_R1/S4_L01_R1_IMAG0136.JPG,elephant
ASG000bp9g,S4/L01/L01_R1/S4_L01_R1_IMAG0137.JPG,elephant
ASG000bp8v,S4/L01/L01_R1/S4_L01_R1_IMAG0175.JPG,elephant
ASG000bp8v,S4/L01/L01_R1/S4_L01_R1_IMAG0176.JPG,elephant
ASG000bp8v,S4/L01/L01_R1/S4_L01_R1_IMAG0177.JPG,elephant
ASG000bpa8,S4/L01/L01_R1/S4_L01_R1_IMAG0402.JPG,buffalo
ASG000bpe8,S4/L01/L01_R1/S4_L01_R1_IMAG0422.JPG,buffalo
ASG000bpcv,S4/L01/L01_R1/S4_L01_R1_IMAG0424.JPG,buffalo
ASG000bpad,S4/L01/L01_R1/S4_L01_R1_IMAG0427.JPG,buffalo
ASG000bpd4,S4/L01/L01_R1/S4_L01_R1_IMAG0463.JPG,warthog
ASG000bpd4,S4/L01/L01_R1/S4_L01_R1_IMAG0464.JPG,warthog
ASG000bpd4,S4/L01/L01_R1/S4_L01_R1_IMAG0465.JPG,warthog
ASG000eszm,S4/L03/L03_R2/S4_L03_R2_IMAG0016.JPG,elephant
ASG000eszm,S4/L03/L03_R2/S4_L03_R2_IMAG0017.JPG,elephant
ASG000eszm,S4/L03/L03_R2/S4_L03_R2_IMAG0018.JPG,elephant
ASG000cssd,S4/L05/L05_R2/S4_L05_R2_IMAG1104.JPG,wildebeest
ASG000bipc,S4/L06/L06_R1/S4_L06_R1_IMAG0045.JPG,buffalo
ASG000bipc,S4/L06/L06_R1/S4_L06_R1_IMAG0046.JPG,buffalo
ASG000bipc,S4/L06/L06_R1/S4_L06_R1_IMAG0047.JPG,buffalo
ASG000bip6,S4/L06/L06_R1/S4_L06_R1_IMAG0111.JPG,warthog
ASG000bip6,S4/L06/L06_R1/S4_L06_R1_IMAG0112.JPG,warthog
ASG000bip6,S4/L06/L06_R1/S4_L06_R1_IMAG0113.JPG,warthog
ASG000biq6,S4/L06/L06_R2/S4_L06_R2_IMAG0039.JPG,buffalo
ASG000biq6,S4/L06/L06_R2/S4_L06_R2_IMAG0040.JPG,buffalo
ASG000biq6,S4/L06/L06_R2/S4_L06_R2_IMAG0041.JPG,buffalo
ASG000bipz,S4/L06/L06_R2/S4_L06_R2_IMAG0072.JPG,buffalo
ASG000bipz,S4/L06/L06_R2/S4_L06_R2_IMAG0073.JPG,buffalo
ASG000bipz,S4/L06/L06_R2/S4_L06_R2_IMAG0074.JPG,buffalo
ASG000biqj,S4/L06/L06_R2/S4_L06_R2_IMAG0084.JPG,buffalo
ASG000biqj,S4/L06/L06_R2/S4_L06_R2_IMAG0085.JPG,buffalo
ASG000biqj,S4/L06/L06_R2/S4_L06_R2_IMAG0086.JPG,buffalo
ASG000biq2,S4/L06/L06_R2/S4_L06_R2_IMAG0096.JPG,buffalo
ASG000biq2,S4/L06/L06_R2/S4_L06_R2_IMAG0097.JPG,buffalo
ASG000biq2,S4/L06/L06_R2/S4_L06_R2_IMAG0098.JPG,buffalo
ASG000bir2,S4/L06/L06_R2/S4_L06_R2_IMAG0158.JPG,wildebeest
ASG000biq3,S4/L06/L06_R2/S4_L06_R2_IMAG0162.JPG,wildebeest
ASG000biqx,S4/L06/L06_R2/S4_L06_R2_IMAG0164.JPG,wildebeest
ASG000biry,S4/L06/L06_R2/S4_L06_R2_IMAG0170.JPG,zebra
ASG000biqk,S4/L06/L06_R2/S4_L06_R2_IMAG0173.JPG,wildebeest
ASG000birx,S4/L06/L06_R2/S4_L06_R2_IMAG0179.JPG,wildebeest
ASG000dzsd,S4/L07/L07_R1/S4_L07_R1_IMAG0384.JPG,elephant
ASG000dzsd,S4/L07/L07_R1/S4_L07_R1_IMAG0385.JPG,elephant
ASG000dzsd,S4/L07/L07_R1/S4_L07_R1_IMAG0386.JPG,elephant
ASG000dztv,S4/L07/L07_R1/S4_L07_R1_IMAG0427.JPG,zebra
ASG000dztv,S4/L07/L07_R1/S4_L07_R1_IMAG0428.JPG,zebra
ASG000dztv,S4/L07/L07_R1/S4_L07_R1_IMAG0429.JPG,zebra
ASG000cyie,S4/L08/L08_R1/S4_L08_R1_IMAG0883.JPG,wildebeest
ASG000cyie,S4/L08/L08_R1/S4_L08_R1_IMAG0884.JPG,wildebeest
ASG000cyie,S4/L08/L08_R1/S4_L08_R1_IMAG0885.JPG,wildebeest
ASG000cy9d,S4/L08/L08_R1/S4_L08_R1_IMAG0886.JPG,wildebeest
ASG000cy9d,S4/L08/L08_R1/S4_L08_R1_IMAG0887.JPG,wildebeest
ASG000cy9d,S4/L08/L08_R1/S4_L08_R1_IMAG0888.JPG,wildebeest
ASG000cy7q,S4/L08/L08_R1/S4_L08_R1_IMAG0889.JPG,wildebeest
ASG000cy7q,S4/L08/L08_R1/S4_L08_R1_IMAG0890.JPG,wildebeest
ASG000cy7q,S4/L08/L08_R1/S4_L08_R1_IMAG0891.JPG,wildebeest
ASG000cy6e,S4/L08/L08_R1/S4_L08_R1_IMAG0898.JPG,wildebeest
ASG000cy6e,S4/L08/L08_R1/S4_L08_R1_IMAG0899.JPG,wildebeest
ASG000cy6e,S4/L08/L08_R1/S4_L08_R1_IMAG0900.JPG,wildebeest
ASG000cy7y,S4/L08/L08_R1/S4_L08_R1_IMAG0964.JPG,wildebeest
ASG000cy7y,S4/L08/L08_R1/S4_L08_R1_IMAG0965.JPG,wildebeest
ASG000cy7y,S4/L08/L08_R1/S4_L08_R1_IMAG0966.JPG,wildebeest
ASG000cybq,S4/L08/L08_R1/S4_L08_R1_IMAG1009.JPG,wildebeest
ASG000cybq,S4/L08/L08_R1/S4_L08_R1_IMAG1010.JPG,wildebeest
ASG000cybq,S4/L08/L08_R1/S4_L08_R1_IMAG1011.JPG,wildebeest
ASG000cyaf,S4/L08/L08_R1/S4_L08_R1_IMAG1021.JPG,wildebeest
ASG000cyaf,S4/L08/L08_R1/S4_L08_R1_IMAG1022.JPG,wildebeest
ASG000cyaf,S4/L08/L08_R1/S4_L08_R1_IMAG1023.JPG,wildebeest
ASG000cyg2,S4/L08/L08_R1/S4_L08_R1_IMAG1051.JPG,wildebeest
ASG000cyg2,S4/L08/L08_R1/S4_L08_R1_IMAG1052.JPG,wildebeest
ASG000cyg2,S4/L08/L08_R1/S4_L08_R1_IMAG1053.JPG,wildebeest
ASG000cyjp,S4/L08/L08_R1/S4_L08_R1_IMAG1168.JPG,wildebeest
ASG000cyjp,S4/L08/L08_R1/S4_L08_R1_IMAG1169.JPG,wildebeest
ASG000cyjp,S4/L08/L08_R1/S4_L08_R1_IMAG1170.JPG,wildebeest
ASG000cy9t,S4/L08/L08_R1/S4_L08_R1_IMAG1261.JPG,wildebeest
ASG000cy9t,S4/L08/L08_R1/S4_L08_R1_IMAG1262.JPG,wildebeest
ASG000cy9t,S4/L08/L08_R1/S4_L08_R1_IMAG1263.JPG,wildebeest
ASG000cyc9,S4/L08/L08_R1/S4_L08_R1_IMAG1300.JPG,wildebeest
ASG000cyc9,S4/L08/L08_R1/S4_L08_R1_IMAG1301.JPG,wildebeest
ASG000cyc9,S4/L08/L08_R1/S4_L08_R1_IMAG1302.JPG,wildebeest
ASG000cyaj,S4/L08/L08_R1/S4_L08_R1_IMAG1348.JPG,wildebeest
ASG000cyaj,S4/L08/L08_R1/S4_L08_R1_IMAG1349.JPG,wildebeest
ASG000cyaj,S4/L08/L08_R1/S4_L08_R1_IMAG1350.JPG,wildebeest
ASG000cyde,S4/L08/L08_R1/S4_L08_R1_IMAG1372.JPG,wildebeest
ASG000cyde,S4/L08/L08_R1/S4_L08_R1_IMAG1373.JPG,wildebeest
ASG000cyde,S4/L08/L08_R1/S4_L08_R1_IMAG1374.JPG,wildebeest
ASG000cyib,S4/L08/L08_R1/S4_L08_R1_IMAG1447.JPG,wildebeest
ASG000cyib,S4/L08/L08_R1/S4_L08_R1_IMAG1448.JPG,wildebeest
ASG000cyib,S4/L08/L08_R1/S4_L08_R1_IMAG1449.JPG,wildebeest
ASG000cyj9,S4/L08/L08_R1/S4_L08_R1_IMAG1486.JPG,wildebeest
ASG000cyj9,S4/L08/L08_R1/S4_L08_R1_IMAG1487.JPG,wildebeest
ASG000cyj9,S4/L08/L08_R1/S4_L08_R1_IMAG1488.JPG,wildebeest
ASG000cy3f,S4/L08/L08_R1/S4_L08_R1_IMAG1534.JPG,wildebeest
ASG000cy3f,S4/L08/L08_R1/S4_L08_R1_IMAG1535.JPG,wildebeest
ASG000cy3f,S4/L08/L08_R1/S4_L08_R1_IMAG1536.JPG,wildebeest
ASG000cyig,S4/L08/L08_R1/S4_L08_R1_IMAG1606.JPG,wildebeest
ASG000cyig,S4/L08/L08_R1/S4_L08_R1_IMAG1607.JPG,wildebeest
ASG000cyig,S4/L08/L08_R1/S4_L08_R1_IMAG1608.JPG,wildebeest
ASG000cy60,S4/L08/L08_R1/S4_L08_R1_IMAG1666.JPG,wildebeest
ASG000cy60,S4/L08/L08_R1/S4_L08_R1_IMAG1667.JPG,wildebeest
ASG000cy60,S4/L08/L08_R1/S4_L08_R1_IMAG1668.JPG,wildebeest
ASG000cyd9,S4/L08/L08_R1/S4_L08_R1_IMAG1711.JPG,wildebeest
ASG000cyd9,S4/L08/L08_R1/S4_L08_R1_IMAG1712.JPG,wildebeest
ASG000cyd9,S4/L08/L08_R1/S4_L08_R1_IMAG1713.JPG,wildebeest
ASG000cybr,S4/L08/L08_R1/S4_L08_R1_IMAG1765.JPG,wildebeest
ASG000cybr,S4/L08/L08_R1/S4_L08_R1_IMAG1766.JPG,wildebeest
ASG000cybr,S4/L08/L08_R1/S4_L08_R1_IMAG1767.JPG,wildebeest
ASG000cyep,S4/L08/L08_R1/S4_L08_R1_IMAG1771.JPG,wildebeest
ASG000cyep,S4/L08/L08_R1/S4_L08_R1_IMAG1772.JPG,wildebeest
ASG000cyep,S4/L08/L08_R1/S4_L08_R1_IMAG1773.JPG,wildebeest
ASG000cyb5,S4/L08/L08_R1/S4_L08_R1_IMAG1780.JPG,buffalo
ASG000cyb5,S4/L08/L08_R1/S4_L08_R1_IMAG1781.JPG,buffalo
ASG000cyb5,S4/L08/L08_R1/S4_L08_R1_IMAG1782.JPG,buffalo
ASG000eijx,S4/L10/L10_R2/S4_L10_R2_IMAG0020.JPG,gazelleThomsons
ASG000eijx,S4/L10/L10_R2/S4_L10_R2_IMAG0021.JPG,gazelleThomsons
ASG000eijx,S4/L10/L10_R2/S4_L10_R2_IMAG0022.JPG,gazelleThomsons
ASG000eirq,S4/L10/L10_R2/S4_L10_R2_IMAG0056.JPG,gazelleThomsons
ASG000eirq,S4/L10/L10_R2/S4_L10_R2_IMAG0057.JPG,gazelleThomsons
ASG000eirq,S4/L10/L10_R2/S4_L10_R2_IMAG0058.JPG,gazelleThomsons
ASG000eis7,S4/L10/L10_R2/S4_L10_R2_IMAG0107.JPG,gazelleThomsons
ASG000eis7,S4/L10/L10_R2/S4_L10_R2_IMAG0108.JPG,gazelleThomsons
ASG000eis7,S4/L10/L10_R2/S4_L10_R2_IMAG0109.JPG,gazelleThomsons
ASG000einm,S4/L10/L10_R2/S4_L10_R2_IMAG0120.JPG,buffalo
ASG000einm,S4/L10/L10_R2/S4_L10_R2_IMAG0121.JPG,buffalo
ASG000einm,S4/L10/L10_R2/S4_L10_R2_IMAG0122.JPG,buffalo
ASG000eimz,S4/L10/L10_R2/S4_L10_R2_IMAG0231.JPG,zebra
ASG000eimz,S4/L10/L10_R2/S4_L10_R2_IMAG0232.JPG,zebra
ASG000eimz,S4/L10/L10_R2/S4_L10_R2_IMAG0233.JPG,zebra
ASG000eiqg,S4/L10/L10_R2/S4_L10_R2_IMAG0413.JPG,wildebeest
ASG000eiqg,S4/L10/L10_R2/S4_L10_R2_IMAG0414.JPG,wildebeest
ASG000eiqg,S4/L10/L10_R2/S4_L10_R2_IMAG0415.JPG,wildebeest
ASG000eij3,S4/L10/L10_R2/S4_L10_R2_IMAG0434.JPG,wildebeest
ASG000eij3,S4/L10/L10_R2/S4_L10_R2_IMAG0435.JPG,wildebeest
ASG000eij3,S4/L10/L10_R2/S4_L10_R2_IMAG0436.JPG,wildebeest
ASG000d9iu,S4/L11/L11_R2/S4_L11_R2_IMAG0024.JPG,elephant
ASG000d9iu,S4/L11/L11_R2/S4_L11_R2_IMAG0025.JPG,elephant
ASG000d9iu,S4/L11/L11_R2/S4_L11_R2_IMAG0026.JPG,elephant
ASG000d9gi,S4/L11/L11_R2/S4_L11_R2_IMAG0030.JPG,elephant
ASG000d9gi,S4/L11/L11_R2/S4_L11_R2_IMAG0031.JPG,elephant
ASG000d9gi,S4/L11/L11_R2/S4_L11_R2_IMAG0032.JPG,elephant
ASG000d9im,S4/L11/L11_R2/S4_L11_R2_IMAG0393.JPG,elephant
ASG000d9im,S4/L11/L11_R2/S4_L11_R2_IMAG0394.JPG,elephant
ASG000d9im,S4/L11/L11_R2/S4_L11_R2_IMAG0395.JPG,elephant
ASG000f20k,S4/M03/M03_R2/S4_M03_R2_IMAG1161.JPG,buffalo
ASG000f20k,S4/M03/M03_R2/S4_M03_R2_IMAG1162.JPG,buffalo
ASG000f20k,S4/M03/M03_R2/S4_M03_R2_IMAG1163.JPG,buffalo
ASG000f29x,S4/M03/M03_R2/S4_M03_R2_IMAG1218.JPG,buffalo
ASG000eq2y,S4/M04/M04_R2/S4_M04_R2_IMAG0779.JPG,wildebeest
ASG000eq2y,S4/M04/M04_R2/S4_M04_R2_IMAG0780.JPG,wildebeest
ASG000eq2y,S4/M04/M04_R2/S4_M04_R2_IMAG0781.JPG,wildebeest
ASG000bnv0,S4/M06/M06_R1/S4_M06_R1_IMAG0066.JPG,buffalo
ASG000bnv0,S4/M06/M06_R1/S4_M06_R1_IMAG0067.JPG,buffalo
ASG000bnv0,S4/M06/M06_R1/S4_M06_R1_IMAG0068.JPG,buffalo
ASG000bnuk,S4/M06/M06_R1/S4_M06_R1_IMAG0093.JPG,buffalo
ASG000bnuk,S4/M06/M06_R1/S4_M06_R1_IMAG0094.JPG,buffalo
ASG000bnuk,S4/M06/M06_R1/S4_M06_R1_IMAG0095.JPG,buffalo
ASG000bnuu,S4/M06/M06_R1/S4_M06_R1_IMAG0102.JPG,buffalo
ASG000bnuu,S4/M06/M06_R1/S4_M06_R1_IMAG0103.JPG,buffalo
ASG000bnuu,S4/M06/M06_R1/S4_M06_R1_IMAG0104.JPG,buffalo
ASG000bnsc,S4/M06/M06_R1/S4_M06_R1_IMAG0108.JPG,buffalo
ASG000bnsc,S4/M06/M06_R1/S4_M06_R1_IMAG0109.JPG,buffalo
ASG000bnsc,S4/M06/M06_R1/S4_M06_R1_IMAG0110.JPG,buffalo
ASG000bnte,S4/M06/M06_R1/S4_M06_R1_IMAG0123.JPG,buffalo
ASG000bnte,S4/M06/M06_R1/S4_M06_R1_IMAG0124.JPG,buffalo
ASG000bnte,S4/M06/M06_R1/S4_M06_R1_IMAG0125.JPG,buffalo
ASG000bns1,S4/M06/M06_R1/S4_M06_R1_IMAG0250.JPG,giraffe
ASG000bns1,S4/M06/M06_R1/S4_M06_R1_IMAG0251.JPG,giraffe
ASG000bns1,S4/M06/M06_R1/S4_M06_R1_IMAG0252.JPG,giraffe
ASG000bnp6,S4/M06/M06_R2/S4_M06_R2_IMAG0054.JPG,giraffe
ASG000bnp6,S4/M06/M06_R2/S4_M06_R2_IMAG0055.JPG,giraffe
ASG000bnp6,S4/M06/M06_R2/S4_M06_R2_IMAG0056.JPG,giraffe
ASG000bnoi,S4/M06/M06_R2/S4_M06_R2_IMAG0146.JPG,wildebeest
ASG000bnoi,S4/M06/M06_R2/S4_M06_R2_IMAG0147.JPG,wildebeest
ASG000bnoi,S4/M06/M06_R2/S4_M06_R2_IMAG0148.JPG,wildebeest
ASG000bno7,S4/M06/M06_R2/S4_M06_R2_IMAG0191.JPG,wildebeest
ASG000bno7,S4/M06/M06_R2/S4_M06_R2_IMAG0192.JPG,wildebeest
ASG000bno7,S4/M06/M06_R2/S4_M06_R2_IMAG0193.JPG,wildebeest
ASG000bnp5,S4/M06/M06_R2/S4_M06_R2_IMAG0389.JPG,wildebeest
ASG000bnp5,S4/M06/M06_R2/S4_M06_R2_IMAG0390.JPG,wildebeest
ASG000bnp5,S4/M06/M06_R2/S4_M06_R2_IMAG0391.JPG,wildebeest
ASG000cs7e,S4/M08/M08_R1/S4_M08_R1_IMAG0049.JPG,elephant
ASG000cs7e,S4/M08/M08_R1/S4_M08_R1_IMAG0050.JPG,elephant
ASG000cs7e,S4/M08/M08_R1/S4_M08_R1_IMAG0051.JPG,elephant
ASG000cs7f,S4/M08/M08_R1/S4_M08_R1_IMAG0111.JPG,zebra
ASG000cs3u,S4/M08/M08_R2/S4_M08_R2_IMAG6108.JPG,elephant
ASG000cs3u,S4/M08/M08_R2/S4_M08_R2_IMAG6109.JPG,elephant
ASG000cs3u,S4/M08/M08_R2/S4_M08_R2_IMAG6110.JPG,elephant
ASG000cs4b,S4/M08/M08_R2/S4_M08_R2_IMAG6132.JPG,zebra
ASG000cs4b,S4/M08/M08_R2/S4_M08_R2_IMAG6133.JPG,zebra
ASG000cs4b,S4/M08/M08_R2/S4_M08_R2_IMAG6134.JPG,zebra
ASG000cs4x,S4/M08/M08_R2/S4_M08_R2_IMAG6150.JPG,wildebeest
ASG000cs4x,S4/M08/M08_R2/S4_M08_R2_IMAG6151.JPG,wildebeest
ASG000cs4x,S4/M08/M08_R2/S4_M08_R2_IMAG6152.JPG,wildebeest
ASG000cs50,S4/M08/M08_R2/S4_M08_R2_IMAG6180.JPG,wildebeest
ASG000cs50,S4/M08/M08_R2/S4_M08_R2_IMAG6181.JPG,wildebeest
ASG000cs50,S4/M08/M08_R2/S4_M08_R2_IMAG6182.JPG,wildebeest
ASG000cs6y,S4/M08/M08_R2/S4_M08_R2_IMAG6213.JPG,zebra
ASG000cs6y,S4/M08/M08_R2/S4_M08_R2_IMAG6214.JPG,zebra
ASG000cs6y,S4/M08/M08_R2/S4_M08_R2_IMAG6215.JPG,zebra
ASG000f5bs,S4/M09/M09_R2/S4_M09_R2_IMAG0277.JPG,zebra
ASG000f5bs,S4/M09/M09_R2/S4_M09_R2_IMAG0278.JPG,zebra
ASG000f5bs,S4/M09/M09_R2/S4_M09_R2_IMAG0279.JPG,zebra
ASG000f5vj,S4/M09/M09_R2/S4_M09_R2_IMAG0472.JPG,wildebeest
ASG000f5vj,S4/M09/M09_R2/S4_M09_R2_IMAG0473.JPG,wildebeest
ASG000f5vj,S4/M09/M09_R2/S4_M09_R2_IMAG0474.JPG,wildebeest
ASG000f5ec,S4/M09/M09_R2/S4_M09_R2_IMAG0499.JPG,wildebeest
ASG000f5ec,S4/M09/M09_R2/S4_M09_R2_IMAG0500.JPG,wildebeest
ASG000f5ec,S4/M09/M09_R2/S4_M09_R2_IMAG0501.JPG,wildebeest
ASG000f5xk,S4/M09/M09_R2/S4_M09_R2_IMAG0581.JPG,wildebeest
ASG000f5lx,S4/M09/M09_R2/S4_M09_R2_IMAG0598.JPG,wildebeest
ASG000f5lx,S4/M09/M09_R2/S4_M09_R2_IMAG0599.JPG,wildebeest
ASG000f5lx,S4/M09/M09_R2/S4_M09_R2_IMAG0600.JPG,wildebeest
ASG000f5bl,S4/M09/M09_R2/S4_M09_R2_IMAG0616.JPG,wildebeest
ASG000f5bl,S4/M09/M09_R2/S4_M09_R2_IMAG0617.JPG,wildebeest
ASG000f5bl,S4/M09/M09_R2/S4_M09_R2_IMAG0618.JPG,wildebeest
ASG000ceez,S4/M11/M11_R2/S4_M11_R2_IMAG0232.JPG,gazelleGrants
ASG000ceez,S4/M11/M11_R2/S4_M11_R2_IMAG0233.JPG,gazelleGrants
ASG000ceez,S4/M11/M11_R2/S4_M11_R2_IMAG0234.JPG,gazelleGrants
ASG000cegl,S4/M11/M11_R2/S4_M11_R2_IMAG0871.JPG,gazelleThomsons
ASG000cegl,S4/M11/M11_R2/S4_M11_R2_IMAG0872.JPG,gazelleThomsons
ASG000cegl,S4/M11/M11_R2/S4_M11_R2_IMAG0873.JPG,gazelleThomsons
ASG000ceee,S4/M11/M11_R2/S4_M11_R2_IMAG1102.JPG,wildebeest
ASG000ear7,S4/M13/M13_R2/S4_M13_R2_IMAG0232.JPG,wildebeest
ASG000ear7,S4/M13/M13_R2/S4_M13_R2_IMAG0233.JPG,wildebeest
ASG000ear7,S4/M13/M13_R2/S4_M13_R2_IMAG0234.JPG,wildebeest
ASG000ealu,S4/M13/M13_R2/S4_M13_R2_IMAG0256.JPG,wildebeest
ASG000ealu,S4/M13/M13_R2/S4_M13_R2_IMAG0257.JPG,wildebeest
ASG000ealu,S4/M13/M13_R2/S4_M13_R2_IMAG0258.JPG,wildebeest
ASG000eauh,S4/M13/M13_R2/S4_M13_R2_IMAG0322.JPG,wildebeest
ASG000eauh,S4/M13/M13_R2/S4_M13_R2_IMAG0323.JPG,wildebeest
ASG000eauh,S4/M13/M13_R2/S4_M13_R2_IMAG0324.JPG,wildebeest
ASG000eawz,S4/M13/M13_R2/S4_M13_R2_IMAG0325.JPG,wildebeest
ASG000eawz,S4/M13/M13_R2/S4_M13_R2_IMAG0326.JPG,wildebeest
ASG000eawz,S4/M13/M13_R2/S4_M13_R2_IMAG0327.JPG,wildebeest
ASG000eb7w,S4/M13/M13_R2/S4_M13_R2_IMAG0328.JPG,wildebeest
ASG000eb7w,S4/M13/M13_R2/S4_M13_R2_IMAG0329.JPG,wildebeest
ASG000eb7w,S4/M13/M13_R2/S4_M13_R2_IMAG0330.JPG,wildebeest
ASG000eap1,S4/M13/M13_R2/S4_M13_R2_IMAG0412.JPG,wildebeest
ASG000eap1,S4/M13/M13_R2/S4_M13_R2_IMAG0413.JPG,wildebeest
ASG000eap1,S4/M13/M13_R2/S4_M13_R2_IMAG0414.JPG,wildebeest
ASG000eaez,S4/M13/M13_R2/S4_M13_R2_IMAG0493.JPG,wildebeest
ASG000eaez,S4/M13/M13_R2/S4_M13_R2_IMAG0494.JPG,wildebeest
ASG000eaez,S4/M13/M13_R2/S4_M13_R2_IMAG0495.JPG,wildebeest
ASG000eai8,S4/M13/M13_R2/S4_M13_R2_IMAG0553.JPG,wildebeest
ASG000eai8,S4/M13/M13_R2/S4_M13_R2_IMAG0554.JPG,wildebeest
ASG000eai8,S4/M13/M13_R2/S4_M13_R2_IMAG0555.JPG,wildebeest
ASG000ebgn,S4/M13/M13_R2/S4_M13_R2_IMAG0562.JPG,wildebeest
ASG000ebgn,S4/M13/M13_R2/S4_M13_R2_IMAG0563.JPG,wildebeest
ASG000ebgn,S4/M13/M13_R2/S4_M13_R2_IMAG0564.JPG,wildebeest
ASG000ebf6,S4/M13/M13_R2/S4_M13_R2_IMAG0763.JPG,wildebeest
ASG000ebf6,S4/M13/M13_R2/S4_M13_R2_IMAG0764.JPG,wildebeest
ASG000ebf6,S4/M13/M13_R2/S4_M13_R2_IMAG0765.JPG,wildebeest
ASG000ebha,S4/M13/M13_R2/S4_M13_R2_IMAG0781.JPG,wildebeest
ASG000eaer,S4/M13/M13_R2/S4_M13_R2_IMAG0784.JPG,wildebeest
ASG000eb4q,S4/M13/M13_R2/S4_M13_R2_IMAG0794.JPG,wildebeest
ASG000ebe5,S4/M13/M13_R2/S4_M13_R2_IMAG0809.JPG,wildebeest
ASG000ebaa,S4/M13/M13_R2/S4_M13_R2_IMAG0823.JPG,wildebeest
ASG000ebiu,S4/M13/M13_R2/S4_M13_R2_IMAG0840.JPG,wildebeest
ASG000eb7b,S4/M13/M13_R2/S4_M13_R2_IMAG0851.JPG,wildebeest
ASG000earp,S4/M13/M13_R2/S4_M13_R2_IMAG0868.JPG,wildebeest
ASG000eaxq,S4/M13/M13_R2/S4_M13_R2_IMAG0882.JPG,wildebeest
ASG000eabf,S4/M13/M13_R2/S4_M13_R2_IMAG0894.JPG,wildebeest
ASG000eaj3,S4/M13/M13_R2/S4_M13_R2_IMAG0919.JPG,wildebeest
ASG000eaj3,S4/M13/M13_R2/S4_M13_R2_IMAG0920.JPG,wildebeest
ASG000eaj3,S4/M13/M13_R2/S4_M13_R2_IMAG0921.JPG,wildebeest
ASG000eade,S4/M13/M13_R2/S4_M13_R2_IMAG0964.JPG,wildebeest
ASG000eade,S4/M13/M13_R2/S4_M13_R2_IMAG0965.JPG,wildebeest
ASG000eade,S4/M13/M13_R2/S4_M13_R2_IMAG0966.JPG,wildebeest
ASG000eaml,S4/M13/M13_R2/S4_M13_R2_IMAG0985.JPG,wildebeest
ASG000eaml,S4/M13/M13_R2/S4_M13_R2_IMAG0986.JPG,wildebeest
ASG000eaml,S4/M13/M13_R2/S4_M13_R2_IMAG0987.JPG,wildebeest
ASG000eav9,S4/M13/M13_R2/S4_M13_R2_IMAG1027.JPG,wildebeest
ASG000eav9,S4/M13/M13_R2/S4_M13_R2_IMAG1028.JPG,wildebeest
ASG000eav9,S4/M13/M13_R2/S4_M13_R2_IMAG1029.JPG,wildebeest
ASG000eab7,S4/M13/M13_R2/S4_M13_R2_IMAG1159.JPG,wildebeest
ASG000eab7,S4/M13/M13_R2/S4_M13_R2_IMAG1160.JPG,wildebeest
ASG000eab7,S4/M13/M13_R2/S4_M13_R2_IMAG1161.JPG,wildebeest
ASG000eazq,S4/M13/M13_R2/S4_M13_R2_IMAG1171.JPG,wildebeest
ASG000eazq,S4/M13/M13_R2/S4_M13_R2_IMAG1172.JPG,wildebeest
ASG000eazq,S4/M13/M13_R2/S4_M13_R2_IMAG1173.JPG,wildebeest
ASG000eb62,S4/M13/M13_R2/S4_M13_R2_IMAG1193.JPG,wildebeest
ASG000ebhy,S4/M13/M13_R2/S4_M13_R2_IMAG1208.JPG,wildebeest
ASG000ebhy,S4/M13/M13_R2/S4_M13_R2_IMAG1209.JPG,wildebeest
ASG000ebhy,S4/M13/M13_R2/S4_M13_R2_IMAG1210.JPG,wildebeest
ASG000eb0g,S4/M13/M13_R2/S4_M13_R2_IMAG1290.JPG,gazelleGrants
ASG000eb0g,S4/M13/M13_R2/S4_M13_R2_IMAG1291.JPG,gazelleGrants
ASG000eb0g,S4/M13/M13_R2/S4_M13_R2_IMAG1292.JPG,gazelleGrants
ASG000eaec,S4/M13/M13_R2/S4_M13_R2_IMAG1325.JPG,gazelleGrants
ASG000eaec,S4/M13/M13_R2/S4_M13_R2_IMAG1326.JPG,gazelleGrants
ASG000eaec,S4/M13/M13_R2/S4_M13_R2_IMAG1327.JPG,gazelleGrants
ASG000eb2q,S4/M13/M13_R2/S4_M13_R2_IMAG1507.JPG,gazelleGrants
ASG000eapb,S4/M13/M13_R2/S4_M13_R2_IMAG1525.JPG,gazelleGrants
ASG000eapb,S4/M13/M13_R2/S4_M13_R2_IMAG1526.JPG,gazelleGrants
ASG000eapb,S4/M13/M13_R2/S4_M13_R2_IMAG1527.JPG,gazelleGrants
ASG000eakq,S4/M13/M13_R2/S4_M13_R2_IMAG1624.JPG,wildebeest
ASG000eakq,S4/M13/M13_R2/S4_M13_R2_IMAG1625.JPG,wildebeest
ASG000eakq,S4/M13/M13_R2/S4_M13_R2_IMAG1626.JPG,wildebeest
ASG000ebed,S4/M13/M13_R2/S4_M13_R2_IMAG1702.JPG,wildebeest
ASG000ebed,S4/M13/M13_R2/S4_M13_R2_IMAG1703.JPG,wildebeest
ASG000ebed,S4/M13/M13_R2/S4_M13_R2_IMAG1704.JPG,wildebeest
ASG000eb2c,S4/M13/M13_R2/S4_M13_R2_IMAG1744.JPG,wildebeest
ASG000eb2c,S4/M13/M13_R2/S4_M13_R2_IMAG1745.JPG,wildebeest
ASG000eb2c,S4/M13/M13_R2/S4_M13_R2_IMAG1746.JPG,wildebeest
ASG000ear8,S4/M13/M13_R2/S4_M13_R2_IMAG1804.JPG,wildebeest
ASG000ear8,S4/M13/M13_R2/S4_M13_R2_IMAG1805.JPG,wildebeest
ASG000ear8,S4/M13/M13_R2/S4_M13_R2_IMAG1806.JPG,wildebeest
ASG000eagb,S4/M13/M13_R2/S4_M13_R2_IMAG1825.JPG,wildebeest
ASG000eagb,S4/M13/M13_R2/S4_M13_R2_IMAG1826.JPG,wildebeest
ASG000eagb,S4/M13/M13_R2/S4_M13_R2_IMAG1827.JPG,wildebeest
ASG000eb8l,S4/M13/M13_R2/S4_M13_R2_IMAG1837.JPG,wildebeest
ASG000eb8l,S4/M13/M13_R2/S4_M13_R2_IMAG1838.JPG,wildebeest
ASG000eb8l,S4/M13/M13_R2/S4_M13_R2_IMAG1839.JPG,wildebeest
ASG000eaak,S4/M13/M13_R2/S4_M13_R2_IMAG1885.JPG,wildebeest
ASG000eaak,S4/M13/M13_R2/S4_M13_R2_IMAG1886.JPG,wildebeest
ASG000eaak,S4/M13/M13_R2/S4_M13_R2_IMAG1887.JPG,wildebeest
ASG000ebgx,S4/M13/M13_R2/S4_M13_R2_IMAG1903.JPG,wildebeest
ASG000ebgx,S4/M13/M13_R2/S4_M13_R2_IMAG1904.JPG,wildebeest
ASG000ebgx,S4/M13/M13_R2/S4_M13_R2_IMAG1905.JPG,wildebeest
ASG000eacy,S4/M13/M13_R2/S4_M13_R2_IMAG1906.JPG,wildebeest
ASG000eacy,S4/M13/M13_R2/S4_M13_R2_IMAG1907.JPG,wildebeest
ASG000eacy,S4/M13/M13_R2/S4_M13_R2_IMAG1908.JPG,wildebeest
ASG000eat6,S4/M13/M13_R2/S4_M13_R2_IMAG1924.JPG,wildebeest
ASG000eat6,S4/M13/M13_R2/S4_M13_R2_IMAG1925.JPG,wildebeest
ASG000eat6,S4/M13/M13_R2/S4_M13_R2_IMAG1926.JPG,wildebeest
ASG000eapa,S4/M13/M13_R2/S4_M13_R2_IMAG1957.JPG,wildebeest
ASG000eapa,S4/M13/M13_R2/S4_M13_R2_IMAG1958.JPG,wildebeest
ASG000eapa,S4/M13/M13_R2/S4_M13_R2_IMAG1959.JPG,wildebeest
ASG000ebhd,S4/M13/M13_R2/S4_M13_R2_IMAG2312.JPG,wildebeest
ASG000eaju,S4/M13/M13_R2/S4_M13_R2_IMAG2322.JPG,wildebeest
ASG000ebfa,S4/M13/M13_R2/S4_M13_R2_IMAG2327.JPG,wildebeest
ASG000ebkp,S4/M13/M13_R2/S4_M13_R2_IMAG2328.JPG,wildebeest
ASG000easb,S4/M13/M13_R2/S4_M13_R2_IMAG2836.JPG,warthog
ASG000easb,S4/M13/M13_R2/S4_M13_R2_IMAG2837.JPG,warthog
ASG000easb,S4/M13/M13_R2/S4_M13_R2_IMAG2838.JPG,warthog
ASG000dryq,S4/N04/N04_R2/S4_N04_R2_IMAG0117.JPG,zebra
ASG000dryq,S4/N04/N04_R2/S4_N04_R2_IMAG0118.JPG,zebra
ASG000dryq,S4/N04/N04_R2/S4_N04_R2_IMAG0119.JPG,zebra
ASG000drwv,S4/N04/N04_R2/S4_N04_R2_IMAG0184.JPG,zebra
ASG000drwv,S4/N04/N04_R2/S4_N04_R2_IMAG0185.JPG,zebra
ASG000drwv,S4/N04/N04_R2/S4_N04_R2_IMAG0186.JPG,zebra
ASG000drza,S4/N04/N04_R2/S4_N04_R2_IMAG0198.JPG,wildebeest
ASG000drza,S4/N04/N04_R2/S4_N04_R2_IMAG0199.JPG,wildebeest
ASG000drza,S4/N04/N04_R2/S4_N04_R2_IMAG0200.JPG,wildebeest
ASG000drxj,S4/N04/N04_R2/S4_N04_R2_IMAG0201.JPG,wildebeest
ASG000drxj,S4/N04/N04_R2/S4_N04_R2_IMAG0202.JPG,wildebeest
ASG000drxj,S4/N04/N04_R2/S4_N04_R2_IMAG0203.JPG,wildebeest
ASG000drvq,S4/N04/N04_R2/S4_N04_R2_IMAG0228.JPG,wildebeest
ASG000drvq,S4/N04/N04_R2/S4_N04_R2_IMAG0229.JPG,wildebeest
ASG000drvq,S4/N04/N04_R2/S4_N04_R2_IMAG0230.JPG,wildebeest
ASG000dryx,S4/N04/N04_R2/S4_N04_R2_IMAG0289.JPG,impala
ASG000dryx,S4/N04/N04_R2/S4_N04_R2_IMAG0290.JPG,impala
ASG000dryx,S4/N04/N04_R2/S4_N04_R2_IMAG0291.JPG,impala
ASG000drzf,S4/N04/N04_R2/S4_N04_R2_IMAG0307.JPG,impala
ASG000drzf,S4/N04/N04_R2/S4_N04_R2_IMAG0308.JPG,impala
ASG000drzf,S4/N04/N04_R2/S4_N04_R2_IMAG0309.JPG,impala
ASG000drut,S4/N04/N04_R2/S4_N04_R2_IMAG0338.JPG,buffalo
ASG000drut,S4/N04/N04_R2/S4_N04_R2_IMAG0339.JPG,buffalo
ASG000drut,S4/N04/N04_R2/S4_N04_R2_IMAG0340.JPG,buffalo
ASG000drze,S4/N04/N04_R2/S4_N04_R2_IMAG0373.JPG,impala
ASG000drze,S4/N04/N04_R2/S4_N04_R2_IMAG0374.JPG,impala
ASG000drze,S4/N04/N04_R2/S4_N04_R2_IMAG0375.JPG,impala
ASG000drv0,S4/N04/N04_R2/S4_N04_R2_IMAG0394.JPG,hartebeest
ASG000drv0,S4/N04/N04_R2/S4_N04_R2_IMAG0395.JPG,hartebeest
ASG000drv0,S4/N04/N04_R2/S4_N04_R2_IMAG0396.JPG,hartebeest
ASG000drzj,S4/N04/N04_R2/S4_N04_R2_IMAG0403.JPG,hartebeest
ASG000drzj,S4/N04/N04_R2/S4_N04_R2_IMAG0404.JPG,hartebeest
ASG000drzj,S4/N04/N04_R2/S4_N04_R2_IMAG0405.JPG,hartebeest
ASG000dryv,S4/N04/N04_R2/S4_N04_R2_IMAG0412.JPG,giraffe
ASG000dryv,S4/N04/N04_R2/S4_N04_R2_IMAG0413.JPG,giraffe
ASG000dryv,S4/N04/N04_R2/S4_N04_R2_IMAG0414.JPG,giraffe
ASG000drxe,S4/N04/N04_R2/S4_N04_R2_IMAG0508.JPG,wildebeest
ASG000drxe,S4/N04/N04_R2/S4_N04_R2_IMAG0509.JPG,wildebeest
ASG000drxe,S4/N04/N04_R2/S4_N04_R2_IMAG0510.JPG,wildebeest
ASG000drwt,S4/N04/N04_R2/S4_N04_R2_IMAG0535.JPG,wildebeest
ASG000drwt,S4/N04/N04_R2/S4_N04_R2_IMAG0536.JPG,wildebeest
ASG000drwt,S4/N04/N04_R2/S4_N04_R2_IMAG0537.JPG,wildebeest
ASG000dryb,S4/N04/N04_R2/S4_N04_R2_IMAG0541.JPG,wildebeest
ASG000dryb,S4/N04/N04_R2/S4_N04_R2_IMAG0542.JPG,wildebeest
ASG000dryb,S4/N04/N04_R2/S4_N04_R2_IMAG0543.JPG,wildebeest
ASG000bnm9,S4/N05/N05_R1/S4_N05_R1_IMAG0023.JPG,hartebeest
ASG000bnm9,S4/N05/N05_R1/S4_N05_R1_IMAG0024.JPG,hartebeest
ASG000bnm9,S4/N05/N05_R1/S4_N05_R1_IMAG0025.JPG,hartebeest
ASG000bnls,S4/N05/N05_R1/S4_N05_R1_IMAG0041.JPG,hartebeest
ASG000bnls,S4/N05/N05_R1/S4_N05_R1_IMAG0042.JPG,hartebeest
ASG000bnls,S4/N05/N05_R1/S4_N05_R1_IMAG0043.JPG,hartebeest
ASG000bnln,S4/N05/N05_R1/S4_N05_R1_IMAG0097.JPG,impala
ASG000bnln,S4/N05/N05_R1/S4_N05_R1_IMAG0098.JPG,impala
ASG000bnln,S4/N05/N05_R1/S4_N05_R1_IMAG0099.JPG,impala
ASG000bniv,S4/N05/N05_R2/S4_N05_R2_IMAG0046.JPG,gazelleGrants
ASG000bniv,S4/N05/N05_R2/S4_N05_R2_IMAG0047.JPG,gazelleGrants
ASG000bniv,S4/N05/N05_R2/S4_N05_R2_IMAG0048.JPG,gazelleGrants
ASG000bm9a,S4/N05/N05_R2/S4_N05_R2_IMAG0202.JPG,wildebeest
ASG000bm9a,S4/N05/N05_R2/S4_N05_R2_IMAG0203.JPG,wildebeest
ASG000bm9a,S4/N05/N05_R2/S4_N05_R2_IMAG0204.JPG,wildebeest
ASG000bmaa,S4/N05/N05_R2/S4_N05_R2_IMAG0205.JPG,wildebeest
ASG000bmaa,S4/N05/N05_R2/S4_N05_R2_IMAG0206.JPG,wildebeest
ASG000bmaa,S4/N05/N05_R2/S4_N05_R2_IMAG0207.JPG,wildebeest
ASG000bmjb,S4/N05/N05_R2/S4_N05_R2_IMAG0241.JPG,wildebeest
ASG000bmjb,S4/N05/N05_R2/S4_N05_R2_IMAG0242.JPG,wildebeest
ASG000bmjb,S4/N05/N05_R2/S4_N05_R2_IMAG0243.JPG,wildebeest
ASG000bnha,S4/N05/N05_R2/S4_N05_R2_IMAG0247.JPG,wildebeest
ASG000bnha,S4/N05/N05_R2/S4_N05_R2_IMAG0248.JPG,wildebeest
ASG000bnha,S4/N05/N05_R2/S4_N05_R2_IMAG0249.JPG,wildebeest
ASG000bmv3,S4/N05/N05_R2/S4_N05_R2_IMAG0259.JPG,wildebeest
ASG000bmv3,S4/N05/N05_R2/S4_N05_R2_IMAG0260.JPG,wildebeest
ASG000bmv3,S4/N05/N05_R2/S4_N05_R2_IMAG0261.JPG,wildebeest
ASG000bnke,S4/N05/N05_R2/S4_N05_R2_IMAG0322.JPG,wildebeest
ASG000bnke,S4/N05/N05_R2/S4_N05_R2_IMAG0323.JPG,wildebeest
ASG000bnke,S4/N05/N05_R2/S4_N05_R2_IMAG0324.JPG,wildebeest
ASG000bn5j,S4/N05/N05_R2/S4_N05_R2_IMAG0334.JPG,warthog
ASG000bn5j,S4/N05/N05_R2/S4_N05_R2_IMAG0335.JPG,warthog
ASG000bn5j,S4/N05/N05_R2/S4_N05_R2_IMAG0336.JPG,warthog
ASG000cyzv,S4/N06/N06_R1/S4_N06_R1_IMAG0119.JPG,hartebeest
ASG000cyzv,S4/N06/N06_R1/S4_N06_R1_IMAG0120.JPG,hartebeest
ASG000cyzv,S4/N06/N06_R1/S4_N06_R1_IMAG0121.JPG,hartebeest
ASG000cz2a,S4/N06/N06_R1/S4_N06_R1_IMAG0122.JPG,hartebeest
ASG000cz2a,S4/N06/N06_R1/S4_N06_R1_IMAG0123.JPG,hartebeest
ASG000cz2a,S4/N06/N06_R1/S4_N06_R1_IMAG0124.JPG,hartebeest
ASG000cz44,S4/N06/N06_R1/S4_N06_R1_IMAG0140.JPG,hartebeest
ASG000cz44,S4/N06/N06_R1/S4_N06_R1_IMAG0141.JPG,hartebeest
ASG000cz44,S4/N06/N06_R1/S4_N06_R1_IMAG0142.JPG,hartebeest
ASG000cz6v,S4/N06/N06_R1/S4_N06_R1_IMAG0210.JPG,hartebeest
ASG000cz6v,S4/N06/N06_R1/S4_N06_R1_IMAG0211.JPG,hartebeest
ASG000cz6v,S4/N06/N06_R1/S4_N06_R1_IMAG0212.JPG,hartebeest
ASG000cz57,S4/N06/N06_R1/S4_N06_R1_IMAG0216.JPG,hartebeest
ASG000cz57,S4/N06/N06_R1/S4_N06_R1_IMAG0217.JPG,hartebeest
ASG000cz57,S4/N06/N06_R1/S4_N06_R1_IMAG0218.JPG,hartebeest
ASG000czdm,S4/N06/N06_R1/S4_N06_R1_IMAG0276.JPG,hartebeest
ASG000czdm,S4/N06/N06_R1/S4_N06_R1_IMAG0277.JPG,hartebeest
ASG000czdm,S4/N06/N06_R1/S4_N06_R1_IMAG0278.JPG,hartebeest
ASG000czd3,S4/N06/N06_R1/S4_N06_R1_IMAG0327.JPG,hartebeest
ASG000czd3,S4/N06/N06_R1/S4_N06_R1_IMAG0328.JPG,hartebeest
ASG000czd3,S4/N06/N06_R1/S4_N06_R1_IMAG0329.JPG,hartebeest
ASG000cz7v,S4/N06/N06_R1/S4_N06_R1_IMAG0360.JPG,hartebeest
ASG000cz7v,S4/N06/N06_R1/S4_N06_R1_IMAG0361.JPG,hartebeest
ASG000cz7v,S4/N06/N06_R1/S4_N06_R1_IMAG0362.JPG,hartebeest
ASG000czbb,S4/N06/N06_R1/S4_N06_R1_IMAG0406.JPG,hartebeest
ASG000czbb,S4/N06/N06_R1/S4_N06_R1_IMAG0407.JPG,hartebeest
ASG000czbb,S4/N06/N06_R1/S4_N06_R1_IMAG0408.JPG,hartebeest
ASG000czc3,S4/N06/N06_R1/S4_N06_R1_IMAG0463.JPG,hartebeest
ASG000czc3,S4/N06/N06_R1/S4_N06_R1_IMAG0464.JPG,hartebeest
ASG000czc3,S4/N06/N06_R1/S4_N06_R1_IMAG0465.JPG,hartebeest
ASG000cz2e,S4/N06/N06_R1/S4_N06_R1_IMAG0595.JPG,hartebeest
ASG000cz2e,S4/N06/N06_R1/S4_N06_R1_IMAG0596.JPG,hartebeest
ASG000cz2e,S4/N06/N06_R1/S4_N06_R1_IMAG0597.JPG,hartebeest
ASG000cz0w,S4/N06/N06_R1/S4_N06_R1_IMAG0619.JPG,hartebeest
ASG000cz0w,S4/N06/N06_R1/S4_N06_R1_IMAG0620.JPG,hartebeest
ASG000cz0w,S4/N06/N06_R1/S4_N06_R1_IMAG0621.JPG,hartebeest
ASG000czb6,S4/N06/N06_R1/S4_N06_R1_IMAG0709.JPG,gazelleGrants
ASG000czb6,S4/N06/N06_R1/S4_N06_R1_IMAG0710.JPG,gazelleGrants
ASG000czb6,S4/N06/N06_R1/S4_N06_R1_IMAG0711.JPG,gazelleGrants
ASG000cyzw,S4/N06/N06_R1/S4_N06_R1_IMAG0730.JPG,gazelleGrants
ASG000cyzw,S4/N06/N06_R1/S4_N06_R1_IMAG0731.JPG,gazelleGrants
ASG000cyzw,S4/N06/N06_R1/S4_N06_R1_IMAG0732.JPG,gazelleGrants
ASG000cz6n,S4/N06/N06_R1/S4_N06_R1_IMAG0754.JPG,gazelleGrants
ASG000cz6n,S4/N06/N06_R1/S4_N06_R1_IMAG0755.JPG,gazelleGrants
ASG000cz6n,S4/N06/N06_R1/S4_N06_R1_IMAG0756.JPG,gazelleGrants
ASG000cz02,S4/N06/N06_R1/S4_N06_R1_IMAG0853.JPG,zebra
ASG000cz02,S4/N06/N06_R1/S4_N06_R1_IMAG0854.JPG,zebra
ASG000cz02,S4/N06/N06_R1/S4_N06_R1_IMAG0855.JPG,zebra
ASG000cz23,S4/N06/N06_R1/S4_N06_R1_IMAG0868.JPG,hartebeest
ASG000cz23,S4/N06/N06_R1/S4_N06_R1_IMAG0869.JPG,hartebeest
ASG000cz23,S4/N06/N06_R1/S4_N06_R1_IMAG0870.JPG,hartebeest
ASG000cz43,S4/N06/N06_R1/S4_N06_R1_IMAG0877.JPG,hartebeest
ASG000cz43,S4/N06/N06_R1/S4_N06_R1_IMAG0878.JPG,hartebeest
ASG000cz43,S4/N06/N06_R1/S4_N06_R1_IMAG0879.JPG,hartebeest
ASG000cz4q,S4/N06/N06_R1/S4_N06_R1_IMAG0928.JPG,hartebeest
ASG000cz4q,S4/N06/N06_R1/S4_N06_R1_IMAG0929.JPG,hartebeest
ASG000cz4q,S4/N06/N06_R1/S4_N06_R1_IMAG0930.JPG,hartebeest
ASG000cz0y,S4/N06/N06_R1/S4_N06_R1_IMAG1059.JPG,gazelleThomsons
ASG000cz0y,S4/N06/N06_R1/S4_N06_R1_IMAG1060.JPG,gazelleThomsons
ASG000cz0y,S4/N06/N06_R1/S4_N06_R1_IMAG1061.JPG,gazelleThomsons
ASG000czb7,S4/N06/N06_R1/S4_N06_R1_IMAG1149.JPG,gazelleThomsons
ASG000czb7,S4/N06/N06_R1/S4_N06_R1_IMAG1150.JPG,gazelleThomsons
ASG000czb7,S4/N06/N06_R1/S4_N06_R1_IMAG1151.JPG,gazelleThomsons
ASG000cz8r,S4/N06/N06_R1/S4_N06_R1_IMAG1324.JPG,wildebeest
ASG000cz8r,S4/N06/N06_R1/S4_N06_R1_IMAG1325.JPG,wildebeest
ASG000cz8r,S4/N06/N06_R1/S4_N06_R1_IMAG1326.JPG,wildebeest
ASG000czdp,S4/N06/N06_R1/S4_N06_R1_IMAG1333.JPG,wildebeest
ASG000czdp,S4/N06/N06_R1/S4_N06_R1_IMAG1334.JPG,wildebeest
ASG000czdp,S4/N06/N06_R1/S4_N06_R1_IMAG1335.JPG,wildebeest
ASG000cz2g,S4/N06/N06_R1/S4_N06_R1_IMAG1471.JPG,elephant
ASG000cz2g,S4/N06/N06_R1/S4_N06_R1_IMAG1472.JPG,elephant
ASG000cz2g,S4/N06/N06_R1/S4_N06_R1_IMAG1473.JPG,elephant
ASG000cz7q,S4/N06/N06_R1/S4_N06_R1_IMAG1474.JPG,elephant
ASG000cz7k,S4/N06/N06_R1/S4_N06_R1_IMAG1570.JPG,wildebeest
ASG000cz7k,S4/N06/N06_R1/S4_N06_R1_IMAG1571.JPG,wildebeest
ASG000cz7k,S4/N06/N06_R1/S4_N06_R1_IMAG1572.JPG,wildebeest
ASG000cz5d,S4/N06/N06_R1/S4_N06_R1_IMAG1615.JPG,wildebeest
ASG000cz5d,S4/N06/N06_R1/S4_N06_R1_IMAG1616.JPG,wildebeest
ASG000cz5d,S4/N06/N06_R1/S4_N06_R1_IMAG1617.JPG,wildebeest
ASG000cytz,S4/N06/N06_R2/S4_N06_R2_IMAG0071.JPG,zebra
ASG000cytz,S4/N06/N06_R2/S4_N06_R2_IMAG0072.JPG,zebra
ASG000cytz,S4/N06/N06_R2/S4_N06_R2_IMAG0073.JPG,zebra
ASG000cytu,S4/N06/N06_R2/S4_N06_R2_IMAG0074.JPG,zebra
ASG000cytu,S4/N06/N06_R2/S4_N06_R2_IMAG0075.JPG,zebra
ASG000cytu,S4/N06/N06_R2/S4_N06_R2_IMAG0076.JPG,zebra
ASG000cyoc,S4/N06/N06_R2/S4_N06_R2_IMAG0104.JPG,zebra
ASG000cyoc,S4/N06/N06_R2/S4_N06_R2_IMAG0105.JPG,zebra
ASG000cyoc,S4/N06/N06_R2/S4_N06_R2_IMAG0106.JPG,zebra
ASG000cyth,S4/N06/N06_R2/S4_N06_R2_IMAG0134.JPG,wildebeest
ASG000cyth,S4/N06/N06_R2/S4_N06_R2_IMAG0135.JPG,wildebeest
ASG000cyth,S4/N06/N06_R2/S4_N06_R2_IMAG0136.JPG,wildebeest
ASG000cywl,S4/N06/N06_R2/S4_N06_R2_IMAG0262.JPG,hartebeest
ASG000cywl,S4/N06/N06_R2/S4_N06_R2_IMAG0263.JPG,hartebeest
ASG000cywl,S4/N06/N06_R2/S4_N06_R2_IMAG0264.JPG,hartebeest
ASG000cyrp,S4/N06/N06_R2/S4_N06_R2_IMAG0360.JPG,wildebeest
ASG000cyrp,S4/N06/N06_R2/S4_N06_R2_IMAG0361.JPG,wildebeest
ASG000cyrp,S4/N06/N06_R2/S4_N06_R2_IMAG0362.JPG,wildebeest
ASG000cynp,S4/N06/N06_R2/S4_N06_R2_IMAG0393.JPG,wildebeest
ASG000cynp,S4/N06/N06_R2/S4_N06_R2_IMAG0394.JPG,wildebeest
ASG000cynp,S4/N06/N06_R2/S4_N06_R2_IMAG0395.JPG,wildebeest
ASG000cys9,S4/N06/N06_R2/S4_N06_R2_IMAG0463.JPG,warthog
ASG000cys9,S4/N06/N06_R2/S4_N06_R2_IMAG0464.JPG,warthog
ASG000cys9,S4/N06/N06_R2/S4_N06_R2_IMAG0465.JPG,warthog
ASG000cynt,S4/N06/N06_R2/S4_N06_R2_IMAG0725.JPG,wildebeest
ASG000cynt,S4/N06/N06_R2/S4_N06_R2_IMAG0726.JPG,wildebeest
ASG000cynt,S4/N06/N06_R2/S4_N06_R2_IMAG0727.JPG,wildebeest
ASG000cyqt,S4/N06/N06_R2/S4_N06_R2_IMAG0731.JPG,wildebeest
ASG000cyqt,S4/N06/N06_R2/S4_N06_R2_IMAG0732.JPG,wildebeest
ASG000cyqt,S4/N06/N06_R2/S4_N06_R2_IMAG0733.JPG,wildebeest
ASG000cypa,S4/N06/N06_R2/S4_N06_R2_IMAG0740.JPG,wildebeest
ASG000cypa,S4/N06/N06_R2/S4_N06_R2_IMAG0741.JPG,wildebeest
ASG000cypa,S4/N06/N06_R2/S4_N06_R2_IMAG0742.JPG,wildebeest
ASG000cywy,S4/N06/N06_R2/S4_N06_R2_IMAG0767.JPG,wildebeest
ASG000cywy,S4/N06/N06_R2/S4_N06_R2_IMAG0768.JPG,wildebeest
ASG000cywy,S4/N06/N06_R2/S4_N06_R2_IMAG0769.JPG,wildebeest
ASG000cytw,S4/N06/N06_R2/S4_N06_R2_IMAG0819.JPG,wildebeest
ASG000cytw,S4/N06/N06_R2/S4_N06_R2_IMAG0820.JPG,wildebeest
ASG000cytw,S4/N06/N06_R2/S4_N06_R2_IMAG0821.JPG,wildebeest
ASG000cyod,S4/N06/N06_R2/S4_N06_R2_IMAG0831.JPG,wildebeest
ASG000cyod,S4/N06/N06_R2/S4_N06_R2_IMAG0832.JPG,wildebeest
ASG000cyod,S4/N06/N06_R2/S4_N06_R2_IMAG0833.JPG,wildebeest
ASG000cyqx,S4/N06/N06_R2/S4_N06_R2_IMAG0855.JPG,wildebeest
ASG000cyqx,S4/N06/N06_R2/S4_N06_R2_IMAG0856.JPG,wildebeest
ASG000cyqx,S4/N06/N06_R2/S4_N06_R2_IMAG0857.JPG,wildebeest
ASG000cymr,S4/N06/N06_R2/S4_N06_R2_IMAG0954.JPG,wildebeest
ASG000cymr,S4/N06/N06_R2/S4_N06_R2_IMAG0955.JPG,wildebeest
ASG000cymr,S4/N06/N06_R2/S4_N06_R2_IMAG0956.JPG,wildebeest
ASG000cylc,S4/N06/N06_R2/S4_N06_R2_IMAG0987.JPG,wildebeest
ASG000cylc,S4/N06/N06_R2/S4_N06_R2_IMAG0988.JPG,wildebeest
ASG000cylc,S4/N06/N06_R2/S4_N06_R2_IMAG0989.JPG,wildebeest
ASG000cyow,S4/N06/N06_R2/S4_N06_R2_IMAG1047.JPG,wildebeest
ASG000cyow,S4/N06/N06_R2/S4_N06_R2_IMAG1048.JPG,wildebeest
ASG000cyow,S4/N06/N06_R2/S4_N06_R2_IMAG1049.JPG,wildebeest
ASG000cyvf,S4/N06/N06_R2/S4_N06_R2_IMAG1053.JPG,wildebeest
ASG000cyvf,S4/N06/N06_R2/S4_N06_R2_IMAG1054.JPG,wildebeest
ASG000cyvf,S4/N06/N06_R2/S4_N06_R2_IMAG1055.JPG,wildebeest
ASG000cyoz,S4/N06/N06_R2/S4_N06_R2_IMAG1098.JPG,wildebeest
ASG000cyoz,S4/N06/N06_R2/S4_N06_R2_IMAG1099.JPG,wildebeest
ASG000cyoz,S4/N06/N06_R2/S4_N06_R2_IMAG1100.JPG,wildebeest
ASG000cyof,S4/N06/N06_R2/S4_N06_R2_IMAG1200.JPG,zebra
ASG000cyof,S4/N06/N06_R2/S4_N06_R2_IMAG1201.JPG,zebra
ASG000cyof,S4/N06/N06_R2/S4_N06_R2_IMAG1202.JPG,zebra
ASG000cyt8,S4/N06/N06_R2/S4_N06_R2_IMAG1244.JPG,giraffe
ASG000cyt8,S4/N06/N06_R2/S4_N06_R2_IMAG1245.JPG,giraffe
ASG000cyt8,S4/N06/N06_R2/S4_N06_R2_IMAG1246.JPG,giraffe
ASG000bj9p,S4/N08/N08_R1/S4_N08_R1_IMAG0071.JPG,hartebeest
ASG000bj9p,S4/N08/N08_R1/S4_N08_R1_IMAG0072.JPG,hartebeest
ASG000bj9p,S4/N08/N08_R1/S4_N08_R1_IMAG0073.JPG,hartebeest
ASG000bj45,S4/N08/N08_R1/S4_N08_R1_IMAG0107.JPG,hartebeest
ASG000bj45,S4/N08/N08_R1/S4_N08_R1_IMAG0108.JPG,hartebeest
ASG000bj45,S4/N08/N08_R1/S4_N08_R1_IMAG0109.JPG,hartebeest
ASG000bjcp,S4/N08/N08_R1/S4_N08_R1_IMAG0113.JPG,hartebeest
ASG000bjcp,S4/N08/N08_R1/S4_N08_R1_IMAG0114.JPG,hartebeest
ASG000bjcp,S4/N08/N08_R1/S4_N08_R1_IMAG0115.JPG,hartebeest
ASG000bja6,S4/N08/N08_R1/S4_N08_R1_IMAG0335.JPG,hartebeest
ASG000bja6,S4/N08/N08_R1/S4_N08_R1_IMAG0336.JPG,hartebeest
ASG000bja6,S4/N08/N08_R1/S4_N08_R1_IMAG0337.JPG,hartebeest
ASG000bj1l,S4/N08/N08_R1/S4_N08_R1_IMAG0401.JPG,hartebeest
ASG000bj1l,S4/N08/N08_R1/S4_N08_R1_IMAG0402.JPG,hartebeest
ASG000bj1l,S4/N08/N08_R1/S4_N08_R1_IMAG0403.JPG,hartebeest
ASG000bjev,S4/N08/N08_R1/S4_N08_R1_IMAG0407.JPG,hartebeest
ASG000bjev,S4/N08/N08_R1/S4_N08_R1_IMAG0408.JPG,hartebeest
ASG000bjev,S4/N08/N08_R1/S4_N08_R1_IMAG0409.JPG,hartebeest
ASG000bj66,S4/N08/N08_R1/S4_N08_R1_IMAG0425.JPG,hartebeest
ASG000bj66,S4/N08/N08_R1/S4_N08_R1_IMAG0426.JPG,hartebeest
ASG000bj66,S4/N08/N08_R1/S4_N08_R1_IMAG0427.JPG,hartebeest
ASG000bj4g,S4/N08/N08_R1/S4_N08_R1_IMAG0440.JPG,hartebeest
ASG000bj4g,S4/N08/N08_R1/S4_N08_R1_IMAG0441.JPG,hartebeest
ASG000bj4g,S4/N08/N08_R1/S4_N08_R1_IMAG0442.JPG,hartebeest
ASG000bjb5,S4/N08/N08_R1/S4_N08_R1_IMAG0458.JPG,hartebeest
ASG000bjb5,S4/N08/N08_R1/S4_N08_R1_IMAG0459.JPG,hartebeest
ASG000bjb5,S4/N08/N08_R1/S4_N08_R1_IMAG0460.JPG,hartebeest
ASG000bj8j,S4/N08/N08_R1/S4_N08_R1_IMAG0464.JPG,hartebeest
ASG000bj8j,S4/N08/N08_R1/S4_N08_R1_IMAG0465.JPG,hartebeest
ASG000bj8j,S4/N08/N08_R1/S4_N08_R1_IMAG0466.JPG,hartebeest
ASG000bjaf,S4/N08/N08_R1/S4_N08_R1_IMAG0639.JPG,wildebeest
ASG000bjaf,S4/N08/N08_R1/S4_N08_R1_IMAG0640.JPG,wildebeest
ASG000bjaf,S4/N08/N08_R1/S4_N08_R1_IMAG0641.JPG,wildebeest
ASG000bjbw,S4/N08/N08_R1/S4_N08_R1_IMAG0657.JPG,wildebeest
ASG000bjbw,S4/N08/N08_R1/S4_N08_R1_IMAG0658.JPG,wildebeest
ASG000bjbw,S4/N08/N08_R1/S4_N08_R1_IMAG0659.JPG,wildebeest
ASG000bj8a,S4/N08/N08_R1/S4_N08_R1_IMAG0681.JPG,wildebeest
ASG000bj8a,S4/N08/N08_R1/S4_N08_R1_IMAG0682.JPG,wildebeest
ASG000bj8a,S4/N08/N08_R1/S4_N08_R1_IMAG0683.JPG,wildebeest
ASG000bj8i,S4/N08/N08_R1/S4_N08_R1_IMAG0684.JPG,wildebeest
ASG000bj8i,S4/N08/N08_R1/S4_N08_R1_IMAG0685.JPG,wildebeest
ASG000bj8i,S4/N08/N08_R1/S4_N08_R1_IMAG0686.JPG,wildebeest
ASG000bjf9,S4/N08/N08_R1/S4_N08_R1_IMAG0717.JPG,wildebeest
ASG000bjf9,S4/N08/N08_R1/S4_N08_R1_IMAG0718.JPG,wildebeest
ASG000bjf9,S4/N08/N08_R1/S4_N08_R1_IMAG0719.JPG,wildebeest
ASG000bj3j,S4/N08/N08_R1/S4_N08_R1_IMAG0837.JPG,wildebeest
ASG000bj3j,S4/N08/N08_R1/S4_N08_R1_IMAG0838.JPG,wildebeest
ASG000bj3j,S4/N08/N08_R1/S4_N08_R1_IMAG0839.JPG,wildebeest
ASG000bje8,S4/N08/N08_R1/S4_N08_R1_IMAG0846.JPG,wildebeest
ASG000bje8,S4/N08/N08_R1/S4_N08_R1_IMAG0847.JPG,wildebeest
ASG000bje8,S4/N08/N08_R1/S4_N08_R1_IMAG0848.JPG,wildebeest
ASG000bj2k,S4/N08/N08_R1/S4_N08_R1_IMAG0879.JPG,wildebeest
ASG000bj2k,S4/N08/N08_R1/S4_N08_R1_IMAG0880.JPG,wildebeest
ASG000bj2k,S4/N08/N08_R1/S4_N08_R1_IMAG0881.JPG,wildebeest
ASG000bj7e,S4/N08/N08_R1/S4_N08_R1_IMAG0978.JPG,wildebeest
ASG000bj7e,S4/N08/N08_R1/S4_N08_R1_IMAG0979.JPG,wildebeest
ASG000bj7e,S4/N08/N08_R1/S4_N08_R1_IMAG0980.JPG,wildebeest
ASG000bj82,S4/N08/N08_R1/S4_N08_R1_IMAG1011.JPG,wildebeest
ASG000bj82,S4/N08/N08_R1/S4_N08_R1_IMAG1012.JPG,wildebeest
ASG000bj82,S4/N08/N08_R1/S4_N08_R1_IMAG1013.JPG,wildebeest
ASG000bjda,S4/N08/N08_R1/S4_N08_R1_IMAG1056.JPG,wildebeest
ASG000bjda,S4/N08/N08_R1/S4_N08_R1_IMAG1057.JPG,wildebeest
ASG000bjda,S4/N08/N08_R1/S4_N08_R1_IMAG1058.JPG,wildebeest
ASG000bjc5,S4/N08/N08_R1/S4_N08_R1_IMAG1062.JPG,wildebeest
ASG000bjc5,S4/N08/N08_R1/S4_N08_R1_IMAG1063.JPG,wildebeest
ASG000bjc5,S4/N08/N08_R1/S4_N08_R1_IMAG1064.JPG,wildebeest
ASG000bj3m,S4/N08/N08_R1/S4_N08_R1_IMAG1110.JPG,wildebeest
ASG000bj3m,S4/N08/N08_R1/S4_N08_R1_IMAG1111.JPG,wildebeest
ASG000bj3m,S4/N08/N08_R1/S4_N08_R1_IMAG1112.JPG,wildebeest
ASG000bj9c,S4/N08/N08_R1/S4_N08_R1_IMAG1137.JPG,wildebeest
ASG000bj9c,S4/N08/N08_R1/S4_N08_R1_IMAG1138.JPG,wildebeest
ASG000bj9c,S4/N08/N08_R1/S4_N08_R1_IMAG1139.JPG,wildebeest
ASG000bj5o,S4/N08/N08_R1/S4_N08_R1_IMAG1158.JPG,wildebeest
ASG000bj5o,S4/N08/N08_R1/S4_N08_R1_IMAG1159.JPG,wildebeest
ASG000bj5o,S4/N08/N08_R1/S4_N08_R1_IMAG1160.JPG,wildebeest
ASG000bjb3,S4/N08/N08_R1/S4_N08_R1_IMAG1218.JPG,wildebeest
ASG000bjb3,S4/N08/N08_R1/S4_N08_R1_IMAG1219.JPG,wildebeest
ASG000bjb3,S4/N08/N08_R1/S4_N08_R1_IMAG1220.JPG,wildebeest
ASG000bjdg,S4/N08/N08_R1/S4_N08_R1_IMAG1263.JPG,wildebeest
ASG000bjdg,S4/N08/N08_R1/S4_N08_R1_IMAG1264.JPG,wildebeest
ASG000bjdg,S4/N08/N08_R1/S4_N08_R1_IMAG1265.JPG,wildebeest
ASG000bj5i,S4/N08/N08_R1/S4_N08_R1_IMAG1275.JPG,wildebeest
ASG000bj5i,S4/N08/N08_R1/S4_N08_R1_IMAG1276.JPG,wildebeest
ASG000bj5i,S4/N08/N08_R1/S4_N08_R1_IMAG1277.JPG,wildebeest
ASG000bjcn,S4/N08/N08_R1/S4_N08_R1_IMAG1299.JPG,wildebeest
ASG000bjcn,S4/N08/N08_R1/S4_N08_R1_IMAG1300.JPG,wildebeest
ASG000bjcn,S4/N08/N08_R1/S4_N08_R1_IMAG1301.JPG,wildebeest
ASG000bj37,S4/N08/N08_R1/S4_N08_R1_IMAG1314.JPG,wildebeest
ASG000bj37,S4/N08/N08_R1/S4_N08_R1_IMAG1315.JPG,wildebeest
ASG000bj37,S4/N08/N08_R1/S4_N08_R1_IMAG1316.JPG,wildebeest
ASG000bj3u,S4/N08/N08_R1/S4_N08_R1_IMAG1320.JPG,wildebeest
ASG000bj3u,S4/N08/N08_R1/S4_N08_R1_IMAG1321.JPG,wildebeest
ASG000bj3u,S4/N08/N08_R1/S4_N08_R1_IMAG1322.JPG,wildebeest
ASG000bjfb,S4/N08/N08_R1/S4_N08_R1_IMAG1362.JPG,wildebeest
ASG000bjfb,S4/N08/N08_R1/S4_N08_R1_IMAG1363.JPG,wildebeest
ASG000bjfb,S4/N08/N08_R1/S4_N08_R1_IMAG1364.JPG,wildebeest
ASG000bjfh,S4/N08/N08_R1/S4_N08_R1_IMAG1413.JPG,wildebeest
ASG000bjfh,S4/N08/N08_R1/S4_N08_R1_IMAG1414.JPG,wildebeest
ASG000bjfh,S4/N08/N08_R1/S4_N08_R1_IMAG1415.JPG,wildebeest
ASG000bjdx,S4/N08/N08_R1/S4_N08_R1_IMAG1503.JPG,zebra
ASG000bjdx,S4/N08/N08_R1/S4_N08_R1_IMAG1504.JPG,zebra
ASG000bjdx,S4/N08/N08_R1/S4_N08_R1_IMAG1505.JPG,zebra
ASG000bj02,S4/N08/N08_R2/S4_N08_R2_IMAG0087.JPG,wildebeest
ASG000bj02,S4/N08/N08_R2/S4_N08_R2_IMAG0088.JPG,wildebeest
ASG000bj02,S4/N08/N08_R2/S4_N08_R2_IMAG0089.JPG,wildebeest
ASG000bizn,S4/N08/N08_R2/S4_N08_R2_IMAG0099.JPG,wildebeest
ASG000bizn,S4/N08/N08_R2/S4_N08_R2_IMAG0100.JPG,wildebeest
ASG000bizn,S4/N08/N08_R2/S4_N08_R2_IMAG0101.JPG,wildebeest
ASG000biub,S4/N08/N08_R2/S4_N08_R2_IMAG0102.JPG,wildebeest
ASG000biub,S4/N08/N08_R2/S4_N08_R2_IMAG0103.JPG,wildebeest
ASG000biub,S4/N08/N08_R2/S4_N08_R2_IMAG0104.JPG,wildebeest
ASG000biuc,S4/N08/N08_R2/S4_N08_R2_IMAG0177.JPG,wildebeest
ASG000biuc,S4/N08/N08_R2/S4_N08_R2_IMAG0178.JPG,wildebeest
ASG000biuc,S4/N08/N08_R2/S4_N08_R2_IMAG0179.JPG,wildebeest
ASG000bit5,S4/N08/N08_R2/S4_N08_R2_IMAG0192.JPG,wildebeest
ASG000bit5,S4/N08/N08_R2/S4_N08_R2_IMAG0193.JPG,wildebeest
ASG000bit5,S4/N08/N08_R2/S4_N08_R2_IMAG0194.JPG,wildebeest
ASG000biwm,S4/N08/N08_R2/S4_N08_R2_IMAG0243.JPG,wildebeest
ASG000biwm,S4/N08/N08_R2/S4_N08_R2_IMAG0244.JPG,wildebeest
ASG000biwm,S4/N08/N08_R2/S4_N08_R2_IMAG0245.JPG,wildebeest
ASG000bj0r,S4/N08/N08_R2/S4_N08_R2_IMAG0274.JPG,wildebeest
ASG000bit3,S4/N08/N08_R2/S4_N08_R2_IMAG0285.JPG,wildebeest
ASG000bixo,S4/N08/N08_R2/S4_N08_R2_IMAG0374.JPG,wildebeest
ASG000bixo,S4/N08/N08_R2/S4_N08_R2_IMAG0375.JPG,wildebeest
ASG000bixo,S4/N08/N08_R2/S4_N08_R2_IMAG0376.JPG,wildebeest
ASG000biyb,S4/N08/N08_R2/S4_N08_R2_IMAG0478.JPG,wildebeest
ASG000biyb,S4/N08/N08_R2/S4_N08_R2_IMAG0479.JPG,wildebeest
ASG000biyb,S4/N08/N08_R2/S4_N08_R2_IMAG0480.JPG,wildebeest
ASG000bivt,S4/N08/N08_R2/S4_N08_R2_IMAG0487.JPG,wildebeest
ASG000bivt,S4/N08/N08_R2/S4_N08_R2_IMAG0488.JPG,wildebeest
ASG000bivt,S4/N08/N08_R2/S4_N08_R2_IMAG0489.JPG,wildebeest
ASG000biy5,S4/N08/N08_R2/S4_N08_R2_IMAG0535.JPG,wildebeest
ASG000biy5,S4/N08/N08_R2/S4_N08_R2_IMAG0536.JPG,wildebeest
ASG000biy5,S4/N08/N08_R2/S4_N08_R2_IMAG0537.JPG,wildebeest
ASG000bix5,S4/N08/N08_R2/S4_N08_R2_IMAG0544.JPG,wildebeest
ASG000bix5,S4/N08/N08_R2/S4_N08_R2_IMAG0545.JPG,wildebeest
ASG000bix5,S4/N08/N08_R2/S4_N08_R2_IMAG0546.JPG,wildebeest
ASG000bit6,S4/N08/N08_R2/S4_N08_R2_IMAG0634.JPG,wildebeest
ASG000bit6,S4/N08/N08_R2/S4_N08_R2_IMAG0635.JPG,wildebeest
ASG000bit6,S4/N08/N08_R2/S4_N08_R2_IMAG0636.JPG,wildebeest
ASG000biz5,S4/N08/N08_R2/S4_N08_R2_IMAG0736.JPG,wildebeest
ASG000biz5,S4/N08/N08_R2/S4_N08_R2_IMAG0737.JPG,wildebeest
ASG000biz5,S4/N08/N08_R2/S4_N08_R2_IMAG0738.JPG,wildebeest
ASG000biu5,S4/N08/N08_R2/S4_N08_R2_IMAG0787.JPG,wildebeest
ASG000biu5,S4/N08/N08_R2/S4_N08_R2_IMAG0788.JPG,wildebeest
ASG000biu5,S4/N08/N08_R2/S4_N08_R2_IMAG0789.JPG,wildebeest
ASG000bixw,S4/N08/N08_R2/S4_N08_R2_IMAG0811.JPG,wildebeest
ASG000bixw,S4/N08/N08_R2/S4_N08_R2_IMAG0812.JPG,wildebeest
ASG000bixw,S4/N08/N08_R2/S4_N08_R2_IMAG0813.JPG,wildebeest
ASG000e4p3,S4/N09/N09_R1/S4_N09_R1_IMAG0037.JPG,elephant
ASG000e4p3,S4/N09/N09_R1/S4_N09_R1_IMAG0038.JPG,elephant
ASG000e4p3,S4/N09/N09_R1/S4_N09_R1_IMAG0039.JPG,elephant
ASG000e586,S4/N09/N09_R2/S4_N09_R2_IMAG1546.JPG,wildebeest
ASG000e586,S4/N09/N09_R2/S4_N09_R2_IMAG1547.JPG,wildebeest
ASG000e586,S4/N09/N09_R2/S4_N09_R2_IMAG1548.JPG,wildebeest
ASG000e57z,S4/N09/N09_R2/S4_N09_R2_IMAG1789.JPG,zebra
ASG000e57z,S4/N09/N09_R2/S4_N09_R2_IMAG1790.JPG,zebra
ASG000e57z,S4/N09/N09_R2/S4_N09_R2_IMAG1791.JPG,zebra
ASG000e4zk,S4/N09/N09_R2/S4_N09_R2_IMAG1813.JPG,zebra
ASG000e4zk,S4/N09/N09_R2/S4_N09_R2_IMAG1814.JPG,zebra
ASG000e4zk,S4/N09/N09_R2/S4_N09_R2_IMAG1815.JPG,zebra
ASG000e579,S4/N09/N09_R2/S4_N09_R2_IMAG1909.JPG,zebra
ASG000e579,S4/N09/N09_R2/S4_N09_R2_IMAG1910.JPG,zebra
ASG000e579,S4/N09/N09_R2/S4_N09_R2_IMAG1911.JPG,zebra
ASG000e54m,S4/N09/N09_R2/S4_N09_R2_IMAG1915.JPG,zebra
ASG000e54m,S4/N09/N09_R2/S4_N09_R2_IMAG1916.JPG,zebra
ASG000e54m,S4/N09/N09_R2/S4_N09_R2_IMAG1917.JPG,zebra
ASG000e533,S4/N09/N09_R2/S4_N09_R2_IMAG1975.JPG,wildebeest
ASG000e533,S4/N09/N09_R2/S4_N09_R2_IMAG1976.JPG,wildebeest
ASG000e533,S4/N09/N09_R2/S4_N09_R2_IMAG1977.JPG,wildebeest
ASG000e57m,S4/N09/N09_R2/S4_N09_R2_IMAG1999.JPG,wildebeest
ASG000e57m,S4/N09/N09_R2/S4_N09_R2_IMAG2000.JPG,wildebeest
ASG000e57m,S4/N09/N09_R2/S4_N09_R2_IMAG2001.JPG,wildebeest
ASG000e59y,S4/N09/N09_R2/S4_N09_R2_IMAG2081.JPG,wildebeest
ASG000egyz,S4/N10/N10_R2/S4_N10_R2_IMAG0025.JPG,hartebeest
ASG000egyz,S4/N10/N10_R2/S4_N10_R2_IMAG0026.JPG,hartebeest
ASG000egyz,S4/N10/N10_R2/S4_N10_R2_IMAG0027.JPG,hartebeest
ASG000ehnd,S4/N10/N10_R2/S4_N10_R2_IMAG0076.JPG,warthog
ASG000ehnd,S4/N10/N10_R2/S4_N10_R2_IMAG0077.JPG,warthog
ASG000ehnd,S4/N10/N10_R2/S4_N10_R2_IMAG0078.JPG,warthog
ASG000ehoj,S4/N10/N10_R2/S4_N10_R2_IMAG0152.JPG,wildebeest
ASG000ehoj,S4/N10/N10_R2/S4_N10_R2_IMAG0153.JPG,wildebeest
ASG000ehoj,S4/N10/N10_R2/S4_N10_R2_IMAG0154.JPG,wildebeest
ASG000egx3,S4/N10/N10_R2/S4_N10_R2_IMAG0218.JPG,wildebeest
ASG000egx3,S4/N10/N10_R2/S4_N10_R2_IMAG0219.JPG,wildebeest
ASG000egx3,S4/N10/N10_R2/S4_N10_R2_IMAG0220.JPG,wildebeest
ASG000ehwa,S4/N10/N10_R2/S4_N10_R2_IMAG0245.JPG,wildebeest
ASG000ehwa,S4/N10/N10_R2/S4_N10_R2_IMAG0246.JPG,wildebeest
ASG000ehwa,S4/N10/N10_R2/S4_N10_R2_IMAG0247.JPG,wildebeest
ASG000ehoc,S4/N10/N10_R2/S4_N10_R2_IMAG0293.JPG,wildebeest
ASG000ehoc,S4/N10/N10_R2/S4_N10_R2_IMAG0294.JPG,wildebeest
ASG000ehoc,S4/N10/N10_R2/S4_N10_R2_IMAG0295.JPG,wildebeest
ASG000ehzq,S4/N10/N10_R2/S4_N10_R2_IMAG0413.JPG,wildebeest
ASG000ehzq,S4/N10/N10_R2/S4_N10_R2_IMAG0414.JPG,wildebeest
ASG000ehzq,S4/N10/N10_R2/S4_N10_R2_IMAG0415.JPG,wildebeest
ASG000ei56,S4/N10/N10_R2/S4_N10_R2_IMAG0482.JPG,wildebeest
ASG000ehwx,S4/N10/N10_R2/S4_N10_R2_IMAG6875.JPG,zebra
ASG000bctx,S4/N11/N11_R2/S4_N11_R2_IMAG0298.JPG,wildebeest
ASG000bctx,S4/N11/N11_R2/S4_N11_R2_IMAG0299.JPG,wildebeest
ASG000bctx,S4/N11/N11_R2/S4_N11_R2_IMAG0300.JPG,wildebeest
ASG000bcxa,S4/N11/N11_R2/S4_N11_R2_IMAG0319.JPG,wildebeest
ASG000bcxa,S4/N11/N11_R2/S4_N11_R2_IMAG0320.JPG,wildebeest
ASG000bcxa,S4/N11/N11_R2/S4_N11_R2_IMAG0321.JPG,wildebeest
ASG000cc7h,S4/N12/N12_R2/S4_N12_R2_IMAG0088.JPG,wildebeest
ASG000cc7h,S4/N12/N12_R2/S4_N12_R2_IMAG0089.JPG,wildebeest
ASG000cc7h,S4/N12/N12_R2/S4_N12_R2_IMAG0090.JPG,wildebeest
ASG000cc93,S4/N12/N12_R2/S4_N12_R2_IMAG0114.JPG,wildebeest
ASG000cc8l,S4/N12/N12_R2/S4_N12_R2_IMAG0128.JPG,wildebeest
ASG000cc8l,S4/N12/N12_R2/S4_N12_R2_IMAG0129.JPG,wildebeest
ASG000cc8l,S4/N12/N12_R2/S4_N12_R2_IMAG0130.JPG,wildebeest
ASG000cc6s,S4/N12/N12_R2/S4_N12_R2_IMAG0140.JPG,wildebeest
ASG000cc6s,S4/N12/N12_R2/S4_N12_R2_IMAG0141.JPG,wildebeest
ASG000cc6s,S4/N12/N12_R2/S4_N12_R2_IMAG0142.JPG,wildebeest
ASG000cc74,S4/N12/N12_R2/S4_N12_R2_IMAG0197.JPG,wildebeest
ASG000cc74,S4/N12/N12_R2/S4_N12_R2_IMAG0198.JPG,wildebeest
ASG000cc74,S4/N12/N12_R2/S4_N12_R2_IMAG0199.JPG,wildebeest
ASG000cc6b,S4/N12/N12_R2/S4_N12_R2_IMAG0233.JPG,wildebeest
ASG000cc6b,S4/N12/N12_R2/S4_N12_R2_IMAG0234.JPG,wildebeest
ASG000cc6b,S4/N12/N12_R2/S4_N12_R2_IMAG0235.JPG,wildebeest
ASG000cc88,S4/N12/N12_R2/S4_N12_R2_IMAG0254.JPG,zebra
ASG000cc88,S4/N12/N12_R2/S4_N12_R2_IMAG0255.JPG,zebra
ASG000cc88,S4/N12/N12_R2/S4_N12_R2_IMAG0256.JPG,zebra
ASG000cc86,S4/N12/N12_R2/S4_N12_R2_IMAG0278.JPG,wildebeest
ASG000cc86,S4/N12/N12_R2/S4_N12_R2_IMAG0279.JPG,wildebeest
ASG000cc86,S4/N12/N12_R2/S4_N12_R2_IMAG0280.JPG,wildebeest
ASG000ffur,S4/N13/N13_R2/S4_N13_R2_IMAG0008.JPG,gazelleThomsons
ASG000ffur,S4/N13/N13_R2/S4_N13_R2_IMAG0009.JPG,gazelleThomsons
ASG000ffur,S4/N13/N13_R2/S4_N13_R2_IMAG0010.JPG,gazelleThomsons
ASG000ff9l,S4/N13/N13_R2/S4_N13_R2_IMAG0061.JPG,gazelleThomsons
ASG000ff9l,S4/N13/N13_R2/S4_N13_R2_IMAG0062.JPG,gazelleThomsons
ASG000ff9l,S4/N13/N13_R2/S4_N13_R2_IMAG0063.JPG,gazelleThomsons
ASG000ff7v,S4/N13/N13_R2/S4_N13_R2_IMAG0135.JPG,zebra
ASG000ff7v,S4/N13/N13_R2/S4_N13_R2_IMAG0136.JPG,zebra
ASG000ff7v,S4/N13/N13_R2/S4_N13_R2_IMAG0137.JPG,zebra
ASG000ffvi,S4/N13/N13_R2/S4_N13_R2_IMAG0363.JPG,wildebeest
ASG000ffvi,S4/N13/N13_R2/S4_N13_R2_IMAG0364.JPG,wildebeest
ASG000ffvi,S4/N13/N13_R2/S4_N13_R2_IMAG0365.JPG,wildebeest
ASG000ff49,S4/N13/N13_R2/S4_N13_R2_IMAG0438.JPG,wildebeest
ASG000ff49,S4/N13/N13_R2/S4_N13_R2_IMAG0439.JPG,wildebeest
ASG000ff49,S4/N13/N13_R2/S4_N13_R2_IMAG0440.JPG,wildebeest
ASG000ffdj,S4/N13/N13_R2/S4_N13_R2_IMAG0465.JPG,wildebeest
ASG000ffdj,S4/N13/N13_R2/S4_N13_R2_IMAG0466.JPG,wildebeest
ASG000ffdj,S4/N13/N13_R2/S4_N13_R2_IMAG0467.JPG,wildebeest
ASG000fflo,S4/N13/N13_R2/S4_N13_R2_IMAG0468.JPG,wildebeest
ASG000fflo,S4/N13/N13_R2/S4_N13_R2_IMAG0469.JPG,wildebeest
ASG000fflo,S4/N13/N13_R2/S4_N13_R2_IMAG0470.JPG,wildebeest
ASG000ff95,S4/N13/N13_R2/S4_N13_R2_IMAG0558.JPG,wildebeest
ASG000ff95,S4/N13/N13_R2/S4_N13_R2_IMAG0559.JPG,wildebeest
ASG000ff95,S4/N13/N13_R2/S4_N13_R2_IMAG0560.JPG,wildebeest
ASG000ff7j,S4/N13/N13_R2/S4_N13_R2_IMAG0585.JPG,wildebeest
ASG000ff7j,S4/N13/N13_R2/S4_N13_R2_IMAG0586.JPG,wildebeest
ASG000ff7j,S4/N13/N13_R2/S4_N13_R2_IMAG0587.JPG,wildebeest
ASG000fenb,S4/N13/N13_R2/S4_N13_R2_IMAG0594.JPG,wildebeest
ASG000fenb,S4/N13/N13_R2/S4_N13_R2_IMAG0595.JPG,wildebeest
ASG000fenb,S4/N13/N13_R2/S4_N13_R2_IMAG0596.JPG,wildebeest
ASG000feo2,S4/N13/N13_R2/S4_N13_R2_IMAG0684.JPG,wildebeest
ASG000feo2,S4/N13/N13_R2/S4_N13_R2_IMAG0685.JPG,wildebeest
ASG000feo2,S4/N13/N13_R2/S4_N13_R2_IMAG0686.JPG,wildebeest
ASG000fexv,S4/N13/N13_R2/S4_N13_R2_IMAG0723.JPG,wildebeest
ASG000fexv,S4/N13/N13_R2/S4_N13_R2_IMAG0724.JPG,wildebeest
ASG000fexv,S4/N13/N13_R2/S4_N13_R2_IMAG0725.JPG,wildebeest
ASG000ffoh,S4/N13/N13_R2/S4_N13_R2_IMAG0726.JPG,wildebeest
ASG000ffoh,S4/N13/N13_R2/S4_N13_R2_IMAG0727.JPG,wildebeest
ASG000ffoh,S4/N13/N13_R2/S4_N13_R2_IMAG0728.JPG,wildebeest
ASG000ff4a,S4/N13/N13_R2/S4_N13_R2_IMAG0831.JPG,wildebeest
ASG000ff4a,S4/N13/N13_R2/S4_N13_R2_IMAG0832.JPG,wildebeest
ASG000ff4a,S4/N13/N13_R2/S4_N13_R2_IMAG0833.JPG,wildebeest
ASG000fey4,S4/N13/N13_R2/S4_N13_R2_IMAG0840.JPG,wildebeest
ASG000fey4,S4/N13/N13_R2/S4_N13_R2_IMAG0841.JPG,wildebeest
ASG000fey4,S4/N13/N13_R2/S4_N13_R2_IMAG0842.JPG,wildebeest
ASG000ffq5,S4/N13/N13_R2/S4_N13_R2_IMAG0969.JPG,wildebeest
ASG000ffq5,S4/N13/N13_R2/S4_N13_R2_IMAG0970.JPG,wildebeest
ASG000ffq5,S4/N13/N13_R2/S4_N13_R2_IMAG0971.JPG,wildebeest
ASG000fesz,S4/N13/N13_R2/S4_N13_R2_IMAG1023.JPG,wildebeest
ASG000fesz,S4/N13/N13_R2/S4_N13_R2_IMAG1024.JPG,wildebeest
ASG000fesz,S4/N13/N13_R2/S4_N13_R2_IMAG1025.JPG,wildebeest
ASG000ff00,S4/N13/N13_R2/S4_N13_R2_IMAG1044.JPG,wildebeest
ASG000ff00,S4/N13/N13_R2/S4_N13_R2_IMAG1045.JPG,wildebeest
ASG000ff00,S4/N13/N13_R2/S4_N13_R2_IMAG1046.JPG,wildebeest
ASG000ffu5,S4/N13/N13_R2/S4_N13_R2_IMAG1068.JPG,wildebeest
ASG000ffu5,S4/N13/N13_R2/S4_N13_R2_IMAG1069.JPG,wildebeest
ASG000ffu5,S4/N13/N13_R2/S4_N13_R2_IMAG1070.JPG,wildebeest
ASG000ff8f,S4/N13/N13_R2/S4_N13_R2_IMAG1071.JPG,wildebeest
ASG000ff8f,S4/N13/N13_R2/S4_N13_R2_IMAG1072.JPG,wildebeest
ASG000ff8f,S4/N13/N13_R2/S4_N13_R2_IMAG1073.JPG,wildebeest
ASG000ffov,S4/N13/N13_R2/S4_N13_R2_IMAG1092.JPG,wildebeest
ASG000ffov,S4/N13/N13_R2/S4_N13_R2_IMAG1093.JPG,wildebeest
ASG000ffov,S4/N13/N13_R2/S4_N13_R2_IMAG1094.JPG,wildebeest
ASG000fept,S4/N13/N13_R2/S4_N13_R2_IMAG1783.JPG,wildebeest
ASG000fept,S4/N13/N13_R2/S4_N13_R2_IMAG1784.JPG,wildebeest
ASG000fept,S4/N13/N13_R2/S4_N13_R2_IMAG1785.JPG,wildebeest
ASG000ffsb,S4/N13/N13_R2/S4_N13_R2_IMAG2287.JPG,wildebeest
ASG000ffsb,S4/N13/N13_R2/S4_N13_R2_IMAG2288.JPG,wildebeest
ASG000ffsb,S4/N13/N13_R2/S4_N13_R2_IMAG2289.JPG,wildebeest
ASG000ffmc,S4/N13/N13_R2/S4_N13_R2_IMAG2299.JPG,wildebeest
ASG000ffmc,S4/N13/N13_R2/S4_N13_R2_IMAG2300.JPG,wildebeest
ASG000ffmc,S4/N13/N13_R2/S4_N13_R2_IMAG2301.JPG,wildebeest
ASG000ffml,S4/N13/N13_R2/S4_N13_R2_IMAG2308.JPG,wildebeest
ASG000ffml,S4/N13/N13_R2/S4_N13_R2_IMAG2309.JPG,wildebeest
ASG000ffml,S4/N13/N13_R2/S4_N13_R2_IMAG2310.JPG,wildebeest
ASG000feyr,S4/N13/N13_R2/S4_N13_R2_IMAG2947.JPG,buffalo
ASG000feyr,S4/N13/N13_R2/S4_N13_R2_IMAG2948.JPG,buffalo
ASG000feyr,S4/N13/N13_R2/S4_N13_R2_IMAG2949.JPG,buffalo
ASG000ff8i,S4/N13/N13_R2/S4_N13_R2_IMAG2974.JPG,wildebeest
ASG000ff8i,S4/N13/N13_R2/S4_N13_R2_IMAG2975.JPG,wildebeest
ASG000ff8i,S4/N13/N13_R2/S4_N13_R2_IMAG2976.JPG,wildebeest
ASG000ffrc,S4/N13/N13_R2/S4_N13_R2_IMAG2983.JPG,wildebeest
ASG000ffrc,S4/N13/N13_R2/S4_N13_R2_IMAG2984.JPG,wildebeest
ASG000ffrc,S4/N13/N13_R2/S4_N13_R2_IMAG2985.JPG,wildebeest
ASG000fepy,S4/N13/N13_R2/S4_N13_R2_IMAG3001.JPG,wildebeest
ASG000fepy,S4/N13/N13_R2/S4_N13_R2_IMAG3002.JPG,wildebeest
ASG000fepy,S4/N13/N13_R2/S4_N13_R2_IMAG3003.JPG,wildebeest
ASG000ff9t,S4/N13/N13_R2/S4_N13_R2_IMAG3262.JPG,wildebeest
ASG000ff9t,S4/N13/N13_R2/S4_N13_R2_IMAG3263.JPG,wildebeest
ASG000ff9t,S4/N13/N13_R2/S4_N13_R2_IMAG3264.JPG,wildebeest
ASG000fekl,S4/N13/N13_R2/S4_N13_R2_IMAG3271.JPG,wildebeest
ASG000fekl,S4/N13/N13_R2/S4_N13_R2_IMAG3272.JPG,wildebeest
ASG000fekl,S4/N13/N13_R2/S4_N13_R2_IMAG3273.JPG,wildebeest
ASG000fftm,S4/N13/N13_R2/S4_N13_R2_IMAG3277.JPG,wildebeest
ASG000fftm,S4/N13/N13_R2/S4_N13_R2_IMAG3278.JPG,wildebeest
ASG000fftm,S4/N13/N13_R2/S4_N13_R2_IMAG3279.JPG,wildebeest
ASG000fey5,S4/N13/N13_R2/S4_N13_R2_IMAG3280.JPG,wildebeest
ASG000fey5,S4/N13/N13_R2/S4_N13_R2_IMAG3281.JPG,wildebeest
ASG000fey5,S4/N13/N13_R2/S4_N13_R2_IMAG3282.JPG,wildebeest
ASG000ffau,S4/N13/N13_R2/S4_N13_R2_IMAG3340.JPG,wildebeest
ASG000ffau,S4/N13/N13_R2/S4_N13_R2_IMAG3341.JPG,wildebeest
ASG000ffau,S4/N13/N13_R2/S4_N13_R2_IMAG3342.JPG,wildebeest
ASG000feir,S4/N13/N13_R2/S4_N13_R2_IMAG3379.JPG,wildebeest
ASG000feir,S4/N13/N13_R2/S4_N13_R2_IMAG3380.JPG,wildebeest
ASG000feir,S4/N13/N13_R2/S4_N13_R2_IMAG3381.JPG,wildebeest
ASG000e5di,S4/O04/O04_R2/S4_O04_R2_IMAG0044.JPG,elephant
ASG000e5di,S4/O04/O04_R2/S4_O04_R2_IMAG0045.JPG,elephant
ASG000e5di,S4/O04/O04_R2/S4_O04_R2_IMAG0046.JPG,elephant
ASG000e5e4,S4/O04/O04_R2/S4_O04_R2_IMAG0053.JPG,elephant
ASG000e5e4,S4/O04/O04_R2/S4_O04_R2_IMAG0054.JPG,elephant
ASG000e5e4,S4/O04/O04_R2/S4_O04_R2_IMAG0055.JPG,elephant
ASG000e5em,S4/O04/O04_R2/S4_O04_R2_IMAG0137.JPG,zebra
ASG000e5em,S4/O04/O04_R2/S4_O04_R2_IMAG0138.JPG,zebra
ASG000e5em,S4/O04/O04_R2/S4_O04_R2_IMAG0139.JPG,zebra
ASG000croy,S4/O06/O06_R1/S4_O06_R1_IMAG0078.JPG,buffalo
ASG000crqi,S4/O06/O06_R1/S4_O06_R1_IMAG0110.JPG,buffalo
ASG000crn8,S4/O06/O06_R1/S4_O06_R1_IMAG0144.JPG,hartebeest
ASG000crn8,S4/O06/O06_R1/S4_O06_R1_IMAG0145.JPG,hartebeest
ASG000crn8,S4/O06/O06_R1/S4_O06_R1_IMAG0146.JPG,hartebeest
ASG000crqc,S4/O06/O06_R1/S4_O06_R1_IMAG0147.JPG,hartebeest
ASG000crqc,S4/O06/O06_R1/S4_O06_R1_IMAG0148.JPG,hartebeest
ASG000crqc,S4/O06/O06_R1/S4_O06_R1_IMAG0149.JPG,hartebeest
ASG000crqm,S4/O06/O06_R1/S4_O06_R1_IMAG0150.JPG,buffalo
ASG000crn4,S4/O06/O06_R1/S4_O06_R1_IMAG0282.JPG,buffalo
ASG000crn4,S4/O06/O06_R1/S4_O06_R1_IMAG0283.JPG,buffalo
ASG000crn4,S4/O06/O06_R1/S4_O06_R1_IMAG0284.JPG,buffalo
ASG000crs7,S4/O06/O06_R2/S4_O06_R2_IMAG0095.JPG,wildebeest
ASG000crs7,S4/O06/O06_R2/S4_O06_R2_IMAG0096.JPG,wildebeest
ASG000crs7,S4/O06/O06_R2/S4_O06_R2_IMAG0097.JPG,wildebeest
ASG000crxq,S4/O06/O06_R2/S4_O06_R2_IMAG0101.JPG,wildebeest
ASG000crxq,S4/O06/O06_R2/S4_O06_R2_IMAG0102.JPG,wildebeest
ASG000crxq,S4/O06/O06_R2/S4_O06_R2_IMAG0103.JPG,wildebeest
ASG000crtk,S4/O06/O06_R2/S4_O06_R2_IMAG0155.JPG,wildebeest
ASG000crtk,S4/O06/O06_R2/S4_O06_R2_IMAG0156.JPG,wildebeest
ASG000crtk,S4/O06/O06_R2/S4_O06_R2_IMAG0157.JPG,wildebeest
ASG000crr2,S4/O06/O06_R2/S4_O06_R2_IMAG0200.JPG,wildebeest
ASG000crr2,S4/O06/O06_R2/S4_O06_R2_IMAG0201.JPG,wildebeest
ASG000crr2,S4/O06/O06_R2/S4_O06_R2_IMAG0202.JPG,wildebeest
ASG000crz3,S4/O06/O06_R2/S4_O06_R2_IMAG0215.JPG,wildebeest
ASG000crz3,S4/O06/O06_R2/S4_O06_R2_IMAG0216.JPG,wildebeest
ASG000crz3,S4/O06/O06_R2/S4_O06_R2_IMAG0217.JPG,wildebeest
ASG000cruw,S4/O06/O06_R2/S4_O06_R2_IMAG0224.JPG,wildebeest
ASG000cruw,S4/O06/O06_R2/S4_O06_R2_IMAG0225.JPG,wildebeest
ASG000cruw,S4/O06/O06_R2/S4_O06_R2_IMAG0226.JPG,wildebeest
ASG000crt8,S4/O06/O06_R2/S4_O06_R2_IMAG0245.JPG,wildebeest
ASG000crt8,S4/O06/O06_R2/S4_O06_R2_IMAG0246.JPG,wildebeest
ASG000crt8,S4/O06/O06_R2/S4_O06_R2_IMAG0247.JPG,wildebeest
ASG000crta,S4/O06/O06_R2/S4_O06_R2_IMAG0293.JPG,wildebeest
ASG000crta,S4/O06/O06_R2/S4_O06_R2_IMAG0294.JPG,wildebeest
ASG000crta,S4/O06/O06_R2/S4_O06_R2_IMAG0295.JPG,wildebeest
ASG000cry0,S4/O06/O06_R2/S4_O06_R2_IMAG0335.JPG,wildebeest
ASG000cry0,S4/O06/O06_R2/S4_O06_R2_IMAG0336.JPG,wildebeest
ASG000cry0,S4/O06/O06_R2/S4_O06_R2_IMAG0337.JPG,wildebeest
ASG000crwj,S4/O06/O06_R2/S4_O06_R2_IMAG0432.JPG,wildebeest
ASG000crwj,S4/O06/O06_R2/S4_O06_R2_IMAG0433.JPG,wildebeest
ASG000crwj,S4/O06/O06_R2/S4_O06_R2_IMAG0434.JPG,wildebeest
ASG000crtc,S4/O06/O06_R2/S4_O06_R2_IMAG0531.JPG,warthog
ASG000crtc,S4/O06/O06_R2/S4_O06_R2_IMAG0532.JPG,warthog
ASG000crtc,S4/O06/O06_R2/S4_O06_R2_IMAG0533.JPG,warthog
ASG000cryi,S4/O06/O06_R2/S4_O06_R2_IMAG0701.JPG,giraffe
ASG000cryi,S4/O06/O06_R2/S4_O06_R2_IMAG0702.JPG,giraffe
ASG000cryi,S4/O06/O06_R2/S4_O06_R2_IMAG0703.JPG,giraffe
ASG000crss,S4/O06/O06_R2/S4_O06_R2_IMAG0749.JPG,wildebeest
ASG000crss,S4/O06/O06_R2/S4_O06_R2_IMAG0750.JPG,wildebeest
ASG000crss,S4/O06/O06_R2/S4_O06_R2_IMAG0751.JPG,wildebeest
ASG000cry2,S4/O06/O06_R2/S4_O06_R2_IMAG0755.JPG,wildebeest
ASG000cry2,S4/O06/O06_R2/S4_O06_R2_IMAG0756.JPG,wildebeest
ASG000cry2,S4/O06/O06_R2/S4_O06_R2_IMAG0757.JPG,wildebeest
ASG000crxw,S4/O06/O06_R2/S4_O06_R2_IMAG0785.JPG,wildebeest
ASG000crxw,S4/O06/O06_R2/S4_O06_R2_IMAG0786.JPG,wildebeest
ASG000crxw,S4/O06/O06_R2/S4_O06_R2_IMAG0787.JPG,wildebeest
ASG000crwr,S4/O06/O06_R2/S4_O06_R2_IMAG0788.JPG,wildebeest
ASG000crwr,S4/O06/O06_R2/S4_O06_R2_IMAG0789.JPG,wildebeest
ASG000crwr,S4/O06/O06_R2/S4_O06_R2_IMAG0790.JPG,wildebeest
ASG000crzn,S4/O06/O06_R2/S4_O06_R2_IMAG0836.JPG,wildebeest
ASG000crzn,S4/O06/O06_R2/S4_O06_R2_IMAG0837.JPG,wildebeest
ASG000crzn,S4/O06/O06_R2/S4_O06_R2_IMAG0838.JPG,wildebeest
ASG000crxd,S4/O06/O06_R2/S4_O06_R2_IMAG0845.JPG,wildebeest
ASG000crxd,S4/O06/O06_R2/S4_O06_R2_IMAG0846.JPG,wildebeest
ASG000crxd,S4/O06/O06_R2/S4_O06_R2_IMAG0847.JPG,wildebeest
ASG000crr0,S4/O06/O06_R2/S4_O06_R2_IMAG0905.JPG,wildebeest
ASG000crr0,S4/O06/O06_R2/S4_O06_R2_IMAG0906.JPG,wildebeest
ASG000crr0,S4/O06/O06_R2/S4_O06_R2_IMAG0907.JPG,wildebeest
ASG000crtj,S4/O06/O06_R2/S4_O06_R2_IMAG0944.JPG,wildebeest
ASG000crtj,S4/O06/O06_R2/S4_O06_R2_IMAG0945.JPG,wildebeest
ASG000crtj,S4/O06/O06_R2/S4_O06_R2_IMAG0946.JPG,wildebeest
ASG000crtg,S4/O06/O06_R2/S4_O06_R2_IMAG0995.JPG,wildebeest
ASG000crtg,S4/O06/O06_R2/S4_O06_R2_IMAG0996.JPG,wildebeest
ASG000crtg,S4/O06/O06_R2/S4_O06_R2_IMAG0997.JPG,wildebeest
ASG000crtv,S4/O06/O06_R2/S4_O06_R2_IMAG0998.JPG,wildebeest
ASG000crtv,S4/O06/O06_R2/S4_O06_R2_IMAG0999.JPG,wildebeest
ASG000crtv,S4/O06/O06_R2/S4_O06_R2_IMAG1000.JPG,wildebeest
ASG000crtf,S4/O06/O06_R2/S4_O06_R2_IMAG1061.JPG,wildebeest
ASG000crtf,S4/O06/O06_R2/S4_O06_R2_IMAG1062.JPG,wildebeest
ASG000crtf,S4/O06/O06_R2/S4_O06_R2_IMAG1063.JPG,wildebeest
ASG000crwn,S4/O06/O06_R2/S4_O06_R2_IMAG1163.JPG,elephant
ASG000crwn,S4/O06/O06_R2/S4_O06_R2_IMAG1164.JPG,elephant
ASG000crwn,S4/O06/O06_R2/S4_O06_R2_IMAG1165.JPG,elephant
ASG000f182,S4/O07/O07_R1/S4_O07_R1_IMAG0181.JPG,gazelleThomsons
ASG000f182,S4/O07/O07_R1/S4_O07_R1_IMAG0182.JPG,gazelleThomsons
ASG000f182,S4/O07/O07_R1/S4_O07_R1_IMAG0183.JPG,gazelleThomsons
ASG000f1ab,S4/O07/O07_R1/S4_O07_R1_IMAG0384.JPG,zebra
ASG000f1ab,S4/O07/O07_R1/S4_O07_R1_IMAG0385.JPG,zebra
ASG000f1ab,S4/O07/O07_R1/S4_O07_R1_IMAG0386.JPG,zebra
ASG000f1a4,S4/O07/O07_R1/S4_O07_R1_IMAG0514.JPG,zebra
ASG000f15p,S4/O07/O07_R1/S4_O07_R1_IMAG0670.JPG,gazelleGrants
ASG000f15p,S4/O07/O07_R1/S4_O07_R1_IMAG0671.JPG,gazelleGrants
ASG000f15p,S4/O07/O07_R1/S4_O07_R1_IMAG0672.JPG,gazelleGrants
ASG000f1bb,S4/O07/O07_R1/S4_O07_R1_IMAG0688.JPG,gazelleGrants
ASG000f1bb,S4/O07/O07_R1/S4_O07_R1_IMAG0689.JPG,gazelleGrants
ASG000f1bb,S4/O07/O07_R1/S4_O07_R1_IMAG0690.JPG,gazelleGrants
ASG000f0zl,S4/O07/O07_R2/S4_O07_R2_IMAG0111.JPG,zebra
ASG000f0zl,S4/O07/O07_R2/S4_O07_R2_IMAG0112.JPG,zebra
ASG000f0zl,S4/O07/O07_R2/S4_O07_R2_IMAG0113.JPG,zebra
ASG000f0ye,S4/O07/O07_R2/S4_O07_R2_IMAG0151.JPG,zebra
ASG000f11f,S4/O07/O07_R2/S4_O07_R2_IMAG0279.JPG,wildebeest
ASG000f11f,S4/O07/O07_R2/S4_O07_R2_IMAG0280.JPG,wildebeest
ASG000f11f,S4/O07/O07_R2/S4_O07_R2_IMAG0281.JPG,wildebeest
ASG000f128,S4/O07/O07_R2/S4_O07_R2_IMAG0291.JPG,wildebeest
ASG000f128,S4/O07/O07_R2/S4_O07_R2_IMAG0292.JPG,wildebeest
ASG000f128,S4/O07/O07_R2/S4_O07_R2_IMAG0293.JPG,wildebeest
ASG000f0ys,S4/O07/O07_R2/S4_O07_R2_IMAG0315.JPG,wildebeest
ASG000f0ys,S4/O07/O07_R2/S4_O07_R2_IMAG0316.JPG,wildebeest
ASG000f0ys,S4/O07/O07_R2/S4_O07_R2_IMAG0317.JPG,wildebeest
ASG000f0yj,S4/O07/O07_R2/S4_O07_R2_IMAG0318.JPG,wildebeest
ASG000f0yj,S4/O07/O07_R2/S4_O07_R2_IMAG0319.JPG,wildebeest
ASG000f0yj,S4/O07/O07_R2/S4_O07_R2_IMAG0320.JPG,wildebeest
ASG000f0ze,S4/O07/O07_R2/S4_O07_R2_IMAG0321.JPG,wildebeest
ASG000f0ze,S4/O07/O07_R2/S4_O07_R2_IMAG0322.JPG,wildebeest
ASG000f0ze,S4/O07/O07_R2/S4_O07_R2_IMAG0323.JPG,wildebeest
ASG000f0zt,S4/O07/O07_R2/S4_O07_R2_IMAG0384.JPG,wildebeest
ASG000f0zt,S4/O07/O07_R2/S4_O07_R2_IMAG0385.JPG,wildebeest
ASG000f0zt,S4/O07/O07_R2/S4_O07_R2_IMAG0386.JPG,wildebeest
ASG000f14b,S4/O07/O07_R2/S4_O07_R2_IMAG0462.JPG,wildebeest
ASG000f14b,S4/O07/O07_R2/S4_O07_R2_IMAG0463.JPG,wildebeest
ASG000f14b,S4/O07/O07_R2/S4_O07_R2_IMAG0464.JPG,wildebeest
ASG000f0yd,S4/O07/O07_R2/S4_O07_R2_IMAG0468.JPG,wildebeest
ASG000f0yd,S4/O07/O07_R2/S4_O07_R2_IMAG0469.JPG,wildebeest
ASG000f0yd,S4/O07/O07_R2/S4_O07_R2_IMAG0470.JPG,wildebeest
ASG000f113,S4/O07/O07_R2/S4_O07_R2_IMAG0477.JPG,wildebeest
ASG000f113,S4/O07/O07_R2/S4_O07_R2_IMAG0478.JPG,wildebeest
ASG000f113,S4/O07/O07_R2/S4_O07_R2_IMAG0479.JPG,wildebeest
ASG000f10k,S4/O07/O07_R2/S4_O07_R2_IMAG0492.JPG,wildebeest
ASG000f10k,S4/O07/O07_R2/S4_O07_R2_IMAG0493.JPG,wildebeest
ASG000f10k,S4/O07/O07_R2/S4_O07_R2_IMAG0494.JPG,wildebeest
ASG000f0zz,S4/O07/O07_R2/S4_O07_R2_IMAG0504.JPG,wildebeest
ASG000f0zz,S4/O07/O07_R2/S4_O07_R2_IMAG0505.JPG,wildebeest
ASG000f0zz,S4/O07/O07_R2/S4_O07_R2_IMAG0506.JPG,wildebeest
ASG000f11g,S4/O07/O07_R2/S4_O07_R2_IMAG0525.JPG,wildebeest
ASG000f11g,S4/O07/O07_R2/S4_O07_R2_IMAG0526.JPG,wildebeest
ASG000f11g,S4/O07/O07_R2/S4_O07_R2_IMAG0527.JPG,wildebeest
ASG000f109,S4/O07/O07_R2/S4_O07_R2_IMAG0603.JPG,zebra
ASG000dr0e,S4/O09/O09_R2/S4_O09_R2_IMAG0038.JPG,elephant
ASG000dr0e,S4/O09/O09_R2/S4_O09_R2_IMAG0039.JPG,elephant
ASG000dr0e,S4/O09/O09_R2/S4_O09_R2_IMAG0040.JPG,elephant
ASG000dqwd,S4/O09/O09_R2/S4_O09_R2_IMAG0110.JPG,zebra
ASG000dqwd,S4/O09/O09_R2/S4_O09_R2_IMAG0111.JPG,zebra
ASG000dqwd,S4/O09/O09_R2/S4_O09_R2_IMAG0112.JPG,zebra
ASG000dqsm,S4/O09/O09_R2/S4_O09_R2_IMAG0188.JPG,wildebeest
ASG000dqsm,S4/O09/O09_R2/S4_O09_R2_IMAG0189.JPG,wildebeest
ASG000dqsm,S4/O09/O09_R2/S4_O09_R2_IMAG0190.JPG,wildebeest
ASG000drcn,S4/O09/O09_R2/S4_O09_R2_IMAG0382.JPG,wildebeest
ASG000drcn,S4/O09/O09_R2/S4_O09_R2_IMAG0383.JPG,wildebeest
ASG000drcn,S4/O09/O09_R2/S4_O09_R2_IMAG0384.JPG,wildebeest
ASG000dq7w,S4/O09/O09_R2/S4_O09_R2_IMAG0445.JPG,wildebeest
ASG000dq7w,S4/O09/O09_R2/S4_O09_R2_IMAG0446.JPG,wildebeest
ASG000dq7w,S4/O09/O09_R2/S4_O09_R2_IMAG0447.JPG,wildebeest
ASG000dr17,S4/O09/O09_R2/S4_O09_R2_IMAG0505.JPG,wildebeest
ASG000dr17,S4/O09/O09_R2/S4_O09_R2_IMAG0506.JPG,wildebeest
ASG000dr17,S4/O09/O09_R2/S4_O09_R2_IMAG0507.JPG,wildebeest
ASG000drdr,S4/O09/O09_R2/S4_O09_R2_IMAG0616.JPG,wildebeest
ASG000drdr,S4/O09/O09_R2/S4_O09_R2_IMAG0617.JPG,wildebeest
ASG000drdr,S4/O09/O09_R2/S4_O09_R2_IMAG0618.JPG,wildebeest
ASG000dqlc,S4/O09/O09_R2/S4_O09_R2_IMAG0619.JPG,wildebeest
ASG000dqlc,S4/O09/O09_R2/S4_O09_R2_IMAG0620.JPG,wildebeest
ASG000dqlc,S4/O09/O09_R2/S4_O09_R2_IMAG0621.JPG,wildebeest
ASG000dqhx,S4/O09/O09_R2/S4_O09_R2_IMAG0634.JPG,wildebeest
ASG000dqhx,S4/O09/O09_R2/S4_O09_R2_IMAG0635.JPG,wildebeest
ASG000dqhx,S4/O09/O09_R2/S4_O09_R2_IMAG0636.JPG,wildebeest
ASG000dr99,S4/O09/O09_R2/S4_O09_R2_IMAG0739.JPG,warthog
ASG000dr99,S4/O09/O09_R2/S4_O09_R2_IMAG0740.JPG,warthog
ASG000dr99,S4/O09/O09_R2/S4_O09_R2_IMAG0741.JPG,warthog
ASG000dr3z,S4/O09/O09_R2/S4_O09_R2_IMAG0884.JPG,wildebeest
ASG000dr3z,S4/O09/O09_R2/S4_O09_R2_IMAG0885.JPG,wildebeest
ASG000dr3z,S4/O09/O09_R2/S4_O09_R2_IMAG0886.JPG,wildebeest
ASG000drs3,S4/O09/O09_R2/S4_O09_R2_IMAG0896.JPG,wildebeest
ASG000drs3,S4/O09/O09_R2/S4_O09_R2_IMAG0897.JPG,wildebeest
ASG000drs3,S4/O09/O09_R2/S4_O09_R2_IMAG0898.JPG,wildebeest
ASG000dqtm,S4/O09/O09_R2/S4_O09_R2_IMAG1010.JPG,wildebeest
ASG000dqtm,S4/O09/O09_R2/S4_O09_R2_IMAG1011.JPG,wildebeest
ASG000dqtm,S4/O09/O09_R2/S4_O09_R2_IMAG1012.JPG,wildebeest
ASG000dqp4,S4/O09/O09_R2/S4_O09_R2_IMAG1066.JPG,wildebeest
ASG000dqp4,S4/O09/O09_R2/S4_O09_R2_IMAG1067.JPG,wildebeest
ASG000dqp4,S4/O09/O09_R2/S4_O09_R2_IMAG1068.JPG,wildebeest
ASG000dfpa,S4/O10/O10_R1/S4_O10_R1_IMAG0185.JPG,elephant
ASG000dfpa,S4/O10/O10_R1/S4_O10_R1_IMAG0186.JPG,elephant
ASG000dfpa,S4/O10/O10_R1/S4_O10_R1_IMAG0187.JPG,elephant
ASG000dfq7,S4/O10/O10_R1/S4_O10_R1_IMAG0191.JPG,elephant
ASG000dfq7,S4/O10/O10_R1/S4_O10_R1_IMAG0192.JPG,elephant
ASG000dfq7,S4/O10/O10_R1/S4_O10_R1_IMAG0193.JPG,elephant
ASG000dfq0,S4/O10/O10_R1/S4_O10_R1_IMAG0206.JPG,elephant
ASG000dfq0,S4/O10/O10_R1/S4_O10_R1_IMAG0207.JPG,elephant
ASG000dfq0,S4/O10/O10_R1/S4_O10_R1_IMAG0208.JPG,elephant
ASG000dfn9,S4/O10/O10_R1/S4_O10_R1_IMAG0215.JPG,elephant
ASG000dfn9,S4/O10/O10_R1/S4_O10_R1_IMAG0216.JPG,elephant
ASG000dfn9,S4/O10/O10_R1/S4_O10_R1_IMAG0217.JPG,elephant
ASG000dfno,S4/O10/O10_R1/S4_O10_R1_IMAG0345.JPG,elephant
ASG000dfno,S4/O10/O10_R1/S4_O10_R1_IMAG0346.JPG,elephant
ASG000dfno,S4/O10/O10_R1/S4_O10_R1_IMAG0347.JPG,elephant
ASG000dfnw,S4/O10/O10_R1/S4_O10_R1_IMAG0435.JPG,elephant
ASG000dfnw,S4/O10/O10_R1/S4_O10_R1_IMAG0436.JPG,elephant
ASG000dfnw,S4/O10/O10_R1/S4_O10_R1_IMAG0437.JPG,elephant
ASG000dgf0,S4/O10/O10_R2/S4_O10_R2_IMAG0282.JPG,wildebeest
ASG000dgf0,S4/O10/O10_R2/S4_O10_R2_IMAG0283.JPG,wildebeest
ASG000dgf0,S4/O10/O10_R2/S4_O10_R2_IMAG0284.JPG,wildebeest
ASG000dgcb,S4/O10/O10_R2/S4_O10_R2_IMAG0285.JPG,zebra
ASG000dgcb,S4/O10/O10_R2/S4_O10_R2_IMAG0286.JPG,zebra
ASG000dgcb,S4/O10/O10_R2/S4_O10_R2_IMAG0287.JPG,zebra
ASG000dh6d,S4/O10/O10_R2/S4_O10_R2_IMAG0357.JPG,wildebeest
ASG000dh6d,S4/O10/O10_R2/S4_O10_R2_IMAG0358.JPG,wildebeest
ASG000dh6d,S4/O10/O10_R2/S4_O10_R2_IMAG0359.JPG,wildebeest
ASG000dgdy,S4/O10/O10_R2/S4_O10_R2_IMAG0375.JPG,wildebeest
ASG000dgdy,S4/O10/O10_R2/S4_O10_R2_IMAG0376.JPG,wildebeest
ASG000dgdy,S4/O10/O10_R2/S4_O10_R2_IMAG0377.JPG,wildebeest
ASG000dh6p,S4/O10/O10_R2/S4_O10_R2_IMAG0493.JPG,zebra
ASG000dam9,S4/O12/O12_R2/S4_O12_R2_IMAG0041.JPG,gazelleThomsons
ASG000dam9,S4/O12/O12_R2/S4_O12_R2_IMAG0042.JPG,gazelleThomsons
ASG000dam9,S4/O12/O12_R2/S4_O12_R2_IMAG0043.JPG,gazelleThomsons
ASG000e47t,S4/P04/P04_R2/S4_P04_R2_IMAG0080.JPG,elephant
ASG000e47t,S4/P04/P04_R2/S4_P04_R2_IMAG0081.JPG,elephant
ASG000e47t,S4/P04/P04_R2/S4_P04_R2_IMAG0082.JPG,elephant
ASG000e4m4,S4/P04/P04_R2/S4_P04_R2_IMAG0983.JPG,zebra
ASG000e4m4,S4/P04/P04_R2/S4_P04_R2_IMAG0984.JPG,zebra
ASG000e4m4,S4/P04/P04_R2/S4_P04_R2_IMAG0985.JPG,zebra
ASG000e48b,S4/P04/P04_R2/S4_P04_R2_IMAG1118.JPG,wildebeest
ASG000e48b,S4/P04/P04_R2/S4_P04_R2_IMAG1119.JPG,wildebeest
ASG000e48b,S4/P04/P04_R2/S4_P04_R2_IMAG1120.JPG,wildebeest
ASG000e4l2,S4/P04/P04_R2/S4_P04_R2_IMAG1203.JPG,wildebeest
ASG000e4l2,S4/P04/P04_R2/S4_P04_R2_IMAG1204.JPG,wildebeest
ASG000e4l2,S4/P04/P04_R2/S4_P04_R2_IMAG1205.JPG,wildebeest
ASG000e4gt,S4/P04/P04_R2/S4_P04_R2_IMAG1260.JPG,wildebeest
ASG000e4gt,S4/P04/P04_R2/S4_P04_R2_IMAG1261.JPG,wildebeest
ASG000e4gt,S4/P04/P04_R2/S4_P04_R2_IMAG1262.JPG,wildebeest
ASG000e4ht,S4/P04/P04_R2/S4_P04_R2_IMAG1302.JPG,wildebeest
ASG000e4ht,S4/P04/P04_R2/S4_P04_R2_IMAG1303.JPG,wildebeest
ASG000e4ht,S4/P04/P04_R2/S4_P04_R2_IMAG1304.JPG,wildebeest
ASG000e4jy,S4/P04/P04_R2/S4_P04_R2_IMAG1352.JPG,wildebeest
ASG000e4jy,S4/P04/P04_R2/S4_P04_R2_IMAG1353.JPG,wildebeest
ASG000e4jy,S4/P04/P04_R2/S4_P04_R2_IMAG1354.JPG,wildebeest
ASG000f1uv,S4/P07/P07_R2/S4_P07_R2_IMAG0046.JPG,zebra
ASG000f1uv,S4/P07/P07_R2/S4_P07_R2_IMAG0047.JPG,zebra
ASG000f1uv,S4/P07/P07_R2/S4_P07_R2_IMAG0048.JPG,zebra
ASG000f1pi,S4/P07/P07_R2/S4_P07_R2_IMAG0114.JPG,buffalo
ASG000f1dr,S4/P07/P07_R2/S4_P07_R2_IMAG0205.JPG,buffalo
ASG000f1pp,S4/P07/P07_R2/S4_P07_R2_IMAG0215.JPG,buffalo
ASG000f1qc,S4/P07/P07_R2/S4_P07_R2_IMAG0255.JPG,buffalo
ASG000f1e7,S4/P07/P07_R2/S4_P07_R2_IMAG0320.JPG,buffalo
ASG000f1e7,S4/P07/P07_R2/S4_P07_R2_IMAG0321.JPG,buffalo
ASG000f1e7,S4/P07/P07_R2/S4_P07_R2_IMAG0322.JPG,buffalo
ASG000f1eg,S4/P07/P07_R2/S4_P07_R2_IMAG0423.JPG,wildebeest
ASG000f1eg,S4/P07/P07_R2/S4_P07_R2_IMAG0424.JPG,wildebeest
ASG000f1eg,S4/P07/P07_R2/S4_P07_R2_IMAG0425.JPG,wildebeest
ASG000f1t0,S4/P07/P07_R2/S4_P07_R2_IMAG0477.JPG,wildebeest
ASG000f1t0,S4/P07/P07_R2/S4_P07_R2_IMAG0478.JPG,wildebeest
ASG000f1t0,S4/P07/P07_R2/S4_P07_R2_IMAG0479.JPG,wildebeest
ASG000f1k2,S4/P07/P07_R2/S4_P07_R2_IMAG0558.JPG,wildebeest
ASG000f1k2,S4/P07/P07_R2/S4_P07_R2_IMAG0559.JPG,wildebeest
ASG000f1k2,S4/P07/P07_R2/S4_P07_R2_IMAG0560.JPG,wildebeest
ASG000f1hl,S4/P07/P07_R2/S4_P07_R2_IMAG0595.JPG,wildebeest
ASG000f1hl,S4/P07/P07_R2/S4_P07_R2_IMAG0596.JPG,wildebeest
ASG000f1hl,S4/P07/P07_R2/S4_P07_R2_IMAG0597.JPG,wildebeest
ASG000f1i2,S4/P07/P07_R2/S4_P07_R2_IMAG0948.JPG,wildebeest
ASG000f1i2,S4/P07/P07_R2/S4_P07_R2_IMAG0949.JPG,wildebeest
ASG000f1i2,S4/P07/P07_R2/S4_P07_R2_IMAG0950.JPG,wildebeest
ASG000f1lf,S4/P07/P07_R2/S4_P07_R2_IMAG0963.JPG,wildebeest
ASG000f1lf,S4/P07/P07_R2/S4_P07_R2_IMAG0964.JPG,wildebeest
ASG000f1lf,S4/P07/P07_R2/S4_P07_R2_IMAG0965.JPG,wildebeest
ASG000f1kp,S4/P07/P07_R2/S4_P07_R2_IMAG0981.JPG,wildebeest
ASG000f1kp,S4/P07/P07_R2/S4_P07_R2_IMAG0982.JPG,wildebeest
ASG000f1kp,S4/P07/P07_R2/S4_P07_R2_IMAG0983.JPG,wildebeest
ASG000f1ml,S4/P07/P07_R2/S4_P07_R2_IMAG1047.JPG,wildebeest
ASG000f1ml,S4/P07/P07_R2/S4_P07_R2_IMAG1048.JPG,wildebeest
ASG000f1ml,S4/P07/P07_R2/S4_P07_R2_IMAG1049.JPG,wildebeest
ASG000f1p7,S4/P07/P07_R2/S4_P07_R2_IMAG1059.JPG,wildebeest
ASG000f1p7,S4/P07/P07_R2/S4_P07_R2_IMAG1060.JPG,wildebeest
ASG000f1p7,S4/P07/P07_R2/S4_P07_R2_IMAG1061.JPG,wildebeest
ASG000f1g3,S4/P07/P07_R2/S4_P07_R2_IMAG1062.JPG,wildebeest
ASG000f1g3,S4/P07/P07_R2/S4_P07_R2_IMAG1063.JPG,wildebeest
ASG000f1g3,S4/P07/P07_R2/S4_P07_R2_IMAG1064.JPG,wildebeest
ASG000f1gc,S4/P07/P07_R2/S4_P07_R2_IMAG1191.JPG,wildebeest
ASG000f1gc,S4/P07/P07_R2/S4_P07_R2_IMAG1192.JPG,wildebeest
ASG000f1gc,S4/P07/P07_R2/S4_P07_R2_IMAG1193.JPG,wildebeest
ASG000f1hz,S4/P07/P07_R2/S4_P07_R2_IMAG1221.JPG,wildebeest
ASG000f1hz,S4/P07/P07_R2/S4_P07_R2_IMAG1222.JPG,wildebeest
ASG000f1hz,S4/P07/P07_R2/S4_P07_R2_IMAG1223.JPG,wildebeest
ASG000f1eh,S4/P07/P07_R2/S4_P07_R2_IMAG1263.JPG,wildebeest
ASG000f1eh,S4/P07/P07_R2/S4_P07_R2_IMAG1264.JPG,wildebeest
ASG000f1eh,S4/P07/P07_R2/S4_P07_R2_IMAG1265.JPG,wildebeest
ASG000f1ph,S4/P07/P07_R2/S4_P07_R2_IMAG1335.JPG,wildebeest
ASG000f1ph,S4/P07/P07_R2/S4_P07_R2_IMAG1336.JPG,wildebeest
ASG000f1ph,S4/P07/P07_R2/S4_P07_R2_IMAG1337.JPG,wildebeest
ASG000f1oz,S4/P07/P07_R2/S4_P07_R2_IMAG1338.JPG,wildebeest
ASG000f1oz,S4/P07/P07_R2/S4_P07_R2_IMAG1339.JPG,wildebeest
ASG000f1oz,S4/P07/P07_R2/S4_P07_R2_IMAG1340.JPG,wildebeest
ASG000f1d8,S4/P07/P07_R2/S4_P07_R2_IMAG1398.JPG,wildebeest
ASG000f1d8,S4/P07/P07_R2/S4_P07_R2_IMAG1399.JPG,wildebeest
ASG000f1d8,S4/P07/P07_R2/S4_P07_R2_IMAG1400.JPG,wildebeest
ASG000f1i9,S4/P07/P07_R2/S4_P07_R2_IMAG1644.JPG,wildebeest
ASG000f1i9,S4/P07/P07_R2/S4_P07_R2_IMAG1645.JPG,wildebeest
ASG000f1i9,S4/P07/P07_R2/S4_P07_R2_IMAG1646.JPG,wildebeest
ASG000f1h2,S4/P07/P07_R2/S4_P07_R2_IMAG1713.JPG,wildebeest
ASG000f1h2,S4/P07/P07_R2/S4_P07_R2_IMAG1714.JPG,wildebeest
ASG000f1h2,S4/P07/P07_R2/S4_P07_R2_IMAG1715.JPG,wildebeest
ASG000f1fi,S4/P07/P07_R2/S4_P07_R2_IMAG1725.JPG,wildebeest
ASG000f1fi,S4/P07/P07_R2/S4_P07_R2_IMAG1726.JPG,wildebeest
ASG000f1fi,S4/P07/P07_R2/S4_P07_R2_IMAG1727.JPG,wildebeest
ASG000f1dx,S4/P07/P07_R2/S4_P07_R2_IMAG1752.JPG,wildebeest
ASG000f1dx,S4/P07/P07_R2/S4_P07_R2_IMAG1753.JPG,wildebeest
ASG000f1dx,S4/P07/P07_R2/S4_P07_R2_IMAG1754.JPG,wildebeest
ASG000f1jk,S4/P07/P07_R2/S4_P07_R2_IMAG1776.JPG,zebra
ASG000f1jk,S4/P07/P07_R2/S4_P07_R2_IMAG1777.JPG,zebra
ASG000f1jk,S4/P07/P07_R2/S4_P07_R2_IMAG1778.JPG,zebra
ASG000f1ue,S4/P07/P07_R2/S4_P07_R2_IMAG1806.JPG,wildebeest
ASG000f1ue,S4/P07/P07_R2/S4_P07_R2_IMAG1807.JPG,wildebeest
ASG000f1ue,S4/P07/P07_R2/S4_P07_R2_IMAG1808.JPG,wildebeest
ASG000dte0,S4/P09/P09_R2/S4_P09_R2_IMAG0865.JPG,warthog
ASG000dte0,S4/P09/P09_R2/S4_P09_R2_IMAG0866.JPG,warthog
ASG000dte0,S4/P09/P09_R2/S4_P09_R2_IMAG0867.JPG,warthog
ASG000du1v,S4/P09/P09_R2/S4_P09_R2_IMAG3749.JPG,warthog
ASG000du1v,S4/P09/P09_R2/S4_P09_R2_IMAG3750.JPG,warthog
ASG000du1v,S4/P09/P09_R2/S4_P09_R2_IMAG3751.JPG,warthog
ASG000du3r,S4/P09/P09_R2/S4_P09_R2_IMAG3962.JPG,wildebeest
ASG000du3r,S4/P09/P09_R2/S4_P09_R2_IMAG3963.JPG,wildebeest
ASG000du3r,S4/P09/P09_R2/S4_P09_R2_IMAG3964.JPG,wildebeest
ASG000dtut,S4/P09/P09_R2/S4_P09_R2_IMAG4073.JPG,wildebeest
ASG000dtut,S4/P09/P09_R2/S4_P09_R2_IMAG4074.JPG,wildebeest
ASG000dtut,S4/P09/P09_R2/S4_P09_R2_IMAG4075.JPG,wildebeest
ASG000dthh,S4/P09/P09_R2/S4_P09_R2_IMAG4596.JPG,wildebeest
ASG000dthh,S4/P09/P09_R2/S4_P09_R2_IMAG4597.JPG,wildebeest
ASG000dthh,S4/P09/P09_R2/S4_P09_R2_IMAG4598.JPG,wildebeest
ASG000dt8r,S4/P09/P09_R2/S4_P09_R2_IMAG4605.JPG,wildebeest
ASG000dt8r,S4/P09/P09_R2/S4_P09_R2_IMAG4606.JPG,wildebeest
ASG000dt8r,S4/P09/P09_R2/S4_P09_R2_IMAG4607.JPG,wildebeest
ASG000dtxi,S4/P09/P09_R2/S4_P09_R2_IMAG4629.JPG,wildebeest
ASG000dtxi,S4/P09/P09_R2/S4_P09_R2_IMAG4630.JPG,wildebeest
ASG000dtxi,S4/P09/P09_R2/S4_P09_R2_IMAG4631.JPG,wildebeest
ASG000dtfv,S4/P09/P09_R2/S4_P09_R2_IMAG4665.JPG,zebra
ASG000dtfv,S4/P09/P09_R2/S4_P09_R2_IMAG4666.JPG,zebra
ASG000dtfv,S4/P09/P09_R2/S4_P09_R2_IMAG4667.JPG,zebra
ASG000du65,S4/P09/P09_R2/S4_P09_R2_IMAG4767.JPG,gazelleGrants
ASG000du65,S4/P09/P09_R2/S4_P09_R2_IMAG4768.JPG,gazelleGrants
ASG000du65,S4/P09/P09_R2/S4_P09_R2_IMAG4769.JPG,gazelleGrants
ASG000dsv5,S4/P09/P09_R2/S4_P09_R2_IMAG4986.JPG,wildebeest
ASG000dsv5,S4/P09/P09_R2/S4_P09_R2_IMAG4987.JPG,wildebeest
ASG000dsv5,S4/P09/P09_R2/S4_P09_R2_IMAG4988.JPG,wildebeest
ASG000dt02,S4/P09/P09_R2/S4_P09_R2_IMAG5001.JPG,wildebeest
ASG000dt02,S4/P09/P09_R2/S4_P09_R2_IMAG5002.JPG,wildebeest
ASG000dt02,S4/P09/P09_R2/S4_P09_R2_IMAG5003.JPG,wildebeest
ASG000dhci,S4/P10/P10_R1/S4_P10_R1_IMAG0215.JPG,wildebeest
ASG000dhci,S4/P10/P10_R1/S4_P10_R1_IMAG0216.JPG,wildebeest
ASG000dhci,S4/P10/P10_R1/S4_P10_R1_IMAG0217.JPG,wildebeest
ASG000dhe6,S4/P10/P10_R1/S4_P10_R1_IMAG0682.JPG,elephant
ASG000dhai,S4/P10/P10_R1/S4_P10_R1_IMAG0691.JPG,elephant
ASG000dh74,S4/P10/P10_R1/S4_P10_R1_IMAG0700.JPG,elephant
ASG000dhqw,S4/P10/P10_R2/S4_P10_R2_IMAG0079.JPG,wildebeest
ASG000dhqw,S4/P10/P10_R2/S4_P10_R2_IMAG0080.JPG,wildebeest
ASG000dhqw,S4/P10/P10_R2/S4_P10_R2_IMAG0081.JPG,wildebeest
ASG000di15,S4/P10/P10_R2/S4_P10_R2_IMAG0106.JPG,wildebeest
ASG000di15,S4/P10/P10_R2/S4_P10_R2_IMAG0107.JPG,wildebeest
ASG000di15,S4/P10/P10_R2/S4_P10_R2_IMAG0108.JPG,wildebeest
ASG000dhvn,S4/P10/P10_R2/S4_P10_R2_IMAG0205.JPG,zebra
ASG000dhvn,S4/P10/P10_R2/S4_P10_R2_IMAG0206.JPG,zebra
ASG000dhvn,S4/P10/P10_R2/S4_P10_R2_IMAG0207.JPG,zebra
ASG000dhto,S4/P10/P10_R2/S4_P10_R2_IMAG0261.JPG,zebra
ASG000di1j,S4/P10/P10_R2/S4_P10_R2_IMAG0286.JPG,zebra
ASG000di1j,S4/P10/P10_R2/S4_P10_R2_IMAG0287.JPG,zebra
ASG000di1j,S4/P10/P10_R2/S4_P10_R2_IMAG0288.JPG,zebra
ASG000dhqh,S4/P10/P10_R2/S4_P10_R2_IMAG0368.JPG,wildebeest
ASG000dhqh,S4/P10/P10_R2/S4_P10_R2_IMAG0369.JPG,wildebeest
ASG000dhqh,S4/P10/P10_R2/S4_P10_R2_IMAG0370.JPG,wildebeest
ASG000dhsw,S4/P10/P10_R2/S4_P10_R2_IMAG0410.JPG,wildebeest
ASG000dhsw,S4/P10/P10_R2/S4_P10_R2_IMAG0411.JPG,wildebeest
ASG000dhsw,S4/P10/P10_R2/S4_P10_R2_IMAG0412.JPG,wildebeest
ASG000dhyd,S4/P10/P10_R2/S4_P10_R2_IMAG0452.JPG,wildebeest
ASG000dhyd,S4/P10/P10_R2/S4_P10_R2_IMAG0453.JPG,wildebeest
ASG000dhyd,S4/P10/P10_R2/S4_P10_R2_IMAG0454.JPG,wildebeest
ASG000dhpl,S4/P10/P10_R2/S4_P10_R2_IMAG0455.JPG,wildebeest
ASG000dhpl,S4/P10/P10_R2/S4_P10_R2_IMAG0456.JPG,wildebeest
ASG000dhpl,S4/P10/P10_R2/S4_P10_R2_IMAG0457.JPG,wildebeest
ASG000dhq2,S4/P10/P10_R2/S4_P10_R2_IMAG0461.JPG,wildebeest
ASG000dhq2,S4/P10/P10_R2/S4_P10_R2_IMAG0462.JPG,wildebeest
ASG000dhq2,S4/P10/P10_R2/S4_P10_R2_IMAG0463.JPG,wildebeest
ASG000dhyb,S4/P10/P10_R2/S4_P10_R2_IMAG0482.JPG,wildebeest
ASG000dhyb,S4/P10/P10_R2/S4_P10_R2_IMAG0483.JPG,wildebeest
ASG000dhyb,S4/P10/P10_R2/S4_P10_R2_IMAG0484.JPG,wildebeest
ASG000dhpb,S4/P10/P10_R2/S4_P10_R2_IMAG0485.JPG,wildebeest
ASG000dhpb,S4/P10/P10_R2/S4_P10_R2_IMAG0486.JPG,wildebeest
ASG000dhpb,S4/P10/P10_R2/S4_P10_R2_IMAG0487.JPG,wildebeest
ASG000di1q,S4/P10/P10_R2/S4_P10_R2_IMAG0527.JPG,wildebeest
ASG000di1q,S4/P10/P10_R2/S4_P10_R2_IMAG0528.JPG,wildebeest
ASG000di1q,S4/P10/P10_R2/S4_P10_R2_IMAG0529.JPG,wildebeest
ASG000dhyx,S4/P10/P10_R2/S4_P10_R2_IMAG0569.JPG,wildebeest
ASG000dhyx,S4/P10/P10_R2/S4_P10_R2_IMAG0570.JPG,wildebeest
ASG000dhyx,S4/P10/P10_R2/S4_P10_R2_IMAG0571.JPG,wildebeest
ASG000dhua,S4/P10/P10_R2/S4_P10_R2_IMAG0581.JPG,wildebeest
ASG000dhua,S4/P10/P10_R2/S4_P10_R2_IMAG0582.JPG,wildebeest
ASG000dhua,S4/P10/P10_R2/S4_P10_R2_IMAG0583.JPG,wildebeest
ASG000dhn0,S4/P10/P10_R2/S4_P10_R2_IMAG0617.JPG,wildebeest
ASG000dhn0,S4/P10/P10_R2/S4_P10_R2_IMAG0618.JPG,wildebeest
ASG000dhn0,S4/P10/P10_R2/S4_P10_R2_IMAG0619.JPG,wildebeest
ASG000dhih,S4/P10/P10_R2/S4_P10_R2_IMAG0641.JPG,wildebeest
ASG000dhih,S4/P10/P10_R2/S4_P10_R2_IMAG0642.JPG,wildebeest
ASG000dhih,S4/P10/P10_R2/S4_P10_R2_IMAG0643.JPG,wildebeest
ASG000dhzg,S4/P10/P10_R2/S4_P10_R2_IMAG0668.JPG,wildebeest
ASG000dhzg,S4/P10/P10_R2/S4_P10_R2_IMAG0669.JPG,wildebeest
ASG000dhzg,S4/P10/P10_R2/S4_P10_R2_IMAG0670.JPG,wildebeest
ASG000dhti,S4/P10/P10_R2/S4_P10_R2_IMAG0723.JPG,zebra
ASG000dhvy,S4/P10/P10_R2/S4_P10_R2_IMAG0735.JPG,wildebeest
ASG000dhvt,S4/P10/P10_R2/S4_P10_R2_IMAG0747.JPG,zebra
ASG000dhx0,S4/P10/P10_R2/S4_P10_R2_IMAG0776.JPG,wildebeest
ASG000dhx0,S4/P10/P10_R2/S4_P10_R2_IMAG0777.JPG,wildebeest
ASG000dhx0,S4/P10/P10_R2/S4_P10_R2_IMAG0778.JPG,wildebeest
ASG000db7t,S4/P12/P12_R2/S4_P12_R2_IMAG1568.JPG,gazelleGrants
ASG000db7t,S4/P12/P12_R2/S4_P12_R2_IMAG1569.JPG,gazelleGrants
ASG000db7t,S4/P12/P12_R2/S4_P12_R2_IMAG1570.JPG,gazelleGrants
ASG000darr,S4/P12/P12_R2/S4_P12_R2_IMAG1646.JPG,gazelleGrants
ASG000darr,S4/P12/P12_R2/S4_P12_R2_IMAG1647.JPG,gazelleGrants
ASG000darr,S4/P12/P12_R2/S4_P12_R2_IMAG1648.JPG,gazelleGrants
ASG000blqm,S4/Q05/Q05_R1/S4_Q05_R1_IMAG0177.JPG,zebra
ASG000blqm,S4/Q05/Q05_R1/S4_Q05_R1_IMAG0178.JPG,zebra
ASG000blqm,S4/Q05/Q05_R1/S4_Q05_R1_IMAG0179.JPG,zebra
ASG000bls8,S4/Q05/Q05_R1/S4_Q05_R1_IMAG0214.JPG,buffalo
ASG000blp5,S4/Q05/Q05_R1/S4_Q05_R1_IMAG0230.JPG,elephant
ASG000blp5,S4/Q05/Q05_R1/S4_Q05_R1_IMAG0231.JPG,elephant
ASG000blp5,S4/Q05/Q05_R1/S4_Q05_R1_IMAG0232.JPG,elephant
ASG000blo6,S4/Q05/Q05_R1/S4_Q05_R1_IMAG0333.JPG,zebra
ASG000blo6,S4/Q05/Q05_R1/S4_Q05_R1_IMAG0334.JPG,zebra
ASG000blo6,S4/Q05/Q05_R1/S4_Q05_R1_IMAG0335.JPG,zebra
ASG000bloq,S4/Q05/Q05_R1/S4_Q05_R1_IMAG0345.JPG,zebra
ASG000bloq,S4/Q05/Q05_R1/S4_Q05_R1_IMAG0346.JPG,zebra
ASG000bloq,S4/Q05/Q05_R1/S4_Q05_R1_IMAG0347.JPG,zebra
ASG000blpf,S4/Q05/Q05_R1/S4_Q05_R1_IMAG0351.JPG,zebra
ASG000blpf,S4/Q05/Q05_R1/S4_Q05_R1_IMAG0352.JPG,zebra
ASG000blpf,S4/Q05/Q05_R1/S4_Q05_R1_IMAG0353.JPG,zebra
ASG000bloh,S4/Q05/Q05_R1/S4_Q05_R1_IMAG0513.JPG,zebra
ASG000bloh,S4/Q05/Q05_R1/S4_Q05_R1_IMAG0514.JPG,zebra
ASG000bloh,S4/Q05/Q05_R1/S4_Q05_R1_IMAG0515.JPG,zebra
ASG000blr2,S4/Q05/Q05_R1/S4_Q05_R1_IMAG0522.JPG,zebra
ASG000blr2,S4/Q05/Q05_R1/S4_Q05_R1_IMAG0523.JPG,zebra
ASG000blr2,S4/Q05/Q05_R1/S4_Q05_R1_IMAG0524.JPG,zebra
ASG000bllc,S4/Q05/Q05_R1/S4_Q05_R1_IMAG0615.JPG,zebra
ASG000bllc,S4/Q05/Q05_R1/S4_Q05_R1_IMAG0616.JPG,zebra
ASG000bllc,S4/Q05/Q05_R1/S4_Q05_R1_IMAG0617.JPG,zebra
ASG000blpa,S4/Q05/Q05_R1/S4_Q05_R1_IMAG0661.JPG,zebra
ASG000blpa,S4/Q05/Q05_R1/S4_Q05_R1_IMAG0662.JPG,zebra
ASG000blpa,S4/Q05/Q05_R1/S4_Q05_R1_IMAG0663.JPG,zebra
ASG000bm1w,S4/Q05/Q05_R2/S4_Q05_R2_IMAG0014.JPG,giraffe
ASG000bm1w,S4/Q05/Q05_R2/S4_Q05_R2_IMAG0015.JPG,giraffe
ASG000bm1w,S4/Q05/Q05_R2/S4_Q05_R2_IMAG0016.JPG,giraffe
ASG000bm2r,S4/Q05/Q05_R2/S4_Q05_R2_IMAG0027.JPG,zebra
ASG000bm2r,S4/Q05/Q05_R2/S4_Q05_R2_IMAG0028.JPG,zebra
ASG000bm2r,S4/Q05/Q05_R2/S4_Q05_R2_IMAG0029.JPG,zebra
ASG000blvu,S4/Q05/Q05_R2/S4_Q05_R2_IMAG0073.JPG,buffalo
ASG000blz0,S4/Q05/Q05_R2/S4_Q05_R2_IMAG0087.JPG,buffalo
ASG000blz0,S4/Q05/Q05_R2/S4_Q05_R2_IMAG0088.JPG,buffalo
ASG000blz0,S4/Q05/Q05_R2/S4_Q05_R2_IMAG0089.JPG,buffalo
ASG000bm49,S4/Q05/Q05_R2/S4_Q05_R2_IMAG0192.JPG,wildebeest
ASG000bm49,S4/Q05/Q05_R2/S4_Q05_R2_IMAG0193.JPG,wildebeest
ASG000bm49,S4/Q05/Q05_R2/S4_Q05_R2_IMAG0194.JPG,wildebeest
ASG000blva,S4/Q05/Q05_R2/S4_Q05_R2_IMAG0231.JPG,wildebeest
ASG000blva,S4/Q05/Q05_R2/S4_Q05_R2_IMAG0232.JPG,wildebeest
ASG000blva,S4/Q05/Q05_R2/S4_Q05_R2_IMAG0233.JPG,wildebeest
ASG000bm19,S4/Q05/Q05_R2/S4_Q05_R2_IMAG0262.JPG,wildebeest
ASG000blvv,S4/Q05/Q05_R2/S4_Q05_R2_IMAG0291.JPG,wildebeest
ASG000blvv,S4/Q05/Q05_R2/S4_Q05_R2_IMAG0292.JPG,wildebeest
ASG000blvv,S4/Q05/Q05_R2/S4_Q05_R2_IMAG0293.JPG,wildebeest
ASG000blup,S4/Q05/Q05_R2/S4_Q05_R2_IMAG0309.JPG,wildebeest
ASG000blup,S4/Q05/Q05_R2/S4_Q05_R2_IMAG0310.JPG,wildebeest
ASG000blup,S4/Q05/Q05_R2/S4_Q05_R2_IMAG0311.JPG,wildebeest
ASG000bm1t,S4/Q05/Q05_R2/S4_Q05_R2_IMAG0399.JPG,wildebeest
ASG000bm1t,S4/Q05/Q05_R2/S4_Q05_R2_IMAG0400.JPG,wildebeest
ASG000bm1t,S4/Q05/Q05_R2/S4_Q05_R2_IMAG0401.JPG,wildebeest
ASG000blz3,S4/Q05/Q05_R2/S4_Q05_R2_IMAG0438.JPG,wildebeest
ASG000blz3,S4/Q05/Q05_R2/S4_Q05_R2_IMAG0439.JPG,wildebeest
ASG000blz3,S4/Q05/Q05_R2/S4_Q05_R2_IMAG0440.JPG,wildebeest
ASG000blym,S4/Q05/Q05_R2/S4_Q05_R2_IMAG0441.JPG,wildebeest
ASG000blym,S4/Q05/Q05_R2/S4_Q05_R2_IMAG0442.JPG,wildebeest
ASG000blym,S4/Q05/Q05_R2/S4_Q05_R2_IMAG0443.JPG,wildebeest
ASG000bly2,S4/Q05/Q05_R2/S4_Q05_R2_IMAG0474.JPG,wildebeest
ASG000bly2,S4/Q05/Q05_R2/S4_Q05_R2_IMAG0475.JPG,wildebeest
ASG000bly2,S4/Q05/Q05_R2/S4_Q05_R2_IMAG0476.JPG,wildebeest
ASG000bm0p,S4/Q05/Q05_R2/S4_Q05_R2_IMAG0540.JPG,wildebeest
ASG000bm0p,S4/Q05/Q05_R2/S4_Q05_R2_IMAG0541.JPG,wildebeest
ASG000bm0p,S4/Q05/Q05_R2/S4_Q05_R2_IMAG0542.JPG,wildebeest
ASG000bm4n,S4/Q05/Q05_R2/S4_Q05_R2_IMAG0546.JPG,wildebeest
ASG000bm4n,S4/Q05/Q05_R2/S4_Q05_R2_IMAG0547.JPG,wildebeest
ASG000bm4n,S4/Q05/Q05_R2/S4_Q05_R2_IMAG0548.JPG,wildebeest
ASG000bm1u,S4/Q05/Q05_R2/S4_Q05_R2_IMAG0564.JPG,wildebeest
ASG000bm1u,S4/Q05/Q05_R2/S4_Q05_R2_IMAG0565.JPG,wildebeest
ASG000bm1u,S4/Q05/Q05_R2/S4_Q05_R2_IMAG0566.JPG,wildebeest
ASG000bm0f,S4/Q05/Q05_R2/S4_Q05_R2_IMAG0618.JPG,wildebeest
ASG000bm0f,S4/Q05/Q05_R2/S4_Q05_R2_IMAG0619.JPG,wildebeest
ASG000bm0f,S4/Q05/Q05_R2/S4_Q05_R2_IMAG0620.JPG,wildebeest
ASG000blux,S4/Q05/Q05_R2/S4_Q05_R2_IMAG0684.JPG,wildebeest
ASG000blux,S4/Q05/Q05_R2/S4_Q05_R2_IMAG0685.JPG,wildebeest
ASG000blux,S4/Q05/Q05_R2/S4_Q05_R2_IMAG0686.JPG,wildebeest
ASG000blzk,S4/Q05/Q05_R2/S4_Q05_R2_IMAG0720.JPG,wildebeest
ASG000blzk,S4/Q05/Q05_R2/S4_Q05_R2_IMAG0721.JPG,wildebeest
ASG000blzk,S4/Q05/Q05_R2/S4_Q05_R2_IMAG0722.JPG,wildebeest
ASG000bm1m,S4/Q05/Q05_R2/S4_Q05_R2_IMAG0750.JPG,wildebeest
ASG000bm1m,S4/Q05/Q05_R2/S4_Q05_R2_IMAG0751.JPG,wildebeest
ASG000bm1m,S4/Q05/Q05_R2/S4_Q05_R2_IMAG0752.JPG,wildebeest
ASG000blvi,S4/Q05/Q05_R2/S4_Q05_R2_IMAG0812.JPG,wildebeest
ASG000blvi,S4/Q05/Q05_R2/S4_Q05_R2_IMAG0813.JPG,wildebeest
ASG000blvi,S4/Q05/Q05_R2/S4_Q05_R2_IMAG0814.JPG,wildebeest
ASG000bm1e,S4/Q05/Q05_R2/S4_Q05_R2_IMAG0845.JPG,zebra
ASG000bm1e,S4/Q05/Q05_R2/S4_Q05_R2_IMAG0846.JPG,zebra
ASG000bm1e,S4/Q05/Q05_R2/S4_Q05_R2_IMAG0847.JPG,zebra
ASG000bm3g,S4/Q05/Q05_R2/S4_Q05_R2_IMAG0848.JPG,zebra
ASG000bm3g,S4/Q05/Q05_R2/S4_Q05_R2_IMAG0849.JPG,zebra
ASG000bm3g,S4/Q05/Q05_R2/S4_Q05_R2_IMAG0850.JPG,zebra
ASG000bm4b,S4/Q05/Q05_R2/S4_Q05_R2_IMAG0949.JPG,elephant
ASG000bm4b,S4/Q05/Q05_R2/S4_Q05_R2_IMAG0950.JPG,elephant
ASG000bm4b,S4/Q05/Q05_R2/S4_Q05_R2_IMAG0951.JPG,elephant
ASG000czkq,S4/Q06/Q06_R1/S4_Q06_R1_IMAG0186.JPG,zebra
ASG000czkq,S4/Q06/Q06_R1/S4_Q06_R1_IMAG0187.JPG,zebra
ASG000czkq,S4/Q06/Q06_R1/S4_Q06_R1_IMAG0188.JPG,zebra
ASG000czis,S4/Q06/Q06_R1/S4_Q06_R1_IMAG0214.JPG,buffalo
ASG000czke,S4/Q06/Q06_R1/S4_Q06_R1_IMAG0297.JPG,zebra
ASG000czke,S4/Q06/Q06_R1/S4_Q06_R1_IMAG0298.JPG,zebra
ASG000czke,S4/Q06/Q06_R1/S4_Q06_R1_IMAG0299.JPG,zebra
ASG000czfm,S4/Q06/Q06_R1/S4_Q06_R1_IMAG0344.JPG,zebra
ASG000czkv,S4/Q06/Q06_R1/S4_Q06_R1_IMAG0349.JPG,warthog
ASG000czkv,S4/Q06/Q06_R1/S4_Q06_R1_IMAG0350.JPG,warthog
ASG000czkv,S4/Q06/Q06_R1/S4_Q06_R1_IMAG0351.JPG,warthog
ASG000czm7,S4/Q06/Q06_R1/S4_Q06_R1_IMAG0405.JPG,hartebeest
ASG000czkh,S4/Q06/Q06_R1/S4_Q06_R1_IMAG0653.JPG,zebra
ASG000czkh,S4/Q06/Q06_R1/S4_Q06_R1_IMAG0654.JPG,zebra
ASG000czkh,S4/Q06/Q06_R1/S4_Q06_R1_IMAG0655.JPG,zebra
ASG000czma,S4/Q06/Q06_R1/S4_Q06_R1_IMAG0692.JPG,zebra
ASG000czma,S4/Q06/Q06_R1/S4_Q06_R1_IMAG0693.JPG,zebra
ASG000czma,S4/Q06/Q06_R1/S4_Q06_R1_IMAG0694.JPG,zebra
ASG000czfe,S4/Q06/Q06_R1/S4_Q06_R1_IMAG0758.JPG,zebra
ASG000czfe,S4/Q06/Q06_R1/S4_Q06_R1_IMAG0759.JPG,zebra
ASG000czfe,S4/Q06/Q06_R1/S4_Q06_R1_IMAG0760.JPG,zebra
ASG000czeo,S4/Q06/Q06_R1/S4_Q06_R1_IMAG0764.JPG,zebra
ASG000czeo,S4/Q06/Q06_R1/S4_Q06_R1_IMAG0765.JPG,zebra
ASG000czeo,S4/Q06/Q06_R1/S4_Q06_R1_IMAG0766.JPG,zebra
ASG000czm2,S4/Q06/Q06_R1/S4_Q06_R1_IMAG0767.JPG,zebra
ASG000czm2,S4/Q06/Q06_R1/S4_Q06_R1_IMAG0768.JPG,zebra
ASG000czm2,S4/Q06/Q06_R1/S4_Q06_R1_IMAG0769.JPG,zebra
ASG000czkb,S4/Q06/Q06_R1/S4_Q06_R1_IMAG0776.JPG,zebra
ASG000czkb,S4/Q06/Q06_R1/S4_Q06_R1_IMAG0777.JPG,zebra
ASG000czkb,S4/Q06/Q06_R1/S4_Q06_R1_IMAG0778.JPG,zebra
ASG000czk3,S4/Q06/Q06_R1/S4_Q06_R1_IMAG0794.JPG,zebra
ASG000czk3,S4/Q06/Q06_R1/S4_Q06_R1_IMAG0795.JPG,zebra
ASG000czk3,S4/Q06/Q06_R1/S4_Q06_R1_IMAG0796.JPG,zebra
ASG000etee,S4/Q07/Q07_R1/S4_Q07_R1_IMAG0007.JPG,hartebeest
ASG000etee,S4/Q07/Q07_R1/S4_Q07_R1_IMAG0008.JPG,hartebeest
ASG000etee,S4/Q07/Q07_R1/S4_Q07_R1_IMAG0009.JPG,hartebeest
ASG000etex,S4/Q07/Q07_R1/S4_Q07_R1_IMAG0089.JPG,gazelleThomsons
ASG000etex,S4/Q07/Q07_R1/S4_Q07_R1_IMAG0090.JPG,gazelleThomsons
ASG000etex,S4/Q07/Q07_R1/S4_Q07_R1_IMAG0091.JPG,gazelleThomsons
ASG000etbh,S4/Q07/Q07_R1/S4_Q07_R1_IMAG0131.JPG,gazelleThomsons
ASG000etbh,S4/Q07/Q07_R1/S4_Q07_R1_IMAG0132.JPG,gazelleThomsons
ASG000etbh,S4/Q07/Q07_R1/S4_Q07_R1_IMAG0133.JPG,gazelleThomsons
ASG000etdr,S4/Q07/Q07_R1/S4_Q07_R1_IMAG0145.JPG,warthog
ASG000etdr,S4/Q07/Q07_R1/S4_Q07_R1_IMAG0146.JPG,warthog
ASG000etdr,S4/Q07/Q07_R1/S4_Q07_R1_IMAG0147.JPG,warthog
ASG000etdl,S4/Q07/Q07_R1/S4_Q07_R1_IMAG0179.JPG,wildebeest
ASG000etes,S4/Q07/Q07_R1/S4_Q07_R1_IMAG0207.JPG,zebra
ASG000etcy,S4/Q07/Q07_R1/S4_Q07_R1_IMAG0229.JPG,zebra
ASG000etcy,S4/Q07/Q07_R1/S4_Q07_R1_IMAG0230.JPG,zebra
ASG000etcy,S4/Q07/Q07_R1/S4_Q07_R1_IMAG0231.JPG,zebra
ASG000etfx,S4/Q07/Q07_R1/S4_Q07_R1_IMAG0281.JPG,zebra
ASG000etfl,S4/Q07/Q07_R1/S4_Q07_R1_IMAG0309.JPG,giraffe
ASG000ete1,S4/Q07/Q07_R1/S4_Q07_R1_IMAG0315.JPG,zebra
ASG000etew,S4/Q07/Q07_R1/S4_Q07_R1_IMAG0324.JPG,zebra
ASG000ete4,S4/Q07/Q07_R1/S4_Q07_R1_IMAG0327.JPG,zebra
ASG000etg6,S4/Q07/Q07_R1/S4_Q07_R1_IMAG0341.JPG,zebra
ASG000et7a,S4/Q07/Q07_R2/S4_Q07_R2_IMAG0025.JPG,warthog
ASG000et7a,S4/Q07/Q07_R2/S4_Q07_R2_IMAG0026.JPG,warthog
ASG000et7a,S4/Q07/Q07_R2/S4_Q07_R2_IMAG0027.JPG,warthog
ASG000et9b,S4/Q07/Q07_R2/S4_Q07_R2_IMAG0062.JPG,warthog
ASG000et9b,S4/Q07/Q07_R2/S4_Q07_R2_IMAG0063.JPG,warthog
ASG000et9b,S4/Q07/Q07_R2/S4_Q07_R2_IMAG0064.JPG,warthog
ASG000et9w,S4/Q07/Q07_R2/S4_Q07_R2_IMAG0117.JPG,hartebeest
ASG000et9w,S4/Q07/Q07_R2/S4_Q07_R2_IMAG0118.JPG,hartebeest
ASG000et9w,S4/Q07/Q07_R2/S4_Q07_R2_IMAG0119.JPG,hartebeest
ASG000et59,S4/Q07/Q07_R2/S4_Q07_R2_IMAG0151.JPG,hartebeest
ASG000et59,S4/Q07/Q07_R2/S4_Q07_R2_IMAG0152.JPG,hartebeest
ASG000et59,S4/Q07/Q07_R2/S4_Q07_R2_IMAG0153.JPG,hartebeest
ASG000etay,S4/Q07/Q07_R2/S4_Q07_R2_IMAG0233.JPG,zebra
ASG000eta7,S4/Q07/Q07_R2/S4_Q07_R2_IMAG0323.JPG,wildebeest
ASG000eta7,S4/Q07/Q07_R2/S4_Q07_R2_IMAG0324.JPG,wildebeest
ASG000eta7,S4/Q07/Q07_R2/S4_Q07_R2_IMAG0325.JPG,wildebeest
ASG000et7b,S4/Q07/Q07_R2/S4_Q07_R2_IMAG0329.JPG,wildebeest
ASG000et7b,S4/Q07/Q07_R2/S4_Q07_R2_IMAG0330.JPG,wildebeest
ASG000et7b,S4/Q07/Q07_R2/S4_Q07_R2_IMAG0331.JPG,wildebeest
ASG000et86,S4/Q07/Q07_R2/S4_Q07_R2_IMAG0432.JPG,wildebeest
ASG000etag,S4/Q07/Q07_R2/S4_Q07_R2_IMAG0437.JPG,wildebeest
ASG000et9n,S4/Q07/Q07_R2/S4_Q07_R2_IMAG0467.JPG,warthog
ASG000et9n,S4/Q07/Q07_R2/S4_Q07_R2_IMAG0468.JPG,warthog
ASG000et9n,S4/Q07/Q07_R2/S4_Q07_R2_IMAG0469.JPG,warthog
ASG000et8r,S4/Q07/Q07_R2/S4_Q07_R2_IMAG0567.JPG,zebra
ASG000bk7j,S4/Q08/Q08_R2/S4_Q08_R2_IMAG0050.JPG,wildebeest
ASG000bk0g,S4/Q08/Q08_R2/S4_Q08_R2_IMAG0200.JPG,zebra
ASG000bk0g,S4/Q08/Q08_R2/S4_Q08_R2_IMAG0201.JPG,zebra
ASG000bk0g,S4/Q08/Q08_R2/S4_Q08_R2_IMAG0202.JPG,zebra
ASG000bk67,S4/Q08/Q08_R2/S4_Q08_R2_IMAG0270.JPG,zebra
ASG000bk67,S4/Q08/Q08_R2/S4_Q08_R2_IMAG0271.JPG,zebra
ASG000bk67,S4/Q08/Q08_R2/S4_Q08_R2_IMAG0272.JPG,zebra
ASG000bjz7,S4/Q08/Q08_R2/S4_Q08_R2_IMAG0349.JPG,zebra
ASG000bjz7,S4/Q08/Q08_R2/S4_Q08_R2_IMAG0350.JPG,zebra
ASG000bjz7,S4/Q08/Q08_R2/S4_Q08_R2_IMAG0351.JPG,zebra
ASG000bjy5,S4/Q08/Q08_R2/S4_Q08_R2_IMAG0357.JPG,zebra
ASG000bjy5,S4/Q08/Q08_R2/S4_Q08_R2_IMAG0358.JPG,zebra
ASG000bjy5,S4/Q08/Q08_R2/S4_Q08_R2_IMAG0359.JPG,zebra
ASG000bk97,S4/Q08/Q08_R2/S4_Q08_R2_IMAG0557.JPG,zebra
ASG000bk97,S4/Q08/Q08_R2/S4_Q08_R2_IMAG0558.JPG,zebra
ASG000bk97,S4/Q08/Q08_R2/S4_Q08_R2_IMAG0559.JPG,zebra
ASG000bjyt,S4/Q08/Q08_R2/S4_Q08_R2_IMAG1052.JPG,elephant
ASG000bjwa,S4/Q08/Q08_R2/S4_Q08_R2_IMAG1220.JPG,wildebeest
ASG000bjwa,S4/Q08/Q08_R2/S4_Q08_R2_IMAG1221.JPG,wildebeest
ASG000bjwa,S4/Q08/Q08_R2/S4_Q08_R2_IMAG1222.JPG,wildebeest
ASG000bk4r,S4/Q08/Q08_R2/S4_Q08_R2_IMAG1229.JPG,wildebeest
ASG000bk4r,S4/Q08/Q08_R2/S4_Q08_R2_IMAG1230.JPG,wildebeest
ASG000bk4r,S4/Q08/Q08_R2/S4_Q08_R2_IMAG1231.JPG,wildebeest
ASG000bk7q,S4/Q08/Q08_R2/S4_Q08_R2_IMAG1350.JPG,zebra
ASG000bk7q,S4/Q08/Q08_R2/S4_Q08_R2_IMAG1351.JPG,zebra
ASG000bk7q,S4/Q08/Q08_R2/S4_Q08_R2_IMAG1352.JPG,zebra
ASG000eg2y,S4/Q10/Q10_R2/S4_Q10_R2_IMAG0056.JPG,wildebeest
ASG000eg2y,S4/Q10/Q10_R2/S4_Q10_R2_IMAG0057.JPG,wildebeest
ASG000eg2y,S4/Q10/Q10_R2/S4_Q10_R2_IMAG0058.JPG,wildebeest
ASG000egg8,S4/Q10/Q10_R2/S4_Q10_R2_IMAG0068.JPG,wildebeest
ASG000egg8,S4/Q10/Q10_R2/S4_Q10_R2_IMAG0069.JPG,wildebeest
ASG000egg8,S4/Q10/Q10_R2/S4_Q10_R2_IMAG0070.JPG,wildebeest
ASG000egeq,S4/Q10/Q10_R2/S4_Q10_R2_IMAG0228.JPG,wildebeest
ASG000egeq,S4/Q10/Q10_R2/S4_Q10_R2_IMAG0229.JPG,wildebeest
ASG000egeq,S4/Q10/Q10_R2/S4_Q10_R2_IMAG0230.JPG,wildebeest
ASG000egnf,S4/Q10/Q10_R2/S4_Q10_R2_IMAG0458.JPG,gazelleThomsons
ASG000egbx,S4/Q10/Q10_R2/S4_Q10_R2_IMAG0464.JPG,hartebeest
ASG000egbx,S4/Q10/Q10_R2/S4_Q10_R2_IMAG0465.JPG,hartebeest
ASG000egbx,S4/Q10/Q10_R2/S4_Q10_R2_IMAG0466.JPG,hartebeest
ASG000egfr,S4/Q10/Q10_R2/S4_Q10_R2_IMAG0473.JPG,hartebeest
ASG000egfr,S4/Q10/Q10_R2/S4_Q10_R2_IMAG0474.JPG,hartebeest
ASG000egfr,S4/Q10/Q10_R2/S4_Q10_R2_IMAG0475.JPG,hartebeest
ASG000eger,S4/Q10/Q10_R2/S4_Q10_R2_IMAG0649.JPG,wildebeest
ASG000eger,S4/Q10/Q10_R2/S4_Q10_R2_IMAG0650.JPG,wildebeest
ASG000eger,S4/Q10/Q10_R2/S4_Q10_R2_IMAG0651.JPG,wildebeest
ASG000efxm,S4/Q10/Q10_R2/S4_Q10_R2_IMAG0682.JPG,wildebeest
ASG000efxm,S4/Q10/Q10_R2/S4_Q10_R2_IMAG0683.JPG,wildebeest
ASG000efxm,S4/Q10/Q10_R2/S4_Q10_R2_IMAG0684.JPG,wildebeest
ASG000eget,S4/Q10/Q10_R2/S4_Q10_R2_IMAG0697.JPG,wildebeest
ASG000eget,S4/Q10/Q10_R2/S4_Q10_R2_IMAG0698.JPG,wildebeest
ASG000eget,S4/Q10/Q10_R2/S4_Q10_R2_IMAG0699.JPG,wildebeest
ASG000eg3h,S4/Q10/Q10_R2/S4_Q10_R2_IMAG0724.JPG,wildebeest
ASG000eg3h,S4/Q10/Q10_R2/S4_Q10_R2_IMAG0725.JPG,wildebeest
ASG000eg3h,S4/Q10/Q10_R2/S4_Q10_R2_IMAG0726.JPG,wildebeest
ASG000efyh,S4/Q10/Q10_R2/S4_Q10_R2_IMAG0742.JPG,wildebeest
ASG000efyh,S4/Q10/Q10_R2/S4_Q10_R2_IMAG0743.JPG,wildebeest
ASG000efyh,S4/Q10/Q10_R2/S4_Q10_R2_IMAG0744.JPG,wildebeest
ASG000eg4y,S4/Q10/Q10_R2/S4_Q10_R2_IMAG0754.JPG,wildebeest
ASG000eg4y,S4/Q10/Q10_R2/S4_Q10_R2_IMAG0755.JPG,wildebeest
ASG000eg4y,S4/Q10/Q10_R2/S4_Q10_R2_IMAG0756.JPG,wildebeest
ASG000egl2,S4/Q10/Q10_R2/S4_Q10_R2_IMAG0817.JPG,gazelleGrants
ASG000egl2,S4/Q10/Q10_R2/S4_Q10_R2_IMAG0818.JPG,gazelleGrants
ASG000egl2,S4/Q10/Q10_R2/S4_Q10_R2_IMAG0819.JPG,gazelleGrants
ASG000bdca,S4/Q11/Q11_R2/S4_Q11_R2_IMAG0038.JPG,wildebeest
ASG000bdca,S4/Q11/Q11_R2/S4_Q11_R2_IMAG0039.JPG,wildebeest
ASG000bdca,S4/Q11/Q11_R2/S4_Q11_R2_IMAG0040.JPG,wildebeest
ASG000bdrt,S4/Q11/Q11_R2/S4_Q11_R2_IMAG0147.JPG,zebra
ASG000bdrt,S4/Q11/Q11_R2/S4_Q11_R2_IMAG0148.JPG,zebra
ASG000bdrt,S4/Q11/Q11_R2/S4_Q11_R2_IMAG0149.JPG,zebra
ASG000bdcp,S4/Q11/Q11_R2/S4_Q11_R2_IMAG0160.JPG,zebra
ASG000bdsm,S4/Q11/Q11_R2/S4_Q11_R2_IMAG0164.JPG,wildebeest
ASG000bdgu,S4/Q11/Q11_R2/S4_Q11_R2_IMAG0237.JPG,zebra
ASG000bdgu,S4/Q11/Q11_R2/S4_Q11_R2_IMAG0238.JPG,zebra
ASG000bdgu,S4/Q11/Q11_R2/S4_Q11_R2_IMAG0239.JPG,zebra
ASG000bdf2,S4/Q11/Q11_R2/S4_Q11_R2_IMAG0319.JPG,zebra
ASG000bdf2,S4/Q11/Q11_R2/S4_Q11_R2_IMAG0320.JPG,zebra
ASG000bdf2,S4/Q11/Q11_R2/S4_Q11_R2_IMAG0321.JPG,zebra
ASG000bdbn,S4/Q11/Q11_R2/S4_Q11_R2_IMAG0447.JPG,zebra
ASG000bdbn,S4/Q11/Q11_R2/S4_Q11_R2_IMAG0448.JPG,zebra
ASG000bdbn,S4/Q11/Q11_R2/S4_Q11_R2_IMAG0449.JPG,zebra
ASG000bdos,S4/Q11/Q11_R2/S4_Q11_R2_IMAG0453.JPG,zebra
ASG000bdos,S4/Q11/Q11_R2/S4_Q11_R2_IMAG0454.JPG,zebra
ASG000bdos,S4/Q11/Q11_R2/S4_Q11_R2_IMAG0455.JPG,zebra
ASG000bdik,S4/Q11/Q11_R2/S4_Q11_R2_IMAG0511.JPG,wildebeest
ASG000bdik,S4/Q11/Q11_R2/S4_Q11_R2_IMAG0512.JPG,wildebeest
ASG000bdik,S4/Q11/Q11_R2/S4_Q11_R2_IMAG0513.JPG,wildebeest
ASG000bdin,S4/Q11/Q11_R2/S4_Q11_R2_IMAG0514.JPG,wildebeest
ASG000bdin,S4/Q11/Q11_R2/S4_Q11_R2_IMAG0515.JPG,wildebeest
ASG000bdin,S4/Q11/Q11_R2/S4_Q11_R2_IMAG0516.JPG,wildebeest
ASG000bd93,S4/Q11/Q11_R2/S4_Q11_R2_IMAG0517.JPG,gazelleGrants
ASG000bd93,S4/Q11/Q11_R2/S4_Q11_R2_IMAG0518.JPG,gazelleGrants
ASG000bd93,S4/Q11/Q11_R2/S4_Q11_R2_IMAG0519.JPG,gazelleGrants
ASG000bdl9,S4/Q11/Q11_R2/S4_Q11_R2_IMAG0570.JPG,gazelleThomsons
ASG000bdl9,S4/Q11/Q11_R2/S4_Q11_R2_IMAG0571.JPG,gazelleThomsons
ASG000bdl9,S4/Q11/Q11_R2/S4_Q11_R2_IMAG0572.JPG,gazelleThomsons
ASG000bdfk,S4/Q11/Q11_R2/S4_Q11_R2_IMAG0596.JPG,gazelleThomsons
ASG000bdfk,S4/Q11/Q11_R2/S4_Q11_R2_IMAG0597.JPG,gazelleThomsons
ASG000bdfk,S4/Q11/Q11_R2/S4_Q11_R2_IMAG0598.JPG,gazelleThomsons
ASG000bdeg,S4/Q11/Q11_R2/S4_Q11_R2_IMAG1024.JPG,warthog
ASG000bdeg,S4/Q11/Q11_R2/S4_Q11_R2_IMAG1025.JPG,warthog
ASG000bdeg,S4/Q11/Q11_R2/S4_Q11_R2_IMAG1026.JPG,warthog
ASG000bdph,S4/Q11/Q11_R2/S4_Q11_R2_IMAG1917.JPG,wildebeest
ASG000bdph,S4/Q11/Q11_R2/S4_Q11_R2_IMAG1918.JPG,wildebeest
ASG000bdph,S4/Q11/Q11_R2/S4_Q11_R2_IMAG1919.JPG,wildebeest
ASG000bd4o,S4/Q11/Q11_R2/S4_Q11_R2_IMAG1944.JPG,wildebeest
ASG000bd4o,S4/Q11/Q11_R2/S4_Q11_R2_IMAG1945.JPG,wildebeest
ASG000bd4o,S4/Q11/Q11_R2/S4_Q11_R2_IMAG1946.JPG,wildebeest
ASG000bd8q,S4/Q11/Q11_R2/S4_Q11_R2_IMAG2004.JPG,wildebeest
ASG000bd8q,S4/Q11/Q11_R2/S4_Q11_R2_IMAG2005.JPG,wildebeest
ASG000bd8q,S4/Q11/Q11_R2/S4_Q11_R2_IMAG2006.JPG,wildebeest
ASG000bdex,S4/Q11/Q11_R2/S4_Q11_R2_IMAG2013.JPG,zebra
ASG000bdex,S4/Q11/Q11_R2/S4_Q11_R2_IMAG2014.JPG,zebra
ASG000bdex,S4/Q11/Q11_R2/S4_Q11_R2_IMAG2015.JPG,zebra
ASG000bdr5,S4/Q11/Q11_R2/S4_Q11_R2_IMAG2322.JPG,warthog
ASG000bdr5,S4/Q11/Q11_R2/S4_Q11_R2_IMAG2323.JPG,warthog
ASG000bdr5,S4/Q11/Q11_R2/S4_Q11_R2_IMAG2324.JPG,warthog
ASG000c9q2,S4/Q12/Q12_R2/S4_Q12_R2_IMAG0041.JPG,zebra
ASG000c9q2,S4/Q12/Q12_R2/S4_Q12_R2_IMAG0042.JPG,zebra
ASG000c9q2,S4/Q12/Q12_R2/S4_Q12_R2_IMAG0043.JPG,zebra
ASG000c9qe,S4/Q12/Q12_R2/S4_Q12_R2_IMAG0072.JPG,zebra
ASG000c9qe,S4/Q12/Q12_R2/S4_Q12_R2_IMAG0073.JPG,zebra
ASG000c9qe,S4/Q12/Q12_R2/S4_Q12_R2_IMAG0074.JPG,zebra
ASG000c9qf,S4/Q12/Q12_R2/S4_Q12_R2_IMAG0179.JPG,zebra
ASG000c9qf,S4/Q12/Q12_R2/S4_Q12_R2_IMAG0180.JPG,zebra
ASG000c9qf,S4/Q12/Q12_R2/S4_Q12_R2_IMAG0181.JPG,zebra
ASG000c9qw,S4/Q12/Q12_R2/S4_Q12_R2_IMAG0182.JPG,wildebeest
ASG000c9qw,S4/Q12/Q12_R2/S4_Q12_R2_IMAG0183.JPG,wildebeest
ASG000c9qw,S4/Q12/Q12_R2/S4_Q12_R2_IMAG0184.JPG,wildebeest
ASG000bnxp,S4/R06/R06_R1/S4_R06_R1_IMAG0235.JPG,zebra
ASG000bnxp,S4/R06/R06_R1/S4_R06_R1_IMAG0236.JPG,zebra
ASG000bnxp,S4/R06/R06_R1/S4_R06_R1_IMAG0237.JPG,zebra
ASG000bnxa,S4/R06/R06_R1/S4_R06_R1_IMAG0351.JPG,zebra
ASG000bnxa,S4/R06/R06_R1/S4_R06_R1_IMAG0352.JPG,zebra
ASG000bnxa,S4/R06/R06_R1/S4_R06_R1_IMAG0353.JPG,zebra
ASG000bnxo,S4/R06/R06_R1/S4_R06_R1_IMAG0418.JPG,zebra
ASG000bnxo,S4/R06/R06_R1/S4_R06_R1_IMAG0419.JPG,zebra
ASG000bnxo,S4/R06/R06_R1/S4_R06_R1_IMAG0420.JPG,zebra
ASG000bnwx,S4/R06/R06_R1/S4_R06_R1_IMAG0421.JPG,zebra
ASG000bnwx,S4/R06/R06_R1/S4_R06_R1_IMAG0422.JPG,zebra
ASG000bnwx,S4/R06/R06_R1/S4_R06_R1_IMAG0423.JPG,zebra
ASG000bnwb,S4/R06/R06_R1/S4_R06_R1_IMAG0495.JPG,elephant
ASG000bnwb,S4/R06/R06_R1/S4_R06_R1_IMAG0496.JPG,elephant
ASG000bnwb,S4/R06/R06_R1/S4_R06_R1_IMAG0497.JPG,elephant
ASG000bodb,S4/R06/R06_R2/S4_R06_R2_IMAG0062.JPG,zebra
ASG000bodb,S4/R06/R06_R2/S4_R06_R2_IMAG0063.JPG,zebra
ASG000bodb,S4/R06/R06_R2/S4_R06_R2_IMAG0064.JPG,zebra
ASG000bobw,S4/R06/R06_R2/S4_R06_R2_IMAG0098.JPG,buffalo
ASG000bobw,S4/R06/R06_R2/S4_R06_R2_IMAG0099.JPG,buffalo
ASG000bobw,S4/R06/R06_R2/S4_R06_R2_IMAG0100.JPG,buffalo
ASG000bo7f,S4/R06/R06_R2/S4_R06_R2_IMAG0125.JPG,buffalo
ASG000bo7f,S4/R06/R06_R2/S4_R06_R2_IMAG0126.JPG,buffalo
ASG000bo7f,S4/R06/R06_R2/S4_R06_R2_IMAG0127.JPG,buffalo
ASG000bo9j,S4/R06/R06_R2/S4_R06_R2_IMAG0140.JPG,zebra
ASG000bo9j,S4/R06/R06_R2/S4_R06_R2_IMAG0141.JPG,zebra
ASG000bo9j,S4/R06/R06_R2/S4_R06_R2_IMAG0142.JPG,zebra
ASG000bo2z,S4/R06/R06_R2/S4_R06_R2_IMAG0176.JPG,zebra
ASG000bo2z,S4/R06/R06_R2/S4_R06_R2_IMAG0177.JPG,zebra
ASG000bo2z,S4/R06/R06_R2/S4_R06_R2_IMAG0178.JPG,zebra
ASG000bo5s,S4/R06/R06_R2/S4_R06_R2_IMAG0194.JPG,zebra
ASG000bo5s,S4/R06/R06_R2/S4_R06_R2_IMAG0195.JPG,zebra
ASG000bo5s,S4/R06/R06_R2/S4_R06_R2_IMAG0196.JPG,zebra
ASG000bo4c,S4/R06/R06_R2/S4_R06_R2_IMAG0221.JPG,wildebeest
ASG000bo4c,S4/R06/R06_R2/S4_R06_R2_IMAG0222.JPG,wildebeest
ASG000bo4c,S4/R06/R06_R2/S4_R06_R2_IMAG0223.JPG,wildebeest
ASG000bo6l,S4/R06/R06_R2/S4_R06_R2_IMAG0239.JPG,zebra
ASG000bo6l,S4/R06/R06_R2/S4_R06_R2_IMAG0240.JPG,zebra
ASG000bo6l,S4/R06/R06_R2/S4_R06_R2_IMAG0241.JPG,zebra
ASG000bo3w,S4/R06/R06_R2/S4_R06_R2_IMAG0328.JPG,zebra
ASG000bo3w,S4/R06/R06_R2/S4_R06_R2_IMAG0329.JPG,zebra
ASG000bo3w,S4/R06/R06_R2/S4_R06_R2_IMAG0330.JPG,zebra
ASG000bo7k,S4/R06/R06_R2/S4_R06_R2_IMAG0460.JPG,wildebeest
ASG000bo7k,S4/R06/R06_R2/S4_R06_R2_IMAG0461.JPG,wildebeest
ASG000bo7k,S4/R06/R06_R2/S4_R06_R2_IMAG0462.JPG,wildebeest
ASG000bo6u,S4/R06/R06_R2/S4_R06_R2_IMAG0463.JPG,wildebeest
ASG000bo6u,S4/R06/R06_R2/S4_R06_R2_IMAG0464.JPG,wildebeest
ASG000bo6u,S4/R06/R06_R2/S4_R06_R2_IMAG0465.JPG,wildebeest
ASG000bo8m,S4/R06/R06_R2/S4_R06_R2_IMAG0505.JPG,wildebeest
ASG000bo8m,S4/R06/R06_R2/S4_R06_R2_IMAG0506.JPG,wildebeest
ASG000bo8m,S4/R06/R06_R2/S4_R06_R2_IMAG0507.JPG,wildebeest
ASG000boa0,S4/R06/R06_R2/S4_R06_R2_IMAG0514.JPG,wildebeest
ASG000boa0,S4/R06/R06_R2/S4_R06_R2_IMAG0515.JPG,wildebeest
ASG000boa0,S4/R06/R06_R2/S4_R06_R2_IMAG0516.JPG,wildebeest
ASG000bo46,S4/R06/R06_R2/S4_R06_R2_IMAG0556.JPG,wildebeest
ASG000bo46,S4/R06/R06_R2/S4_R06_R2_IMAG0557.JPG,wildebeest
ASG000bo46,S4/R06/R06_R2/S4_R06_R2_IMAG0558.JPG,wildebeest
ASG000boao,S4/R06/R06_R2/S4_R06_R2_IMAG0660.JPG,wildebeest
ASG000boao,S4/R06/R06_R2/S4_R06_R2_IMAG0661.JPG,wildebeest
ASG000boao,S4/R06/R06_R2/S4_R06_R2_IMAG0662.JPG,wildebeest
ASG000bo4j,S4/R06/R06_R2/S4_R06_R2_IMAG0957.JPG,wildebeest
ASG000bo4j,S4/R06/R06_R2/S4_R06_R2_IMAG0958.JPG,wildebeest
ASG000bo4j,S4/R06/R06_R2/S4_R06_R2_IMAG0959.JPG,wildebeest
ASG000bo9k,S4/R06/R06_R2/S4_R06_R2_IMAG0978.JPG,wildebeest
ASG000bo9k,S4/R06/R06_R2/S4_R06_R2_IMAG0979.JPG,wildebeest
ASG000bo9k,S4/R06/R06_R2/S4_R06_R2_IMAG0980.JPG,wildebeest
ASG000bo63,S4/R06/R06_R2/S4_R06_R2_IMAG1063.JPG,wildebeest
ASG000dubr,S4/R07/R07_R2/S4_R07_R2_IMAG0016.JPG,gazelleThomsons
ASG000du9m,S4/R07/R07_R2/S4_R07_R2_IMAG0025.JPG,zebra
ASG000dud1,S4/R07/R07_R2/S4_R07_R2_IMAG0027.JPG,warthog
ASG000dud1,S4/R07/R07_R2/S4_R07_R2_IMAG0028.JPG,warthog
ASG000dud1,S4/R07/R07_R2/S4_R07_R2_IMAG0029.JPG,warthog
ASG000du9a,S4/R07/R07_R2/S4_R07_R2_IMAG0055.JPG,giraffe
ASG000du9a,S4/R07/R07_R2/S4_R07_R2_IMAG0056.JPG,giraffe
ASG000du9a,S4/R07/R07_R2/S4_R07_R2_IMAG0057.JPG,giraffe
ASG000dub3,S4/R07/R07_R2/S4_R07_R2_IMAG0156.JPG,wildebeest
ASG000dub3,S4/R07/R07_R2/S4_R07_R2_IMAG0157.JPG,wildebeest
ASG000dub3,S4/R07/R07_R2/S4_R07_R2_IMAG0158.JPG,wildebeest
ASG000duba,S4/R07/R07_R2/S4_R07_R2_IMAG0159.JPG,wildebeest
ASG000duba,S4/R07/R07_R2/S4_R07_R2_IMAG0160.JPG,wildebeest
ASG000duba,S4/R07/R07_R2/S4_R07_R2_IMAG0161.JPG,wildebeest
ASG000dud3,S4/R07/R07_R2/S4_R07_R2_IMAG0177.JPG,wildebeest
ASG000dud3,S4/R07/R07_R2/S4_R07_R2_IMAG0178.JPG,wildebeest
ASG000dud3,S4/R07/R07_R2/S4_R07_R2_IMAG0179.JPG,wildebeest
ASG000duaz,S4/R07/R07_R2/S4_R07_R2_IMAG0186.JPG,wildebeest
ASG000duaz,S4/R07/R07_R2/S4_R07_R2_IMAG0187.JPG,wildebeest
ASG000duaz,S4/R07/R07_R2/S4_R07_R2_IMAG0188.JPG,wildebeest
ASG000dubd,S4/R07/R07_R2/S4_R07_R2_IMAG0234.JPG,wildebeest
ASG000dubd,S4/R07/R07_R2/S4_R07_R2_IMAG0235.JPG,wildebeest
ASG000dubd,S4/R07/R07_R2/S4_R07_R2_IMAG0236.JPG,wildebeest
ASG000dudh,S4/R07/R07_R2/S4_R07_R2_IMAG0252.JPG,wildebeest
ASG000dudh,S4/R07/R07_R2/S4_R07_R2_IMAG0253.JPG,wildebeest
ASG000dudh,S4/R07/R07_R2/S4_R07_R2_IMAG0254.JPG,wildebeest
ASG000ducz,S4/R07/R07_R2/S4_R07_R2_IMAG0267.JPG,wildebeest
ASG000ducz,S4/R07/R07_R2/S4_R07_R2_IMAG0268.JPG,wildebeest
ASG000ducz,S4/R07/R07_R2/S4_R07_R2_IMAG0269.JPG,wildebeest
ASG000du8s,S4/R07/R07_R2/S4_R07_R2_IMAG0285.JPG,wildebeest
ASG000du8s,S4/R07/R07_R2/S4_R07_R2_IMAG0286.JPG,wildebeest
ASG000du8s,S4/R07/R07_R2/S4_R07_R2_IMAG0287.JPG,wildebeest
ASG000dubv,S4/R07/R07_R2/S4_R07_R2_IMAG0360.JPG,wildebeest
ASG000dubv,S4/R07/R07_R2/S4_R07_R2_IMAG0361.JPG,wildebeest
ASG000dubv,S4/R07/R07_R2/S4_R07_R2_IMAG0362.JPG,wildebeest
ASG000dud7,S4/R07/R07_R2/S4_R07_R2_IMAG0393.JPG,wildebeest
ASG000dud7,S4/R07/R07_R2/S4_R07_R2_IMAG0394.JPG,wildebeest
ASG000dud7,S4/R07/R07_R2/S4_R07_R2_IMAG0395.JPG,wildebeest
ASG000dubo,S4/R07/R07_R2/S4_R07_R2_IMAG0405.JPG,wildebeest
ASG000dubo,S4/R07/R07_R2/S4_R07_R2_IMAG0406.JPG,wildebeest
ASG000dubo,S4/R07/R07_R2/S4_R07_R2_IMAG0407.JPG,wildebeest
ASG000dudt,S4/R07/R07_R2/S4_R07_R2_IMAG0424.JPG,wildebeest
ASG000duae,S4/R07/R07_R2/S4_R07_R2_IMAG0427.JPG,wildebeest
ASG000ducw,S4/R07/R07_R2/S4_R07_R2_IMAG0456.JPG,gazelleGrants
ASG000ducw,S4/R07/R07_R2/S4_R07_R2_IMAG0457.JPG,gazelleGrants
ASG000ducw,S4/R07/R07_R2/S4_R07_R2_IMAG0458.JPG,gazelleGrants
ASG000f3zq,S4/R09/R09_R2/S4_R09_R2_IMAG0025.JPG,wildebeest
ASG000f3zq,S4/R09/R09_R2/S4_R09_R2_IMAG0026.JPG,wildebeest
ASG000f3zq,S4/R09/R09_R2/S4_R09_R2_IMAG0027.JPG,wildebeest
ASG000f477,S4/R09/R09_R2/S4_R09_R2_IMAG0061.JPG,wildebeest
ASG000f477,S4/R09/R09_R2/S4_R09_R2_IMAG0062.JPG,wildebeest
ASG000f477,S4/R09/R09_R2/S4_R09_R2_IMAG0063.JPG,wildebeest
ASG000f4j8,S4/R09/R09_R2/S4_R09_R2_IMAG0171.JPG,wildebeest
ASG000f4j8,S4/R09/R09_R2/S4_R09_R2_IMAG0172.JPG,wildebeest
ASG000f4j8,S4/R09/R09_R2/S4_R09_R2_IMAG0173.JPG,wildebeest
ASG000f46l,S4/R09/R09_R2/S4_R09_R2_IMAG0228.JPG,wildebeest
ASG000f46l,S4/R09/R09_R2/S4_R09_R2_IMAG0229.JPG,wildebeest
ASG000f46l,S4/R09/R09_R2/S4_R09_R2_IMAG0230.JPG,wildebeest
ASG000f4ia,S4/R09/R09_R2/S4_R09_R2_IMAG0261.JPG,wildebeest
ASG000f4ia,S4/R09/R09_R2/S4_R09_R2_IMAG0262.JPG,wildebeest
ASG000f4ia,S4/R09/R09_R2/S4_R09_R2_IMAG0263.JPG,wildebeest
ASG000f3h1,S4/R09/R09_R2/S4_R09_R2_IMAG0312.JPG,wildebeest
ASG000f3h1,S4/R09/R09_R2/S4_R09_R2_IMAG0313.JPG,wildebeest
ASG000f3h1,S4/R09/R09_R2/S4_R09_R2_IMAG0314.JPG,wildebeest
ASG000f431,S4/R09/R09_R2/S4_R09_R2_IMAG0474.JPG,wildebeest
ASG000f431,S4/R09/R09_R2/S4_R09_R2_IMAG0475.JPG,wildebeest
ASG000f431,S4/R09/R09_R2/S4_R09_R2_IMAG0476.JPG,wildebeest
ASG000f40w,S4/R09/R09_R2/S4_R09_R2_IMAG0689.JPG,giraffe
ASG000f40w,S4/R09/R09_R2/S4_R09_R2_IMAG0690.JPG,giraffe
ASG000f40w,S4/R09/R09_R2/S4_R09_R2_IMAG0691.JPG,giraffe
ASG000f4m1,S4/R09/R09_R2/S4_R09_R2_IMAG0692.JPG,giraffe
ASG000f4m1,S4/R09/R09_R2/S4_R09_R2_IMAG0693.JPG,giraffe
ASG000f4m1,S4/R09/R09_R2/S4_R09_R2_IMAG0694.JPG,giraffe
ASG000f3mz,S4/R09/R09_R2/S4_R09_R2_IMAG5520.JPG,wildebeest
ASG000f3mz,S4/R09/R09_R2/S4_R09_R2_IMAG5521.JPG,wildebeest
ASG000f3mz,S4/R09/R09_R2/S4_R09_R2_IMAG5522.JPG,wildebeest
ASG000fi4b,S4/R10/R10_R2/S4_R10_R2_IMAG0108.JPG,zebra
ASG000fhnj,S4/R10/R10_R2/S4_R10_R2_IMAG0115.JPG,zebra
ASG000fgtu,S4/R10/R10_R2/S4_R10_R2_IMAG0137.JPG,zebra
ASG000fhhn,S4/R10/R10_R2/S4_R10_R2_IMAG0153.JPG,wildebeest
ASG000fi37,S4/R10/R10_R2/S4_R10_R2_IMAG0159.JPG,wildebeest
ASG000fhyk,S4/R10/R10_R2/S4_R10_R2_IMAG0175.JPG,wildebeest
ASG000fi2d,S4/R10/R10_R2/S4_R10_R2_IMAG0249.JPG,wildebeest
ASG000fi2d,S4/R10/R10_R2/S4_R10_R2_IMAG0250.JPG,wildebeest
ASG000fi2d,S4/R10/R10_R2/S4_R10_R2_IMAG0251.JPG,wildebeest
ASG000fho0,S4/R10/R10_R2/S4_R10_R2_IMAG0321.JPG,zebra
ASG000fho0,S4/R10/R10_R2/S4_R10_R2_IMAG0322.JPG,zebra
ASG000fho0,S4/R10/R10_R2/S4_R10_R2_IMAG0323.JPG,zebra
ASG000fhz5,S4/R10/R10_R2/S4_R10_R2_IMAG0333.JPG,zebra
ASG000fhz5,S4/R10/R10_R2/S4_R10_R2_IMAG0334.JPG,zebra
ASG000fhz5,S4/R10/R10_R2/S4_R10_R2_IMAG0335.JPG,zebra
ASG000fhlm,S4/R10/R10_R2/S4_R10_R2_IMAG0361.JPG,wildebeest
ASG000fhlm,S4/R10/R10_R2/S4_R10_R2_IMAG0362.JPG,wildebeest
ASG000fhlm,S4/R10/R10_R2/S4_R10_R2_IMAG0363.JPG,wildebeest
ASG000fi0g,S4/R10/R10_R2/S4_R10_R2_IMAG0552.JPG,wildebeest
ASG000fi0g,S4/R10/R10_R2/S4_R10_R2_IMAG0553.JPG,wildebeest
ASG000fi0g,S4/R10/R10_R2/S4_R10_R2_IMAG0554.JPG,wildebeest
ASG000fgs0,S4/R10/R10_R2/S4_R10_R2_IMAG0558.JPG,wildebeest
ASG000fgs0,S4/R10/R10_R2/S4_R10_R2_IMAG0559.JPG,wildebeest
ASG000fgs0,S4/R10/R10_R2/S4_R10_R2_IMAG0560.JPG,wildebeest
ASG000fhbb,S4/R10/R10_R2/S4_R10_R2_IMAG0684.JPG,wildebeest
ASG000fhbb,S4/R10/R10_R2/S4_R10_R2_IMAG0685.JPG,wildebeest
ASG000fhbb,S4/R10/R10_R2/S4_R10_R2_IMAG0686.JPG,wildebeest
ASG000fhj1,S4/R10/R10_R2/S4_R10_R2_IMAG1035.JPG,warthog
ASG000fhj1,S4/R10/R10_R2/S4_R10_R2_IMAG1036.JPG,warthog
ASG000fhj1,S4/R10/R10_R2/S4_R10_R2_IMAG1037.JPG,warthog
ASG000fh3g,S4/R10/R10_R2/S4_R10_R2_IMAG1041.JPG,zebra
ASG000fi4e,S4/R10/R10_R2/S4_R10_R2_IMAG1045.JPG,zebra
ASG000fgz4,S4/R10/R10_R2/S4_R10_R2_IMAG1048.JPG,zebra
ASG000fhr3,S4/R10/R10_R2/S4_R10_R2_IMAG1066.JPG,zebra
ASG000fhr3,S4/R10/R10_R2/S4_R10_R2_IMAG1067.JPG,zebra
ASG000fhr3,S4/R10/R10_R2/S4_R10_R2_IMAG1068.JPG,zebra
ASG000fh6x,S4/R10/R10_R2/S4_R10_R2_IMAG1510.JPG,warthog
ASG000fh6x,S4/R10/R10_R2/S4_R10_R2_IMAG1511.JPG,warthog
ASG000fh6x,S4/R10/R10_R2/S4_R10_R2_IMAG1512.JPG,warthog
ASG000fhk5,S4/R10/R10_R2/S4_R10_R2_IMAG2324.JPG,zebra
ASG000fhk5,S4/R10/R10_R2/S4_R10_R2_IMAG2325.JPG,zebra
ASG000fhk5,S4/R10/R10_R2/S4_R10_R2_IMAG2326.JPG,zebra
ASG000fh2g,S4/R10/R10_R2/S4_R10_R2_IMAG2366.JPG,zebra
ASG000fh2g,S4/R10/R10_R2/S4_R10_R2_IMAG2367.JPG,zebra
ASG000fh2g,S4/R10/R10_R2/S4_R10_R2_IMAG2368.JPG,zebra
ASG000fhpo,S4/R10/R10_R2/S4_R10_R2_IMAG2603.JPG,warthog
ASG000fhpo,S4/R10/R10_R2/S4_R10_R2_IMAG2604.JPG,warthog
ASG000fhpo,S4/R10/R10_R2/S4_R10_R2_IMAG2605.JPG,warthog
ASG000fgxb,S4/R10/R10_R2/S4_R10_R2_IMAG4698.JPG,warthog
ASG000fgxb,S4/R10/R10_R2/S4_R10_R2_IMAG4699.JPG,warthog
ASG000fgxb,S4/R10/R10_R2/S4_R10_R2_IMAG4700.JPG,warthog
ASG000fgt9,S4/R10/R10_R2/S4_R10_R2_IMAG4896.JPG,zebra
ASG000fgt9,S4/R10/R10_R2/S4_R10_R2_IMAG4897.JPG,zebra
ASG000fgt9,S4/R10/R10_R2/S4_R10_R2_IMAG4898.JPG,zebra
ASG000ch4w,S4/R11/R11_R2/S4_R11_R2_IMAG0036.JPG,wildebeest
ASG000chul,S4/R11/R11_R2/S4_R11_R2_IMAG0042.JPG,wildebeest
ASG000cfni,S4/R11/R11_R2/S4_R11_R2_IMAG0046.JPG,wildebeest
ASG000chet,S4/R11/R11_R2/S4_R11_R2_IMAG0052.JPG,wildebeest
ASG000ch8w,S4/R11/R11_R2/S4_R11_R2_IMAG0104.JPG,gazelleGrants
ASG000cia1,S4/R11/R11_R2/S4_R11_R2_IMAG0139.JPG,wildebeest
ASG000ch4e,S4/R11/R11_R2/S4_R11_R2_IMAG0618.JPG,gazelleGrants
ASG000chj9,S4/R11/R11_R2/S4_R11_R2_IMAG1620.JPG,zebra
ASG000cfgj,S4/R11/R11_R2/S4_R11_R2_IMAG1674.JPG,warthog
ASG000cgyw,S4/R11/R11_R2/S4_R11_R2_IMAG2055.JPG,wildebeest
ASG000ch12,S4/R11/R11_R2/S4_R11_R2_IMAG2060.JPG,wildebeest
ASG000chtr,S4/R11/R11_R2/S4_R11_R2_IMAG2066.JPG,wildebeest
ASG000cih6,S4/R11/R11_R2/S4_R11_R2_IMAG2079.JPG,wildebeest
ASG000chso,S4/R11/R11_R2/S4_R11_R2_IMAG2255.JPG,wildebeest
ASG000cfge,S4/R11/R11_R2/S4_R11_R2_IMAG2258.JPG,wildebeest
ASG000cgwf,S4/R11/R11_R2/S4_R11_R2_IMAG2261.JPG,wildebeest
ASG000cg33,S4/R11/R11_R2/S4_R11_R2_IMAG2297.JPG,wildebeest
ASG000ch7o,S4/R11/R11_R2/S4_R11_R2_IMAG2305.JPG,wildebeest
ASG000cf7p,S4/R11/R11_R2/S4_R11_R2_IMAG2387.JPG,wildebeest
ASG000cggr,S4/R11/R11_R2/S4_R11_R2_IMAG2390.JPG,wildebeest
ASG000cfqu,S4/R11/R11_R2/S4_R11_R2_IMAG2391.JPG,wildebeest
ASG000chwf,S4/R11/R11_R2/S4_R11_R2_IMAG2392.JPG,wildebeest
ASG000cgfr,S4/R11/R11_R2/S4_R11_R2_IMAG2445.JPG,wildebeest
ASG000cigf,S4/R11/R11_R2/S4_R11_R2_IMAG2464.JPG,wildebeest
ASG000cghw,S4/R11/R11_R2/S4_R11_R2_IMAG2513.JPG,wildebeest
ASG000cfoy,S4/R11/R11_R2/S4_R11_R2_IMAG2515.JPG,wildebeest
ASG000ci0d,S4/R11/R11_R2/S4_R11_R2_IMAG2518.JPG,wildebeest
ASG000cgke,S4/R11/R11_R2/S4_R11_R2_IMAG2521.JPG,wildebeest
ASG000chc2,S4/R11/R11_R2/S4_R11_R2_IMAG2541.JPG,wildebeest
ASG000cfz3,S4/R11/R11_R2/S4_R11_R2_IMAG2545.JPG,wildebeest
ASG000cij2,S4/R11/R11_R2/S4_R11_R2_IMAG2547.JPG,wildebeest
ASG000chf4,S4/R11/R11_R2/S4_R11_R2_IMAG2548.JPG,wildebeest
ASG000chtq,S4/R11/R11_R2/S4_R11_R2_IMAG2710.JPG,wildebeest
ASG000cgqu,S4/R11/R11_R2/S4_R11_R2_IMAG2760.JPG,wildebeest
ASG000cg9v,S4/R11/R11_R2/S4_R11_R2_IMAG2792.JPG,wildebeest
ASG000cfwi,S4/R11/R11_R2/S4_R11_R2_IMAG2814.JPG,wildebeest
ASG000ec83,S4/R13/R13_R2/S4_R13_R2_IMAG0056.JPG,zebra
ASG000ed9c,S4/R13/R13_R2/S4_R13_R2_IMAG0129.JPG,zebra
ASG000ed9c,S4/R13/R13_R2/S4_R13_R2_IMAG0130.JPG,zebra
ASG000ed9c,S4/R13/R13_R2/S4_R13_R2_IMAG0131.JPG,zebra
ASG000eck4,S4/R13/R13_R2/S4_R13_R2_IMAG0460.JPG,wildebeest
ASG000eck4,S4/R13/R13_R2/S4_R13_R2_IMAG0461.JPG,wildebeest
ASG000eck4,S4/R13/R13_R2/S4_R13_R2_IMAG0462.JPG,wildebeest
ASG000e09q,S4/S07/S07_R2/S4_S07_R2_IMAG0112.JPG,zebra
ASG000e09q,S4/S07/S07_R2/S4_S07_R2_IMAG0113.JPG,zebra
ASG000e09q,S4/S07/S07_R2/S4_S07_R2_IMAG0114.JPG,zebra
ASG000e0c2,S4/S07/S07_R2/S4_S07_R2_IMAG0157.JPG,wildebeest
ASG000e0d9,S4/S07/S07_R2/S4_S07_R2_IMAG0223.JPG,wildebeest
ASG000e0be,S4/S07/S07_R2/S4_S07_R2_IMAG0255.JPG,zebra
ASG000e098,S4/S07/S07_R2/S4_S07_R2_IMAG0269.JPG,wildebeest
ASG000e098,S4/S07/S07_R2/S4_S07_R2_IMAG0270.JPG,wildebeest
ASG000e098,S4/S07/S07_R2/S4_S07_R2_IMAG0271.JPG,wildebeest
ASG000e0ag,S4/S07/S07_R2/S4_S07_R2_IMAG0365.JPG,wildebeest
ASG000e0ag,S4/S07/S07_R2/S4_S07_R2_IMAG0366.JPG,wildebeest
ASG000e0ag,S4/S07/S07_R2/S4_S07_R2_IMAG0367.JPG,wildebeest
ASG000e07x,S4/S07/S07_R2/S4_S07_R2_IMAG0368.JPG,wildebeest
ASG000e07x,S4/S07/S07_R2/S4_S07_R2_IMAG0369.JPG,wildebeest
ASG000e07x,S4/S07/S07_R2/S4_S07_R2_IMAG0370.JPG,wildebeest
ASG000e0a5,S4/S07/S07_R2/S4_S07_R2_IMAG0419.JPG,wildebeest
ASG000e0a5,S4/S07/S07_R2/S4_S07_R2_IMAG0420.JPG,wildebeest
ASG000e0a5,S4/S07/S07_R2/S4_S07_R2_IMAG0421.JPG,wildebeest
ASG000e0cm,S4/S07/S07_R2/S4_S07_R2_IMAG0452.JPG,zebra
ASG000e0cm,S4/S07/S07_R2/S4_S07_R2_IMAG0453.JPG,zebra
ASG000e0cm,S4/S07/S07_R2/S4_S07_R2_IMAG0454.JPG,zebra
ASG000e09y,S4/S07/S07_R2/S4_S07_R2_IMAG0479.JPG,zebra
ASG000e09y,S4/S07/S07_R2/S4_S07_R2_IMAG0480.JPG,zebra
ASG000e09y,S4/S07/S07_R2/S4_S07_R2_IMAG0481.JPG,zebra
ASG000cwy5,S4/S08/S08_R2/S4_S08_R2_IMAG0913.JPG,wildebeest
ASG000cwy5,S4/S08/S08_R2/S4_S08_R2_IMAG0914.JPG,wildebeest
ASG000cwy5,S4/S08/S08_R2/S4_S08_R2_IMAG0915.JPG,wildebeest
ASG000cx3d,S4/S08/S08_R2/S4_S08_R2_IMAG0946.JPG,wildebeest
ASG000cx3d,S4/S08/S08_R2/S4_S08_R2_IMAG0947.JPG,wildebeest
ASG000cx3d,S4/S08/S08_R2/S4_S08_R2_IMAG0948.JPG,wildebeest
ASG000cx2w,S4/S08/S08_R2/S4_S08_R2_IMAG1018.JPG,wildebeest
ASG000cx2w,S4/S08/S08_R2/S4_S08_R2_IMAG1019.JPG,wildebeest
ASG000cx2w,S4/S08/S08_R2/S4_S08_R2_IMAG1020.JPG,wildebeest
ASG000cx49,S4/S08/S08_R2/S4_S08_R2_IMAG1087.JPG,zebra
ASG000cx49,S4/S08/S08_R2/S4_S08_R2_IMAG1088.JPG,zebra
ASG000cx49,S4/S08/S08_R2/S4_S08_R2_IMAG1089.JPG,zebra
ASG000cx4d,S4/S08/S08_R2/S4_S08_R2_IMAG1100.JPG,zebra
ASG000erji,S4/S09/S09_R2/S4_S09_R2_IMAG0061.JPG,wildebeest
ASG000erji,S4/S09/S09_R2/S4_S09_R2_IMAG0062.JPG,wildebeest
ASG000erji,S4/S09/S09_R2/S4_S09_R2_IMAG0063.JPG,wildebeest
ASG000eria,S4/S09/S09_R2/S4_S09_R2_IMAG0315.JPG,wildebeest
ASG000eria,S4/S09/S09_R2/S4_S09_R2_IMAG0316.JPG,wildebeest
ASG000eria,S4/S09/S09_R2/S4_S09_R2_IMAG0317.JPG,wildebeest
ASG000eric,S4/S09/S09_R2/S4_S09_R2_IMAG0462.JPG,wildebeest
ASG000eric,S4/S09/S09_R2/S4_S09_R2_IMAG0463.JPG,wildebeest
ASG000eric,S4/S09/S09_R2/S4_S09_R2_IMAG0464.JPG,wildebeest
ASG000erks,S4/S09/S09_R2/S4_S09_R2_IMAG0465.JPG,wildebeest
ASG000erks,S4/S09/S09_R2/S4_S09_R2_IMAG0466.JPG,wildebeest
ASG000erks,S4/S09/S09_R2/S4_S09_R2_IMAG0467.JPG,wildebeest
ASG000ern0,S4/S09/S09_R2/S4_S09_R2_IMAG0468.JPG,wildebeest
ASG000ern0,S4/S09/S09_R2/S4_S09_R2_IMAG0469.JPG,wildebeest
ASG000ern0,S4/S09/S09_R2/S4_S09_R2_IMAG0470.JPG,wildebeest
ASG000ermr,S4/S09/S09_R2/S4_S09_R2_IMAG0477.JPG,wildebeest
ASG000ermr,S4/S09/S09_R2/S4_S09_R2_IMAG0478.JPG,wildebeest
ASG000ermr,S4/S09/S09_R2/S4_S09_R2_IMAG0479.JPG,wildebeest
ASG000ergo,S4/S09/S09_R2/S4_S09_R2_IMAG0507.JPG,wildebeest
ASG000ergo,S4/S09/S09_R2/S4_S09_R2_IMAG0508.JPG,wildebeest
ASG000ergo,S4/S09/S09_R2/S4_S09_R2_IMAG0509.JPG,wildebeest
ASG000erin,S4/S09/S09_R2/S4_S09_R2_IMAG0540.JPG,wildebeest
ASG000erin,S4/S09/S09_R2/S4_S09_R2_IMAG0541.JPG,wildebeest
ASG000erin,S4/S09/S09_R2/S4_S09_R2_IMAG0542.JPG,wildebeest
ASG000erkh,S4/S09/S09_R2/S4_S09_R2_IMAG0561.JPG,wildebeest
ASG000erkh,S4/S09/S09_R2/S4_S09_R2_IMAG0562.JPG,wildebeest
ASG000erkh,S4/S09/S09_R2/S4_S09_R2_IMAG0563.JPG,wildebeest
ASG000eriz,S4/S09/S09_R2/S4_S09_R2_IMAG0696.JPG,wildebeest
ASG000eriz,S4/S09/S09_R2/S4_S09_R2_IMAG0697.JPG,wildebeest
ASG000eriz,S4/S09/S09_R2/S4_S09_R2_IMAG0698.JPG,wildebeest
ASG000erka,S4/S09/S09_R2/S4_S09_R2_IMAG0720.JPG,zebra
ASG000erka,S4/S09/S09_R2/S4_S09_R2_IMAG0721.JPG,zebra
ASG000erka,S4/S09/S09_R2/S4_S09_R2_IMAG0722.JPG,zebra
ASG000erjv,S4/S09/S09_R2/S4_S09_R2_IMAG0723.JPG,zebra
ASG000erjv,S4/S09/S09_R2/S4_S09_R2_IMAG0724.JPG,zebra
ASG000erjv,S4/S09/S09_R2/S4_S09_R2_IMAG0725.JPG,zebra
ASG000ej6l,S4/S10/S10_R1/S4_S10_R1_IMAG0026.JPG,gazelleGrants
ASG000ej6h,S4/S10/S10_R1/S4_S10_R1_IMAG0039.JPG,zebra
ASG000ej6h,S4/S10/S10_R1/S4_S10_R1_IMAG0040.JPG,zebra
ASG000ej6h,S4/S10/S10_R1/S4_S10_R1_IMAG0041.JPG,zebra
ASG000ej6d,S4/S10/S10_R1/S4_S10_R1_IMAG0051.JPG,gazelleGrants
ASG000ej6d,S4/S10/S10_R1/S4_S10_R1_IMAG0052.JPG,gazelleGrants
ASG000ej6d,S4/S10/S10_R1/S4_S10_R1_IMAG0053.JPG,gazelleGrants
ASG000ej6f,S4/S10/S10_R1/S4_S10_R1_IMAG0114.JPG,zebra
ASG000ej9i,S4/S10/S10_R2/S4_S10_R2_IMAG0032.JPG,zebra
ASG000ej9i,S4/S10/S10_R2/S4_S10_R2_IMAG0033.JPG,zebra
ASG000ej9i,S4/S10/S10_R2/S4_S10_R2_IMAG0034.JPG,zebra
ASG000ejoa,S4/S10/S10_R2/S4_S10_R2_IMAG0035.JPG,zebra
ASG000ejoa,S4/S10/S10_R2/S4_S10_R2_IMAG0036.JPG,zebra
ASG000ejoa,S4/S10/S10_R2/S4_S10_R2_IMAG0037.JPG,zebra
ASG000ek01,S4/S10/S10_R2/S4_S10_R2_IMAG0092.JPG,zebra
ASG000ek01,S4/S10/S10_R2/S4_S10_R2_IMAG0093.JPG,zebra
ASG000ek01,S4/S10/S10_R2/S4_S10_R2_IMAG0094.JPG,zebra
ASG000ejxu,S4/S10/S10_R2/S4_S10_R2_IMAG0312.JPG,wildebeest
ASG000ejxu,S4/S10/S10_R2/S4_S10_R2_IMAG0313.JPG,wildebeest
ASG000ejxu,S4/S10/S10_R2/S4_S10_R2_IMAG0314.JPG,wildebeest
ASG000ejfa,S4/S10/S10_R2/S4_S10_R2_IMAG0318.JPG,zebra
ASG000ejfa,S4/S10/S10_R2/S4_S10_R2_IMAG0319.JPG,zebra
ASG000ejfa,S4/S10/S10_R2/S4_S10_R2_IMAG0320.JPG,zebra
ASG000ejk5,S4/S10/S10_R2/S4_S10_R2_IMAG0335.JPG,zebra
ASG000ejk5,S4/S10/S10_R2/S4_S10_R2_IMAG0336.JPG,zebra
ASG000ejk5,S4/S10/S10_R2/S4_S10_R2_IMAG0337.JPG,zebra
ASG000ejlv,S4/S10/S10_R2/S4_S10_R2_IMAG0396.JPG,zebra
ASG000ejoz,S4/S10/S10_R2/S4_S10_R2_IMAG0421.JPG,zebra
ASG000ejdu,S4/S10/S10_R2/S4_S10_R2_IMAG0469.JPG,wildebeest
ASG000ejdu,S4/S10/S10_R2/S4_S10_R2_IMAG0470.JPG,wildebeest
ASG000ejdu,S4/S10/S10_R2/S4_S10_R2_IMAG0471.JPG,wildebeest
ASG000ejml,S4/S10/S10_R2/S4_S10_R2_IMAG0511.JPG,wildebeest
ASG000ejml,S4/S10/S10_R2/S4_S10_R2_IMAG0512.JPG,wildebeest
ASG000ejml,S4/S10/S10_R2/S4_S10_R2_IMAG0513.JPG,wildebeest
ASG000ejwh,S4/S10/S10_R2/S4_S10_R2_IMAG0532.JPG,wildebeest
ASG000ejwh,S4/S10/S10_R2/S4_S10_R2_IMAG0533.JPG,wildebeest
ASG000ejwh,S4/S10/S10_R2/S4_S10_R2_IMAG0534.JPG,wildebeest
ASG000ejtj,S4/S10/S10_R2/S4_S10_R2_IMAG0562.JPG,wildebeest
ASG000ejy7,S4/S10/S10_R2/S4_S10_R2_IMAG0590.JPG,wildebeest
ASG000ejtb,S4/S10/S10_R2/S4_S10_R2_IMAG0607.JPG,zebra
ASG000ejze,S4/S10/S10_R2/S4_S10_R2_IMAG0616.JPG,zebra
ASG000ejyx,S4/S10/S10_R2/S4_S10_R2_IMAG0618.JPG,zebra
ASG000ejwt,S4/S10/S10_R2/S4_S10_R2_IMAG1016.JPG,wildebeest
ASG000ejwt,S4/S10/S10_R2/S4_S10_R2_IMAG1017.JPG,wildebeest
ASG000ejwt,S4/S10/S10_R2/S4_S10_R2_IMAG1018.JPG,wildebeest
ASG000ejza,S4/S10/S10_R2/S4_S10_R2_IMAG1172.JPG,wildebeest
ASG000ejit,S4/S10/S10_R2/S4_S10_R2_IMAG1231.JPG,wildebeest
ASG000ejff,S4/S10/S10_R2/S4_S10_R2_IMAG1243.JPG,wildebeest
ASG000ejj6,S4/S10/S10_R2/S4_S10_R2_IMAG1278.JPG,wildebeest
ASG000eje3,S4/S10/S10_R2/S4_S10_R2_IMAG1282.JPG,wildebeest
ASG000eje3,S4/S10/S10_R2/S4_S10_R2_IMAG1283.JPG,wildebeest
ASG000eje3,S4/S10/S10_R2/S4_S10_R2_IMAG1284.JPG,wildebeest
ASG000ejdg,S4/S10/S10_R2/S4_S10_R2_IMAG1369.JPG,wildebeest
ASG000ejdg,S4/S10/S10_R2/S4_S10_R2_IMAG1370.JPG,wildebeest
ASG000ejdg,S4/S10/S10_R2/S4_S10_R2_IMAG1371.JPG,wildebeest
ASG000ejv3,S4/S10/S10_R2/S4_S10_R2_IMAG1813.JPG,gazelleGrants
ASG000ek0e,S4/S10/S10_R2/S4_S10_R2_IMAG1944.JPG,wildebeest
ASG000ejnx,S4/S10/S10_R2/S4_S10_R2_IMAG1959.JPG,wildebeest
ASG000ej9e,S4/S10/S10_R2/S4_S10_R2_IMAG2147.JPG,wildebeest
ASG000ej9e,S4/S10/S10_R2/S4_S10_R2_IMAG2148.JPG,wildebeest
ASG000ej9e,S4/S10/S10_R2/S4_S10_R2_IMAG2149.JPG,wildebeest
ASG000ejmu,S4/S10/S10_R2/S4_S10_R2_IMAG2150.JPG,wildebeest
ASG000ejmu,S4/S10/S10_R2/S4_S10_R2_IMAG2151.JPG,wildebeest
ASG000ejmu,S4/S10/S10_R2/S4_S10_R2_IMAG2152.JPG,wildebeest
ASG000ejg2,S4/S10/S10_R2/S4_S10_R2_IMAG2165.JPG,wildebeest
ASG000ejg2,S4/S10/S10_R2/S4_S10_R2_IMAG2166.JPG,wildebeest
ASG000ejg2,S4/S10/S10_R2/S4_S10_R2_IMAG2167.JPG,wildebeest
ASG000ejxt,S4/S10/S10_R2/S4_S10_R2_IMAG2177.JPG,wildebeest
ASG000ejxt,S4/S10/S10_R2/S4_S10_R2_IMAG2178.JPG,wildebeest
ASG000ejxt,S4/S10/S10_R2/S4_S10_R2_IMAG2179.JPG,wildebeest
ASG000ejmg,S4/S10/S10_R2/S4_S10_R2_IMAG2180.JPG,wildebeest
ASG000ejmg,S4/S10/S10_R2/S4_S10_R2_IMAG2181.JPG,wildebeest
ASG000ejmg,S4/S10/S10_R2/S4_S10_R2_IMAG2182.JPG,wildebeest
ASG000ejrb,S4/S10/S10_R2/S4_S10_R2_IMAG2204.JPG,wildebeest
ASG000ejrb,S4/S10/S10_R2/S4_S10_R2_IMAG2205.JPG,wildebeest
ASG000ejrb,S4/S10/S10_R2/S4_S10_R2_IMAG2206.JPG,wildebeest
ASG000ejg7,S4/S10/S10_R2/S4_S10_R2_IMAG2270.JPG,wildebeest
ASG000ejg7,S4/S10/S10_R2/S4_S10_R2_IMAG2271.JPG,wildebeest
ASG000ejg7,S4/S10/S10_R2/S4_S10_R2_IMAG2272.JPG,wildebeest
ASG000ejk2,S4/S10/S10_R2/S4_S10_R2_IMAG2297.JPG,wildebeest
ASG000ejk2,S4/S10/S10_R2/S4_S10_R2_IMAG2298.JPG,wildebeest
ASG000ejk2,S4/S10/S10_R2/S4_S10_R2_IMAG2299.JPG,wildebeest
ASG000ej9n,S4/S10/S10_R2/S4_S10_R2_IMAG2306.JPG,wildebeest
ASG000ej9n,S4/S10/S10_R2/S4_S10_R2_IMAG2307.JPG,wildebeest
ASG000ej9n,S4/S10/S10_R2/S4_S10_R2_IMAG2308.JPG,wildebeest
ASG000ejbq,S4/S10/S10_R2/S4_S10_R2_IMAG2348.JPG,wildebeest
ASG000ejbq,S4/S10/S10_R2/S4_S10_R2_IMAG2349.JPG,wildebeest
ASG000ejbq,S4/S10/S10_R2/S4_S10_R2_IMAG2350.JPG,wildebeest
ASG000ejcm,S4/S10/S10_R2/S4_S10_R2_IMAG2444.JPG,wildebeest
ASG000ejcm,S4/S10/S10_R2/S4_S10_R2_IMAG2445.JPG,wildebeest
ASG000ejcm,S4/S10/S10_R2/S4_S10_R2_IMAG2446.JPG,wildebeest
ASG000ejme,S4/S10/S10_R2/S4_S10_R2_IMAG2468.JPG,wildebeest
ASG000ejme,S4/S10/S10_R2/S4_S10_R2_IMAG2469.JPG,wildebeest
ASG000ejme,S4/S10/S10_R2/S4_S10_R2_IMAG2470.JPG,wildebeest
ASG000ej7r,S4/S10/S10_R2/S4_S10_R2_IMAG2519.JPG,wildebeest
ASG000ej7r,S4/S10/S10_R2/S4_S10_R2_IMAG2520.JPG,wildebeest
ASG000ej7r,S4/S10/S10_R2/S4_S10_R2_IMAG2521.JPG,wildebeest
ASG000ejae,S4/S10/S10_R2/S4_S10_R2_IMAG2552.JPG,wildebeest
ASG000ejae,S4/S10/S10_R2/S4_S10_R2_IMAG2553.JPG,wildebeest
ASG000ejae,S4/S10/S10_R2/S4_S10_R2_IMAG2554.JPG,wildebeest
ASG000ejyo,S4/S10/S10_R2/S4_S10_R2_IMAG2586.JPG,wildebeest
ASG000ejyo,S4/S10/S10_R2/S4_S10_R2_IMAG2587.JPG,wildebeest
ASG000ejyo,S4/S10/S10_R2/S4_S10_R2_IMAG2588.JPG,wildebeest
ASG000d7uq,S4/S11/S11_R1/S4_S11_R1_IMAG0020.JPG,gazelleGrants
ASG000d7uq,S4/S11/S11_R1/S4_S11_R1_IMAG0021.JPG,gazelleGrants
ASG000d7uq,S4/S11/S11_R1/S4_S11_R1_IMAG0022.JPG,gazelleGrants
ASG000d7xz,S4/S11/S11_R1/S4_S11_R1_IMAG0167.JPG,gazelleThomsons
ASG000d7xz,S4/S11/S11_R1/S4_S11_R1_IMAG0168.JPG,gazelleThomsons
ASG000d7xz,S4/S11/S11_R1/S4_S11_R1_IMAG0169.JPG,gazelleThomsons
ASG000d7kw,S4/S11/S11_R1/S4_S11_R1_IMAG0185.JPG,gazelleThomsons
ASG000d7kw,S4/S11/S11_R1/S4_S11_R1_IMAG0186.JPG,gazelleThomsons
ASG000d7kw,S4/S11/S11_R1/S4_S11_R1_IMAG0187.JPG,gazelleThomsons
ASG000d7mn,S4/S11/S11_R1/S4_S11_R1_IMAG0188.JPG,gazelleThomsons
ASG000d7mn,S4/S11/S11_R1/S4_S11_R1_IMAG0189.JPG,gazelleThomsons
ASG000d7mn,S4/S11/S11_R1/S4_S11_R1_IMAG0190.JPG,gazelleThomsons
ASG000d7sj,S4/S11/S11_R1/S4_S11_R1_IMAG0194.JPG,gazelleThomsons
ASG000d7sj,S4/S11/S11_R1/S4_S11_R1_IMAG0195.JPG,gazelleThomsons
ASG000d7sj,S4/S11/S11_R1/S4_S11_R1_IMAG0196.JPG,gazelleThomsons
ASG000d7wt,S4/S11/S11_R1/S4_S11_R1_IMAG0266.JPG,gazelleThomsons
ASG000d7wt,S4/S11/S11_R1/S4_S11_R1_IMAG0267.JPG,gazelleThomsons
ASG000d7wt,S4/S11/S11_R1/S4_S11_R1_IMAG0268.JPG,gazelleThomsons
ASG000d7oa,S4/S11/S11_R1/S4_S11_R1_IMAG0272.JPG,zebra
ASG000d7oa,S4/S11/S11_R1/S4_S11_R1_IMAG0273.JPG,zebra
ASG000d7oa,S4/S11/S11_R1/S4_S11_R1_IMAG0274.JPG,zebra
ASG000d7vb,S4/S11/S11_R1/S4_S11_R1_IMAG0282.JPG,zebra
ASG000d7vb,S4/S11/S11_R1/S4_S11_R1_IMAG0283.JPG,zebra
ASG000d7vb,S4/S11/S11_R1/S4_S11_R1_IMAG0284.JPG,zebra
ASG000d7tr,S4/S11/S11_R1/S4_S11_R1_IMAG0291.JPG,zebra
ASG000d7tr,S4/S11/S11_R1/S4_S11_R1_IMAG0292.JPG,zebra
ASG000d7tr,S4/S11/S11_R1/S4_S11_R1_IMAG0293.JPG,zebra
ASG000d7s0,S4/S11/S11_R1/S4_S11_R1_IMAG0300.JPG,hartebeest
ASG000d7s0,S4/S11/S11_R1/S4_S11_R1_IMAG0301.JPG,hartebeest
ASG000d7s0,S4/S11/S11_R1/S4_S11_R1_IMAG0302.JPG,hartebeest
ASG000d7m8,S4/S11/S11_R1/S4_S11_R1_IMAG0309.JPG,zebra
ASG000d7m8,S4/S11/S11_R1/S4_S11_R1_IMAG0310.JPG,zebra
ASG000d7m8,S4/S11/S11_R1/S4_S11_R1_IMAG0311.JPG,zebra
ASG000d7l6,S4/S11/S11_R1/S4_S11_R1_IMAG0411.JPG,gazelleThomsons
ASG000d7l6,S4/S11/S11_R1/S4_S11_R1_IMAG0412.JPG,gazelleThomsons
ASG000d7l6,S4/S11/S11_R1/S4_S11_R1_IMAG0413.JPG,gazelleThomsons
ASG000d7y8,S4/S11/S11_R1/S4_S11_R1_IMAG0462.JPG,gazelleThomsons
ASG000d7y8,S4/S11/S11_R1/S4_S11_R1_IMAG0463.JPG,gazelleThomsons
ASG000d7y8,S4/S11/S11_R1/S4_S11_R1_IMAG0464.JPG,gazelleThomsons
ASG000d7og,S4/S11/S11_R1/S4_S11_R1_IMAG0504.JPG,gazelleThomsons
ASG000d7og,S4/S11/S11_R1/S4_S11_R1_IMAG0505.JPG,gazelleThomsons
ASG000d7og,S4/S11/S11_R1/S4_S11_R1_IMAG0506.JPG,gazelleThomsons
ASG000d7lm,S4/S11/S11_R1/S4_S11_R1_IMAG0528.JPG,gazelleThomsons
ASG000d7lm,S4/S11/S11_R1/S4_S11_R1_IMAG0529.JPG,gazelleThomsons
ASG000d7lm,S4/S11/S11_R1/S4_S11_R1_IMAG0530.JPG,gazelleThomsons
ASG000d7ly,S4/S11/S11_R1/S4_S11_R1_IMAG0540.JPG,gazelleThomsons
ASG000d7ly,S4/S11/S11_R1/S4_S11_R1_IMAG0541.JPG,gazelleThomsons
ASG000d7ly,S4/S11/S11_R1/S4_S11_R1_IMAG0542.JPG,gazelleThomsons
ASG000d7mq,S4/S11/S11_R1/S4_S11_R1_IMAG0681.JPG,gazelleThomsons
ASG000d7mq,S4/S11/S11_R1/S4_S11_R1_IMAG0682.JPG,gazelleThomsons
ASG000d7mq,S4/S11/S11_R1/S4_S11_R1_IMAG0683.JPG,gazelleThomsons
ASG000d7vj,S4/S11/S11_R1/S4_S11_R1_IMAG0717.JPG,zebra
ASG000d7vj,S4/S11/S11_R1/S4_S11_R1_IMAG0718.JPG,zebra
ASG000d7vj,S4/S11/S11_R1/S4_S11_R1_IMAG0719.JPG,zebra
ASG000d7yf,S4/S11/S11_R1/S4_S11_R1_IMAG1009.JPG,gazelleThomsons
ASG000d7yf,S4/S11/S11_R1/S4_S11_R1_IMAG1010.JPG,gazelleThomsons
ASG000d7yf,S4/S11/S11_R1/S4_S11_R1_IMAG1011.JPG,gazelleThomsons
ASG000d7q1,S4/S11/S11_R1/S4_S11_R1_IMAG1090.JPG,gazelleThomsons
ASG000d7q1,S4/S11/S11_R1/S4_S11_R1_IMAG1091.JPG,gazelleThomsons
ASG000d7q1,S4/S11/S11_R1/S4_S11_R1_IMAG1092.JPG,gazelleThomsons
ASG000d7qe,S4/S11/S11_R1/S4_S11_R1_IMAG1168.JPG,gazelleThomsons
ASG000d7qe,S4/S11/S11_R1/S4_S11_R1_IMAG1169.JPG,gazelleThomsons
ASG000d7qe,S4/S11/S11_R1/S4_S11_R1_IMAG1170.JPG,gazelleThomsons
ASG000d7yn,S4/S11/S11_R1/S4_S11_R1_IMAG1189.JPG,zebra
ASG000d7yn,S4/S11/S11_R1/S4_S11_R1_IMAG1190.JPG,zebra
ASG000d7yn,S4/S11/S11_R1/S4_S11_R1_IMAG1191.JPG,zebra
ASG000d7y9,S4/S11/S11_R1/S4_S11_R1_IMAG1222.JPG,gazelleThomsons
ASG000d7y9,S4/S11/S11_R1/S4_S11_R1_IMAG1223.JPG,gazelleThomsons
ASG000d7y9,S4/S11/S11_R1/S4_S11_R1_IMAG1224.JPG,gazelleThomsons
ASG000d7pk,S4/S11/S11_R1/S4_S11_R1_IMAG1276.JPG,gazelleThomsons
ASG000d7pk,S4/S11/S11_R1/S4_S11_R1_IMAG1277.JPG,gazelleThomsons
ASG000d7pk,S4/S11/S11_R1/S4_S11_R1_IMAG1278.JPG,gazelleThomsons
ASG000d7uj,S4/S11/S11_R1/S4_S11_R1_IMAG1318.JPG,gazelleThomsons
ASG000d7uj,S4/S11/S11_R1/S4_S11_R1_IMAG1319.JPG,gazelleThomsons
ASG000d7uj,S4/S11/S11_R1/S4_S11_R1_IMAG1320.JPG,gazelleThomsons
ASG000d7uw,S4/S11/S11_R1/S4_S11_R1_IMAG1424.JPG,gazelleThomsons
ASG000d676,S4/S11/S11_R2/S4_S11_R2_IMAG0051.JPG,gazelleThomsons
ASG000d676,S4/S11/S11_R2/S4_S11_R2_IMAG0052.JPG,gazelleThomsons
ASG000d676,S4/S11/S11_R2/S4_S11_R2_IMAG0053.JPG,gazelleThomsons
ASG000d66n,S4/S11/S11_R2/S4_S11_R2_IMAG0081.JPG,gazelleThomsons
ASG000d66n,S4/S11/S11_R2/S4_S11_R2_IMAG0082.JPG,gazelleThomsons
ASG000d66n,S4/S11/S11_R2/S4_S11_R2_IMAG0083.JPG,gazelleThomsons
ASG000d5kp,S4/S11/S11_R2/S4_S11_R2_IMAG0150.JPG,gazelleThomsons
ASG000d5kp,S4/S11/S11_R2/S4_S11_R2_IMAG0151.JPG,gazelleThomsons
ASG000d5kp,S4/S11/S11_R2/S4_S11_R2_IMAG0152.JPG,gazelleThomsons
ASG000d5tl,S4/S11/S11_R2/S4_S11_R2_IMAG0204.JPG,gazelleThomsons
ASG000d5tl,S4/S11/S11_R2/S4_S11_R2_IMAG0205.JPG,gazelleThomsons
ASG000d5tl,S4/S11/S11_R2/S4_S11_R2_IMAG0206.JPG,gazelleThomsons
ASG000d6gy,S4/S11/S11_R2/S4_S11_R2_IMAG0225.JPG,gazelleThomsons
ASG000d6gy,S4/S11/S11_R2/S4_S11_R2_IMAG0226.JPG,gazelleThomsons
ASG000d6gy,S4/S11/S11_R2/S4_S11_R2_IMAG0227.JPG,gazelleThomsons
ASG000d5w4,S4/S11/S11_R2/S4_S11_R2_IMAG0324.JPG,gazelleThomsons
ASG000d5w4,S4/S11/S11_R2/S4_S11_R2_IMAG0325.JPG,gazelleThomsons
ASG000d5w4,S4/S11/S11_R2/S4_S11_R2_IMAG0326.JPG,gazelleThomsons
ASG000d689,S4/S11/S11_R2/S4_S11_R2_IMAG0339.JPG,gazelleThomsons
ASG000d689,S4/S11/S11_R2/S4_S11_R2_IMAG0340.JPG,gazelleThomsons
ASG000d689,S4/S11/S11_R2/S4_S11_R2_IMAG0341.JPG,gazelleThomsons
ASG000d6kd,S4/S11/S11_R2/S4_S11_R2_IMAG0404.JPG,gazelleThomsons
ASG000d6kd,S4/S11/S11_R2/S4_S11_R2_IMAG0405.JPG,gazelleThomsons
ASG000d6kd,S4/S11/S11_R2/S4_S11_R2_IMAG0406.JPG,gazelleThomsons
ASG000d61g,S4/S11/S11_R2/S4_S11_R2_IMAG0425.JPG,wildebeest
ASG000d61g,S4/S11/S11_R2/S4_S11_R2_IMAG0426.JPG,wildebeest
ASG000d61g,S4/S11/S11_R2/S4_S11_R2_IMAG0427.JPG,wildebeest
ASG000d66x,S4/S11/S11_R2/S4_S11_R2_IMAG0431.JPG,wildebeest
ASG000d66x,S4/S11/S11_R2/S4_S11_R2_IMAG0432.JPG,wildebeest
ASG000d66x,S4/S11/S11_R2/S4_S11_R2_IMAG0433.JPG,wildebeest
ASG000d5vs,S4/S11/S11_R2/S4_S11_R2_IMAG0449.JPG,wildebeest
ASG000d5vs,S4/S11/S11_R2/S4_S11_R2_IMAG0450.JPG,wildebeest
ASG000d5vs,S4/S11/S11_R2/S4_S11_R2_IMAG0451.JPG,wildebeest
ASG000d7dw,S4/S11/S11_R2/S4_S11_R2_IMAG0452.JPG,wildebeest
ASG000d7dw,S4/S11/S11_R2/S4_S11_R2_IMAG0453.JPG,wildebeest
ASG000d7dw,S4/S11/S11_R2/S4_S11_R2_IMAG0454.JPG,wildebeest
ASG000d6vw,S4/S11/S11_R2/S4_S11_R2_IMAG0470.JPG,wildebeest
ASG000d6vw,S4/S11/S11_R2/S4_S11_R2_IMAG0471.JPG,wildebeest
ASG000d6vw,S4/S11/S11_R2/S4_S11_R2_IMAG0472.JPG,wildebeest
ASG000d74c,S4/S11/S11_R2/S4_S11_R2_IMAG0566.JPG,wildebeest
ASG000d74c,S4/S11/S11_R2/S4_S11_R2_IMAG0567.JPG,wildebeest
ASG000d74c,S4/S11/S11_R2/S4_S11_R2_IMAG0568.JPG,wildebeest
ASG000d6gx,S4/S11/S11_R2/S4_S11_R2_IMAG0581.JPG,wildebeest
ASG000d6gx,S4/S11/S11_R2/S4_S11_R2_IMAG0582.JPG,wildebeest
ASG000d6gx,S4/S11/S11_R2/S4_S11_R2_IMAG0583.JPG,wildebeest
ASG000d7gk,S4/S11/S11_R2/S4_S11_R2_IMAG0593.JPG,wildebeest
ASG000d7gk,S4/S11/S11_R2/S4_S11_R2_IMAG0594.JPG,wildebeest
ASG000d7gk,S4/S11/S11_R2/S4_S11_R2_IMAG0595.JPG,wildebeest
ASG000d6l8,S4/S11/S11_R2/S4_S11_R2_IMAG0635.JPG,zebra
ASG000d6l8,S4/S11/S11_R2/S4_S11_R2_IMAG0636.JPG,zebra
ASG000d6l8,S4/S11/S11_R2/S4_S11_R2_IMAG0637.JPG,zebra
ASG000d5jr,S4/S11/S11_R2/S4_S11_R2_IMAG0658.JPG,wildebeest
ASG000d6sm,S4/S11/S11_R2/S4_S11_R2_IMAG0659.JPG,wildebeest
ASG000d7er,S4/S11/S11_R2/S4_S11_R2_IMAG0683.JPG,wildebeest
ASG000d7er,S4/S11/S11_R2/S4_S11_R2_IMAG0684.JPG,wildebeest
ASG000d7er,S4/S11/S11_R2/S4_S11_R2_IMAG0685.JPG,wildebeest
ASG000d6sh,S4/S11/S11_R2/S4_S11_R2_IMAG0701.JPG,wildebeest
ASG000d6sh,S4/S11/S11_R2/S4_S11_R2_IMAG0702.JPG,wildebeest
ASG000d6sh,S4/S11/S11_R2/S4_S11_R2_IMAG0703.JPG,wildebeest
ASG000d7a6,S4/S11/S11_R2/S4_S11_R2_IMAG0737.JPG,wildebeest
ASG000d7a6,S4/S11/S11_R2/S4_S11_R2_IMAG0738.JPG,wildebeest
ASG000d7a6,S4/S11/S11_R2/S4_S11_R2_IMAG0739.JPG,wildebeest
ASG000d5yy,S4/S11/S11_R2/S4_S11_R2_IMAG0749.JPG,wildebeest
ASG000d5yy,S4/S11/S11_R2/S4_S11_R2_IMAG0750.JPG,wildebeest
ASG000d5yy,S4/S11/S11_R2/S4_S11_R2_IMAG0751.JPG,wildebeest
ASG000d6wp,S4/S11/S11_R2/S4_S11_R2_IMAG0911.JPG,wildebeest
ASG000d6wp,S4/S11/S11_R2/S4_S11_R2_IMAG0912.JPG,wildebeest
ASG000d6wp,S4/S11/S11_R2/S4_S11_R2_IMAG0913.JPG,wildebeest
ASG000d6mq,S4/S11/S11_R2/S4_S11_R2_IMAG0956.JPG,wildebeest
ASG000d6mq,S4/S11/S11_R2/S4_S11_R2_IMAG0957.JPG,wildebeest
ASG000d6mq,S4/S11/S11_R2/S4_S11_R2_IMAG0958.JPG,wildebeest
ASG000d6uz,S4/S11/S11_R2/S4_S11_R2_IMAG1004.JPG,wildebeest
ASG000d6uz,S4/S11/S11_R2/S4_S11_R2_IMAG1005.JPG,wildebeest
ASG000d6uz,S4/S11/S11_R2/S4_S11_R2_IMAG1006.JPG,wildebeest
ASG000d67u,S4/S11/S11_R2/S4_S11_R2_IMAG1385.JPG,wildebeest
ASG000d67u,S4/S11/S11_R2/S4_S11_R2_IMAG1386.JPG,wildebeest
ASG000d67u,S4/S11/S11_R2/S4_S11_R2_IMAG1387.JPG,wildebeest
ASG000d5wm,S4/S11/S11_R2/S4_S11_R2_IMAG1397.JPG,wildebeest
ASG000d5wm,S4/S11/S11_R2/S4_S11_R2_IMAG1398.JPG,wildebeest
ASG000d5wm,S4/S11/S11_R2/S4_S11_R2_IMAG1399.JPG,wildebeest
ASG000d6l2,S4/S11/S11_R2/S4_S11_R2_IMAG1412.JPG,zebra
ASG000d6l2,S4/S11/S11_R2/S4_S11_R2_IMAG1413.JPG,zebra
ASG000d6l2,S4/S11/S11_R2/S4_S11_R2_IMAG1414.JPG,zebra
ASG000d5rv,S4/S11/S11_R2/S4_S11_R2_IMAG1439.JPG,wildebeest
ASG000d5rv,S4/S11/S11_R2/S4_S11_R2_IMAG1440.JPG,wildebeest
ASG000d5rv,S4/S11/S11_R2/S4_S11_R2_IMAG1441.JPG,wildebeest
ASG000d6es,S4/S11/S11_R2/S4_S11_R2_IMAG1592.JPG,wildebeest
ASG000d6es,S4/S11/S11_R2/S4_S11_R2_IMAG1593.JPG,wildebeest
ASG000d6es,S4/S11/S11_R2/S4_S11_R2_IMAG1594.JPG,wildebeest
ASG000d675,S4/S11/S11_R2/S4_S11_R2_IMAG1610.JPG,wildebeest
ASG000d675,S4/S11/S11_R2/S4_S11_R2_IMAG1611.JPG,wildebeest
ASG000d675,S4/S11/S11_R2/S4_S11_R2_IMAG1612.JPG,wildebeest
ASG000d71i,S4/S11/S11_R2/S4_S11_R2_IMAG1622.JPG,wildebeest
ASG000d71i,S4/S11/S11_R2/S4_S11_R2_IMAG1623.JPG,wildebeest
ASG000d71i,S4/S11/S11_R2/S4_S11_R2_IMAG1624.JPG,wildebeest
ASG000d5of,S4/S11/S11_R2/S4_S11_R2_IMAG1691.JPG,wildebeest
ASG000d5of,S4/S11/S11_R2/S4_S11_R2_IMAG1692.JPG,wildebeest
ASG000d5of,S4/S11/S11_R2/S4_S11_R2_IMAG1693.JPG,wildebeest
ASG000d6nu,S4/S11/S11_R2/S4_S11_R2_IMAG1778.JPG,wildebeest
ASG000d6nu,S4/S11/S11_R2/S4_S11_R2_IMAG1779.JPG,wildebeest
ASG000d6nu,S4/S11/S11_R2/S4_S11_R2_IMAG1780.JPG,wildebeest
ASG000d6b0,S4/S11/S11_R2/S4_S11_R2_IMAG1903.JPG,wildebeest
ASG000d6b0,S4/S11/S11_R2/S4_S11_R2_IMAG1904.JPG,wildebeest
ASG000d6b0,S4/S11/S11_R2/S4_S11_R2_IMAG1905.JPG,wildebeest
ASG000d6uk,S4/S11/S11_R2/S4_S11_R2_IMAG1990.JPG,wildebeest
ASG000d6uk,S4/S11/S11_R2/S4_S11_R2_IMAG1991.JPG,wildebeest
ASG000d6uk,S4/S11/S11_R2/S4_S11_R2_IMAG1992.JPG,wildebeest
ASG000d5k0,S4/S11/S11_R2/S4_S11_R2_IMAG2029.JPG,wildebeest
ASG000d5k0,S4/S11/S11_R2/S4_S11_R2_IMAG2030.JPG,wildebeest
ASG000d5k0,S4/S11/S11_R2/S4_S11_R2_IMAG2031.JPG,wildebeest
ASG000d72l,S4/S11/S11_R2/S4_S11_R2_IMAG2116.JPG,wildebeest
ASG000d72l,S4/S11/S11_R2/S4_S11_R2_IMAG2117.JPG,wildebeest
ASG000d72l,S4/S11/S11_R2/S4_S11_R2_IMAG2118.JPG,wildebeest
ASG000d68w,S4/S11/S11_R2/S4_S11_R2_IMAG2230.JPG,wildebeest
ASG000d68w,S4/S11/S11_R2/S4_S11_R2_IMAG2231.JPG,wildebeest
ASG000d68w,S4/S11/S11_R2/S4_S11_R2_IMAG2232.JPG,wildebeest
ASG000d67g,S4/S11/S11_R2/S4_S11_R2_IMAG2242.JPG,wildebeest
ASG000d67g,S4/S11/S11_R2/S4_S11_R2_IMAG2243.JPG,wildebeest
ASG000d67g,S4/S11/S11_R2/S4_S11_R2_IMAG2244.JPG,wildebeest
ASG000d5xr,S4/S11/S11_R2/S4_S11_R2_IMAG2401.JPG,wildebeest
ASG000d5xr,S4/S11/S11_R2/S4_S11_R2_IMAG2402.JPG,wildebeest
ASG000d5xr,S4/S11/S11_R2/S4_S11_R2_IMAG2403.JPG,wildebeest
ASG000d76e,S4/S11/S11_R2/S4_S11_R2_IMAG2467.JPG,wildebeest
ASG000d7do,S4/S11/S11_R2/S4_S11_R2_IMAG2553.JPG,wildebeest
ASG000d7do,S4/S11/S11_R2/S4_S11_R2_IMAG2554.JPG,wildebeest
ASG000d7do,S4/S11/S11_R2/S4_S11_R2_IMAG2555.JPG,wildebeest
ASG000d6co,S4/S11/S11_R2/S4_S11_R2_IMAG2589.JPG,wildebeest
ASG000d6co,S4/S11/S11_R2/S4_S11_R2_IMAG2590.JPG,wildebeest
ASG000d6co,S4/S11/S11_R2/S4_S11_R2_IMAG2591.JPG,wildebeest
ASG000d6ss,S4/S11/S11_R2/S4_S11_R2_IMAG2604.JPG,wildebeest
ASG000d6ss,S4/S11/S11_R2/S4_S11_R2_IMAG2605.JPG,wildebeest
ASG000d6ss,S4/S11/S11_R2/S4_S11_R2_IMAG2606.JPG,wildebeest
ASG000d6ig,S4/S11/S11_R2/S4_S11_R2_IMAG2616.JPG,wildebeest
ASG000d6ig,S4/S11/S11_R2/S4_S11_R2_IMAG2617.JPG,wildebeest
ASG000d6ig,S4/S11/S11_R2/S4_S11_R2_IMAG2618.JPG,wildebeest
ASG000d74h,S4/S11/S11_R2/S4_S11_R2_IMAG2682.JPG,wildebeest
ASG000d74h,S4/S11/S11_R2/S4_S11_R2_IMAG2683.JPG,wildebeest
ASG000d74h,S4/S11/S11_R2/S4_S11_R2_IMAG2684.JPG,wildebeest
ASG000d6ka,S4/S11/S11_R2/S4_S11_R2_IMAG2730.JPG,wildebeest
ASG000d6ka,S4/S11/S11_R2/S4_S11_R2_IMAG2731.JPG,wildebeest
ASG000d6ka,S4/S11/S11_R2/S4_S11_R2_IMAG2732.JPG,wildebeest
ASG000d746,S4/S11/S11_R2/S4_S11_R2_IMAG2742.JPG,wildebeest
ASG000d746,S4/S11/S11_R2/S4_S11_R2_IMAG2743.JPG,wildebeest
ASG000d746,S4/S11/S11_R2/S4_S11_R2_IMAG2744.JPG,wildebeest
ASG000d5w8,S4/S11/S11_R2/S4_S11_R2_IMAG2799.JPG,wildebeest
ASG000d5w8,S4/S11/S11_R2/S4_S11_R2_IMAG2800.JPG,wildebeest
ASG000d5w8,S4/S11/S11_R2/S4_S11_R2_IMAG2801.JPG,wildebeest
ASG000d748,S4/S11/S11_R2/S4_S11_R2_IMAG2826.JPG,wildebeest
ASG000d748,S4/S11/S11_R2/S4_S11_R2_IMAG2827.JPG,wildebeest
ASG000d748,S4/S11/S11_R2/S4_S11_R2_IMAG2828.JPG,wildebeest
ASG000d6fr,S4/S11/S11_R2/S4_S11_R2_IMAG3023.JPG,zebra
ASG000d6fr,S4/S11/S11_R2/S4_S11_R2_IMAG3024.JPG,zebra
ASG000d6fr,S4/S11/S11_R2/S4_S11_R2_IMAG3025.JPG,zebra
ASG000d61i,S4/S11/S11_R2/S4_S11_R2_IMAG3149.JPG,wildebeest
ASG000d61i,S4/S11/S11_R2/S4_S11_R2_IMAG3150.JPG,wildebeest
ASG000d61i,S4/S11/S11_R2/S4_S11_R2_IMAG3151.JPG,wildebeest
ASG000d6qy,S4/S11/S11_R2/S4_S11_R2_IMAG3200.JPG,wildebeest
ASG000d66g,S4/S11/S11_R2/S4_S11_R2_IMAG3307.JPG,gazelleThomsons
ASG000d66g,S4/S11/S11_R2/S4_S11_R2_IMAG3308.JPG,gazelleThomsons
ASG000d66g,S4/S11/S11_R2/S4_S11_R2_IMAG3309.JPG,gazelleThomsons
ASG000d7ij,S4/S11/S11_R2/S4_S11_R2_IMAG3352.JPG,gazelleThomsons
ASG000d7ij,S4/S11/S11_R2/S4_S11_R2_IMAG3353.JPG,gazelleThomsons
ASG000d7ij,S4/S11/S11_R2/S4_S11_R2_IMAG3354.JPG,gazelleThomsons
ASG000d6y9,S4/S11/S11_R2/S4_S11_R2_IMAG3370.JPG,gazelleThomsons
ASG000d6y9,S4/S11/S11_R2/S4_S11_R2_IMAG3371.JPG,gazelleThomsons
ASG000d6y9,S4/S11/S11_R2/S4_S11_R2_IMAG3372.JPG,gazelleThomsons
ASG000bzst,S4/S12/S12_R2/S4_S12_R2_IMAG0023.JPG,gazelleThomsons
ASG000bzst,S4/S12/S12_R2/S4_S12_R2_IMAG0024.JPG,gazelleThomsons
ASG000bzst,S4/S12/S12_R2/S4_S12_R2_IMAG0025.JPG,gazelleThomsons
ASG000bzn5,S4/S12/S12_R2/S4_S12_R2_IMAG0041.JPG,gazelleThomsons
ASG000bzn5,S4/S12/S12_R2/S4_S12_R2_IMAG0042.JPG,gazelleThomsons
ASG000bzn5,S4/S12/S12_R2/S4_S12_R2_IMAG0043.JPG,gazelleThomsons
ASG000bzke,S4/S12/S12_R2/S4_S12_R2_IMAG0044.JPG,gazelleThomsons
ASG000bzke,S4/S12/S12_R2/S4_S12_R2_IMAG0045.JPG,gazelleThomsons
ASG000bzke,S4/S12/S12_R2/S4_S12_R2_IMAG0046.JPG,gazelleThomsons
ASG000c095,S4/S12/S12_R2/S4_S12_R2_IMAG0143.JPG,gazelleThomsons
ASG000c095,S4/S12/S12_R2/S4_S12_R2_IMAG0144.JPG,gazelleThomsons
ASG000c095,S4/S12/S12_R2/S4_S12_R2_IMAG0145.JPG,gazelleThomsons
ASG000bzep,S4/S12/S12_R2/S4_S12_R2_IMAG0309.JPG,gazelleThomsons
ASG000bzep,S4/S12/S12_R2/S4_S12_R2_IMAG0310.JPG,gazelleThomsons
ASG000bzep,S4/S12/S12_R2/S4_S12_R2_IMAG0311.JPG,gazelleThomsons
ASG000bzpy,S4/S12/S12_R2/S4_S12_R2_IMAG0339.JPG,gazelleThomsons
ASG000bzpy,S4/S12/S12_R2/S4_S12_R2_IMAG0340.JPG,gazelleThomsons
ASG000bzpy,S4/S12/S12_R2/S4_S12_R2_IMAG0341.JPG,gazelleThomsons
ASG000bzko,S4/S12/S12_R2/S4_S12_R2_IMAG0351.JPG,gazelleThomsons
ASG000bzko,S4/S12/S12_R2/S4_S12_R2_IMAG0352.JPG,gazelleThomsons
ASG000bzko,S4/S12/S12_R2/S4_S12_R2_IMAG0353.JPG,gazelleThomsons
ASG000bzp2,S4/S12/S12_R2/S4_S12_R2_IMAG0394.JPG,gazelleThomsons
ASG000bzp2,S4/S12/S12_R2/S4_S12_R2_IMAG0395.JPG,gazelleThomsons
ASG000bzp2,S4/S12/S12_R2/S4_S12_R2_IMAG0396.JPG,gazelleThomsons
ASG000c09l,S4/S12/S12_R2/S4_S12_R2_IMAG0406.JPG,gazelleThomsons
ASG000c09l,S4/S12/S12_R2/S4_S12_R2_IMAG0407.JPG,gazelleThomsons
ASG000c09l,S4/S12/S12_R2/S4_S12_R2_IMAG0408.JPG,gazelleThomsons
ASG000bzjq,S4/S12/S12_R2/S4_S12_R2_IMAG0484.JPG,gazelleThomsons
ASG000bzjq,S4/S12/S12_R2/S4_S12_R2_IMAG0485.JPG,gazelleThomsons
ASG000bzjq,S4/S12/S12_R2/S4_S12_R2_IMAG0486.JPG,gazelleThomsons
ASG000bztd,S4/S12/S12_R2/S4_S12_R2_IMAG0490.JPG,gazelleThomsons
ASG000bztd,S4/S12/S12_R2/S4_S12_R2_IMAG0491.JPG,gazelleThomsons
ASG000bztd,S4/S12/S12_R2/S4_S12_R2_IMAG0492.JPG,gazelleThomsons
ASG000bzsk,S4/S12/S12_R2/S4_S12_R2_IMAG0493.JPG,gazelleThomsons
ASG000bzsk,S4/S12/S12_R2/S4_S12_R2_IMAG0494.JPG,gazelleThomsons
ASG000bzsk,S4/S12/S12_R2/S4_S12_R2_IMAG0495.JPG,gazelleThomsons
ASG000c0ji,S4/S12/S12_R2/S4_S12_R2_IMAG0532.JPG,gazelleThomsons
ASG000c0ji,S4/S12/S12_R2/S4_S12_R2_IMAG0533.JPG,gazelleThomsons
ASG000c0ji,S4/S12/S12_R2/S4_S12_R2_IMAG0534.JPG,gazelleThomsons
ASG000bzdg,S4/S12/S12_R2/S4_S12_R2_IMAG0538.JPG,gazelleThomsons
ASG000bzdg,S4/S12/S12_R2/S4_S12_R2_IMAG0539.JPG,gazelleThomsons
ASG000bzdg,S4/S12/S12_R2/S4_S12_R2_IMAG0540.JPG,gazelleThomsons
ASG000bzhc,S4/S12/S12_R2/S4_S12_R2_IMAG0574.JPG,gazelleThomsons
ASG000bzhc,S4/S12/S12_R2/S4_S12_R2_IMAG0575.JPG,gazelleThomsons
ASG000bzhc,S4/S12/S12_R2/S4_S12_R2_IMAG0576.JPG,gazelleThomsons
ASG000bzwa,S4/S12/S12_R2/S4_S12_R2_IMAG0583.JPG,gazelleThomsons
ASG000bzwa,S4/S12/S12_R2/S4_S12_R2_IMAG0584.JPG,gazelleThomsons
ASG000bzwa,S4/S12/S12_R2/S4_S12_R2_IMAG0585.JPG,gazelleThomsons
ASG000bzx9,S4/S12/S12_R2/S4_S12_R2_IMAG0640.JPG,gazelleThomsons
ASG000bzx9,S4/S12/S12_R2/S4_S12_R2_IMAG0641.JPG,gazelleThomsons
ASG000bzx9,S4/S12/S12_R2/S4_S12_R2_IMAG0642.JPG,gazelleThomsons
ASG000bzgw,S4/S12/S12_R2/S4_S12_R2_IMAG0661.JPG,gazelleThomsons
ASG000bzgw,S4/S12/S12_R2/S4_S12_R2_IMAG0662.JPG,gazelleThomsons
ASG000bzgw,S4/S12/S12_R2/S4_S12_R2_IMAG0663.JPG,gazelleThomsons
ASG000bzjx,S4/S12/S12_R2/S4_S12_R2_IMAG0667.JPG,gazelleThomsons
ASG000bzjx,S4/S12/S12_R2/S4_S12_R2_IMAG0668.JPG,gazelleThomsons
ASG000bzjx,S4/S12/S12_R2/S4_S12_R2_IMAG0669.JPG,gazelleThomsons
ASG000bzht,S4/S12/S12_R2/S4_S12_R2_IMAG0739.JPG,gazelleThomsons
ASG000bzht,S4/S12/S12_R2/S4_S12_R2_IMAG0740.JPG,gazelleThomsons
ASG000bzht,S4/S12/S12_R2/S4_S12_R2_IMAG0741.JPG,gazelleThomsons
ASG000bzss,S4/S12/S12_R2/S4_S12_R2_IMAG0781.JPG,gazelleThomsons
ASG000bzss,S4/S12/S12_R2/S4_S12_R2_IMAG0782.JPG,gazelleThomsons
ASG000bzss,S4/S12/S12_R2/S4_S12_R2_IMAG0783.JPG,gazelleThomsons
ASG000bzgi,S4/S12/S12_R2/S4_S12_R2_IMAG0793.JPG,gazelleThomsons
ASG000bzgi,S4/S12/S12_R2/S4_S12_R2_IMAG0794.JPG,gazelleThomsons
ASG000bzgi,S4/S12/S12_R2/S4_S12_R2_IMAG0795.JPG,gazelleThomsons
ASG000c0gi,S4/S12/S12_R2/S4_S12_R2_IMAG0796.JPG,gazelleThomsons
ASG000c0gi,S4/S12/S12_R2/S4_S12_R2_IMAG0797.JPG,gazelleThomsons
ASG000c0gi,S4/S12/S12_R2/S4_S12_R2_IMAG0798.JPG,gazelleThomsons
ASG000bzp4,S4/S12/S12_R2/S4_S12_R2_IMAG0841.JPG,gazelleThomsons
ASG000bzp4,S4/S12/S12_R2/S4_S12_R2_IMAG0842.JPG,gazelleThomsons
ASG000bzp4,S4/S12/S12_R2/S4_S12_R2_IMAG0843.JPG,gazelleThomsons
ASG000bzow,S4/S12/S12_R2/S4_S12_R2_IMAG0892.JPG,gazelleThomsons
ASG000bzow,S4/S12/S12_R2/S4_S12_R2_IMAG0893.JPG,gazelleThomsons
ASG000bzow,S4/S12/S12_R2/S4_S12_R2_IMAG0894.JPG,gazelleThomsons
ASG000bzru,S4/S12/S12_R2/S4_S12_R2_IMAG0910.JPG,gazelleThomsons
ASG000bzru,S4/S12/S12_R2/S4_S12_R2_IMAG0911.JPG,gazelleThomsons
ASG000bzru,S4/S12/S12_R2/S4_S12_R2_IMAG0912.JPG,gazelleThomsons
ASG000c080,S4/S12/S12_R2/S4_S12_R2_IMAG1186.JPG,gazelleThomsons
ASG000c080,S4/S12/S12_R2/S4_S12_R2_IMAG1187.JPG,gazelleThomsons
ASG000c080,S4/S12/S12_R2/S4_S12_R2_IMAG1188.JPG,gazelleThomsons
ASG000bza4,S4/S12/S12_R2/S4_S12_R2_IMAG1192.JPG,gazelleThomsons
ASG000bza4,S4/S12/S12_R2/S4_S12_R2_IMAG1193.JPG,gazelleThomsons
ASG000bza4,S4/S12/S12_R2/S4_S12_R2_IMAG1194.JPG,gazelleThomsons
ASG000c0er,S4/S12/S12_R2/S4_S12_R2_IMAG1207.JPG,gazelleThomsons
ASG000c0er,S4/S12/S12_R2/S4_S12_R2_IMAG1208.JPG,gazelleThomsons
ASG000c0er,S4/S12/S12_R2/S4_S12_R2_IMAG1209.JPG,gazelleThomsons
ASG000c05b,S4/S12/S12_R2/S4_S12_R2_IMAG1240.JPG,gazelleThomsons
ASG000c05b,S4/S12/S12_R2/S4_S12_R2_IMAG1241.JPG,gazelleThomsons
ASG000c05b,S4/S12/S12_R2/S4_S12_R2_IMAG1242.JPG,gazelleThomsons
ASG000bzq2,S4/S12/S12_R2/S4_S12_R2_IMAG1276.JPG,gazelleThomsons
ASG000bzq2,S4/S12/S12_R2/S4_S12_R2_IMAG1277.JPG,gazelleThomsons
ASG000bzq2,S4/S12/S12_R2/S4_S12_R2_IMAG1278.JPG,gazelleThomsons
ASG000c01s,S4/S12/S12_R2/S4_S12_R2_IMAG1345.JPG,gazelleThomsons
ASG000c01s,S4/S12/S12_R2/S4_S12_R2_IMAG1346.JPG,gazelleThomsons
ASG000c01s,S4/S12/S12_R2/S4_S12_R2_IMAG1347.JPG,gazelleThomsons
ASG000c005,S4/S12/S12_R2/S4_S12_R2_IMAG1366.JPG,gazelleThomsons
ASG000c005,S4/S12/S12_R2/S4_S12_R2_IMAG1367.JPG,gazelleThomsons
ASG000c005,S4/S12/S12_R2/S4_S12_R2_IMAG1368.JPG,gazelleThomsons
ASG000c0km,S4/S12/S12_R2/S4_S12_R2_IMAG1402.JPG,gazelleThomsons
ASG000c0km,S4/S12/S12_R2/S4_S12_R2_IMAG1403.JPG,gazelleThomsons
ASG000c0km,S4/S12/S12_R2/S4_S12_R2_IMAG1404.JPG,gazelleThomsons
ASG000c00l,S4/S12/S12_R2/S4_S12_R2_IMAG1414.JPG,gazelleThomsons
ASG000c00l,S4/S12/S12_R2/S4_S12_R2_IMAG1415.JPG,gazelleThomsons
ASG000c00l,S4/S12/S12_R2/S4_S12_R2_IMAG1416.JPG,gazelleThomsons
ASG000bzvd,S4/S12/S12_R2/S4_S12_R2_IMAG1417.JPG,gazelleThomsons
ASG000bzvd,S4/S12/S12_R2/S4_S12_R2_IMAG1418.JPG,gazelleThomsons
ASG000bzvd,S4/S12/S12_R2/S4_S12_R2_IMAG1419.JPG,gazelleThomsons
ASG000bzum,S4/S12/S12_R2/S4_S12_R2_IMAG1450.JPG,gazelleThomsons
ASG000bzum,S4/S12/S12_R2/S4_S12_R2_IMAG1451.JPG,gazelleThomsons
ASG000bzum,S4/S12/S12_R2/S4_S12_R2_IMAG1452.JPG,gazelleThomsons
ASG000bzu5,S4/S12/S12_R2/S4_S12_R2_IMAG1480.JPG,gazelleThomsons
ASG000bzu5,S4/S12/S12_R2/S4_S12_R2_IMAG1481.JPG,gazelleThomsons
ASG000bzu5,S4/S12/S12_R2/S4_S12_R2_IMAG1482.JPG,gazelleThomsons
ASG000c0br,S4/S12/S12_R2/S4_S12_R2_IMAG1483.JPG,gazelleThomsons
ASG000c0br,S4/S12/S12_R2/S4_S12_R2_IMAG1484.JPG,gazelleThomsons
ASG000c0br,S4/S12/S12_R2/S4_S12_R2_IMAG1485.JPG,gazelleThomsons
ASG000bzv4,S4/S12/S12_R2/S4_S12_R2_IMAG1540.JPG,gazelleThomsons
ASG000bzv4,S4/S12/S12_R2/S4_S12_R2_IMAG1541.JPG,gazelleThomsons
ASG000bzv4,S4/S12/S12_R2/S4_S12_R2_IMAG1542.JPG,gazelleThomsons
ASG000bzeo,S4/S12/S12_R2/S4_S12_R2_IMAG1549.JPG,gazelleThomsons
ASG000bzeo,S4/S12/S12_R2/S4_S12_R2_IMAG1550.JPG,gazelleThomsons
ASG000bzeo,S4/S12/S12_R2/S4_S12_R2_IMAG1551.JPG,gazelleThomsons
ASG000c0ih,S4/S12/S12_R2/S4_S12_R2_IMAG1552.JPG,gazelleThomsons
ASG000c0ih,S4/S12/S12_R2/S4_S12_R2_IMAG1553.JPG,gazelleThomsons
ASG000c0ih,S4/S12/S12_R2/S4_S12_R2_IMAG1554.JPG,gazelleThomsons
ASG000bzvc,S4/S12/S12_R2/S4_S12_R2_IMAG1684.JPG,gazelleThomsons
ASG000bzvc,S4/S12/S12_R2/S4_S12_R2_IMAG1685.JPG,gazelleThomsons
ASG000bzvc,S4/S12/S12_R2/S4_S12_R2_IMAG1686.JPG,gazelleThomsons
ASG000c00f,S4/S12/S12_R2/S4_S12_R2_IMAG1687.JPG,gazelleThomsons
ASG000c00f,S4/S12/S12_R2/S4_S12_R2_IMAG1688.JPG,gazelleThomsons
ASG000c00f,S4/S12/S12_R2/S4_S12_R2_IMAG1689.JPG,gazelleThomsons
ASG000c04f,S4/S12/S12_R2/S4_S12_R2_IMAG1714.JPG,gazelleThomsons
ASG000c04f,S4/S12/S12_R2/S4_S12_R2_IMAG1715.JPG,gazelleThomsons
ASG000c04f,S4/S12/S12_R2/S4_S12_R2_IMAG1716.JPG,gazelleThomsons
ASG000c0et,S4/S12/S12_R2/S4_S12_R2_IMAG1729.JPG,gazelleThomsons
ASG000c0et,S4/S12/S12_R2/S4_S12_R2_IMAG1730.JPG,gazelleThomsons
ASG000c0et,S4/S12/S12_R2/S4_S12_R2_IMAG1731.JPG,gazelleThomsons
ASG000bzmu,S4/S12/S12_R2/S4_S12_R2_IMAG1759.JPG,gazelleThomsons
ASG000bzmu,S4/S12/S12_R2/S4_S12_R2_IMAG1760.JPG,gazelleThomsons
ASG000bzmu,S4/S12/S12_R2/S4_S12_R2_IMAG1761.JPG,gazelleThomsons
ASG000c06u,S4/S12/S12_R2/S4_S12_R2_IMAG1901.JPG,gazelleThomsons
ASG000c06u,S4/S12/S12_R2/S4_S12_R2_IMAG1902.JPG,gazelleThomsons
ASG000c06u,S4/S12/S12_R2/S4_S12_R2_IMAG1903.JPG,gazelleThomsons
ASG000bzoz,S4/S12/S12_R2/S4_S12_R2_IMAG1974.JPG,gazelleThomsons
ASG000bzoz,S4/S12/S12_R2/S4_S12_R2_IMAG1975.JPG,gazelleThomsons
ASG000bzoz,S4/S12/S12_R2/S4_S12_R2_IMAG1976.JPG,gazelleThomsons
ASG000c0kh,S4/S12/S12_R2/S4_S12_R2_IMAG1983.JPG,gazelleThomsons
ASG000c0kh,S4/S12/S12_R2/S4_S12_R2_IMAG1984.JPG,gazelleThomsons
ASG000c0kh,S4/S12/S12_R2/S4_S12_R2_IMAG1985.JPG,gazelleThomsons
ASG000bzsc,S4/S12/S12_R2/S4_S12_R2_IMAG2004.JPG,gazelleThomsons
ASG000bzsc,S4/S12/S12_R2/S4_S12_R2_IMAG2005.JPG,gazelleThomsons
ASG000bzsc,S4/S12/S12_R2/S4_S12_R2_IMAG2006.JPG,gazelleThomsons
ASG000bzlp,S4/S12/S12_R2/S4_S12_R2_IMAG2019.JPG,gazelleThomsons
ASG000bzlp,S4/S12/S12_R2/S4_S12_R2_IMAG2020.JPG,gazelleThomsons
ASG000bzlp,S4/S12/S12_R2/S4_S12_R2_IMAG2021.JPG,gazelleThomsons
ASG000bzdy,S4/S12/S12_R2/S4_S12_R2_IMAG2022.JPG,gazelleThomsons
ASG000bzdy,S4/S12/S12_R2/S4_S12_R2_IMAG2023.JPG,gazelleThomsons
ASG000bzdy,S4/S12/S12_R2/S4_S12_R2_IMAG2024.JPG,gazelleThomsons
ASG000bzfp,S4/S12/S12_R2/S4_S12_R2_IMAG2058.JPG,gazelleThomsons
ASG000bzfp,S4/S12/S12_R2/S4_S12_R2_IMAG2059.JPG,gazelleThomsons
ASG000bzfp,S4/S12/S12_R2/S4_S12_R2_IMAG2060.JPG,gazelleThomsons
ASG000c07q,S4/S12/S12_R2/S4_S12_R2_IMAG2070.JPG,gazelleThomsons
ASG000c07q,S4/S12/S12_R2/S4_S12_R2_IMAG2071.JPG,gazelleThomsons
ASG000c07q,S4/S12/S12_R2/S4_S12_R2_IMAG2072.JPG,gazelleThomsons
ASG000bzb0,S4/S12/S12_R2/S4_S12_R2_IMAG2079.JPG,gazelleThomsons
ASG000bzb0,S4/S12/S12_R2/S4_S12_R2_IMAG2080.JPG,gazelleThomsons
ASG000bzb0,S4/S12/S12_R2/S4_S12_R2_IMAG2081.JPG,gazelleThomsons
ASG000c02w,S4/S12/S12_R2/S4_S12_R2_IMAG2301.JPG,gazelleThomsons
ASG000c02w,S4/S12/S12_R2/S4_S12_R2_IMAG2302.JPG,gazelleThomsons
ASG000c02w,S4/S12/S12_R2/S4_S12_R2_IMAG2303.JPG,gazelleThomsons
ASG000bzuz,S4/S12/S12_R2/S4_S12_R2_IMAG2322.JPG,gazelleThomsons
ASG000bzuz,S4/S12/S12_R2/S4_S12_R2_IMAG2323.JPG,gazelleThomsons
ASG000bzuz,S4/S12/S12_R2/S4_S12_R2_IMAG2324.JPG,gazelleThomsons
ASG000c05d,S4/S12/S12_R2/S4_S12_R2_IMAG2421.JPG,gazelleThomsons
ASG000c05d,S4/S12/S12_R2/S4_S12_R2_IMAG2422.JPG,gazelleThomsons
ASG000c05d,S4/S12/S12_R2/S4_S12_R2_IMAG2423.JPG,gazelleThomsons
ASG000bzvz,S4/S12/S12_R2/S4_S12_R2_IMAG2427.JPG,gazelleThomsons
ASG000bzvz,S4/S12/S12_R2/S4_S12_R2_IMAG2428.JPG,gazelleThomsons
ASG000bzvz,S4/S12/S12_R2/S4_S12_R2_IMAG2429.JPG,gazelleThomsons
ASG000bzv3,S4/S12/S12_R2/S4_S12_R2_IMAG2454.JPG,gazelleThomsons
ASG000bzv3,S4/S12/S12_R2/S4_S12_R2_IMAG2455.JPG,gazelleThomsons
ASG000bzv3,S4/S12/S12_R2/S4_S12_R2_IMAG2456.JPG,gazelleThomsons
ASG000bzsf,S4/S12/S12_R2/S4_S12_R2_IMAG2466.JPG,gazelleThomsons
ASG000bzsf,S4/S12/S12_R2/S4_S12_R2_IMAG2467.JPG,gazelleThomsons
ASG000bzsf,S4/S12/S12_R2/S4_S12_R2_IMAG2468.JPG,gazelleThomsons
ASG000bze6,S4/S12/S12_R2/S4_S12_R2_IMAG2490.JPG,gazelleThomsons
ASG000bze6,S4/S12/S12_R2/S4_S12_R2_IMAG2491.JPG,gazelleThomsons
ASG000bze6,S4/S12/S12_R2/S4_S12_R2_IMAG2492.JPG,gazelleThomsons
ASG000bzh7,S4/S12/S12_R2/S4_S12_R2_IMAG2553.JPG,gazelleThomsons
ASG000bzh7,S4/S12/S12_R2/S4_S12_R2_IMAG2554.JPG,gazelleThomsons
ASG000bzh7,S4/S12/S12_R2/S4_S12_R2_IMAG2555.JPG,gazelleThomsons
ASG000bzew,S4/S12/S12_R2/S4_S12_R2_IMAG2751.JPG,zebra
ASG000bzew,S4/S12/S12_R2/S4_S12_R2_IMAG2752.JPG,zebra
ASG000bzew,S4/S12/S12_R2/S4_S12_R2_IMAG2753.JPG,zebra
ASG000c05s,S4/S12/S12_R2/S4_S12_R2_IMAG2821.JPG,wildebeest
ASG000c05s,S4/S12/S12_R2/S4_S12_R2_IMAG2822.JPG,wildebeest
ASG000c05s,S4/S12/S12_R2/S4_S12_R2_IMAG2823.JPG,wildebeest
ASG000bzor,S4/S12/S12_R2/S4_S12_R2_IMAG2860.JPG,wildebeest
ASG000bzor,S4/S12/S12_R2/S4_S12_R2_IMAG2861.JPG,wildebeest
ASG000bzor,S4/S12/S12_R2/S4_S12_R2_IMAG2862.JPG,wildebeest
ASG000bzbs,S4/S12/S12_R2/S4_S12_R2_IMAG2965.JPG,wildebeest
ASG000bzbs,S4/S12/S12_R2/S4_S12_R2_IMAG2966.JPG,wildebeest
ASG000bzbs,S4/S12/S12_R2/S4_S12_R2_IMAG2967.JPG,wildebeest
ASG000bzl6,S4/S12/S12_R2/S4_S12_R2_IMAG2983.JPG,wildebeest
ASG000bzl6,S4/S12/S12_R2/S4_S12_R2_IMAG2984.JPG,wildebeest
ASG000bzl6,S4/S12/S12_R2/S4_S12_R2_IMAG2985.JPG,wildebeest
ASG000bzhh,S4/S12/S12_R2/S4_S12_R2_IMAG3001.JPG,wildebeest
ASG000bzhh,S4/S12/S12_R2/S4_S12_R2_IMAG3002.JPG,wildebeest
ASG000bzhh,S4/S12/S12_R2/S4_S12_R2_IMAG3003.JPG,wildebeest
ASG000c00o,S4/S12/S12_R2/S4_S12_R2_IMAG3085.JPG,wildebeest
ASG000c00o,S4/S12/S12_R2/S4_S12_R2_IMAG3086.JPG,wildebeest
ASG000c00o,S4/S12/S12_R2/S4_S12_R2_IMAG3087.JPG,wildebeest
ASG000bzws,S4/S12/S12_R2/S4_S12_R2_IMAG3178.JPG,wildebeest
ASG000bzws,S4/S12/S12_R2/S4_S12_R2_IMAG3179.JPG,wildebeest
ASG000bzws,S4/S12/S12_R2/S4_S12_R2_IMAG3180.JPG,wildebeest
ASG000c08w,S4/S12/S12_R2/S4_S12_R2_IMAG3346.JPG,zebra
ASG000c08w,S4/S12/S12_R2/S4_S12_R2_IMAG3347.JPG,zebra
ASG000c08w,S4/S12/S12_R2/S4_S12_R2_IMAG3348.JPG,zebra
ASG000bzwp,S4/S12/S12_R2/S4_S12_R2_IMAG3445.JPG,zebra
ASG000bzwp,S4/S12/S12_R2/S4_S12_R2_IMAG3446.JPG,zebra
ASG000bzwp,S4/S12/S12_R2/S4_S12_R2_IMAG3447.JPG,zebra
ASG000bzct,S4/S12/S12_R2/S4_S12_R2_IMAG3478.JPG,zebra
ASG000bzct,S4/S12/S12_R2/S4_S12_R2_IMAG3479.JPG,zebra
ASG000bzct,S4/S12/S12_R2/S4_S12_R2_IMAG3480.JPG,zebra
ASG000bzml,S4/S12/S12_R2/S4_S12_R2_IMAG3598.JPG,wildebeest
ASG000bzml,S4/S12/S12_R2/S4_S12_R2_IMAG3599.JPG,wildebeest
ASG000bzml,S4/S12/S12_R2/S4_S12_R2_IMAG3600.JPG,wildebeest
ASG000c0ag,S4/S12/S12_R2/S4_S12_R2_IMAG4599.JPG,wildebeest
ASG000c0ag,S4/S12/S12_R2/S4_S12_R2_IMAG4600.JPG,wildebeest
ASG000c0ag,S4/S12/S12_R2/S4_S12_R2_IMAG4601.JPG,wildebeest
ASG000c0hl,S4/S12/S12_R2/S4_S12_R2_IMAG4623.JPG,wildebeest
ASG000c0hl,S4/S12/S12_R2/S4_S12_R2_IMAG4624.JPG,wildebeest
ASG000c0hl,S4/S12/S12_R2/S4_S12_R2_IMAG4625.JPG,wildebeest
ASG000bznh,S4/S12/S12_R2/S4_S12_R2_IMAG4644.JPG,wildebeest
ASG000bznh,S4/S12/S12_R2/S4_S12_R2_IMAG4645.JPG,wildebeest
ASG000bznh,S4/S12/S12_R2/S4_S12_R2_IMAG4646.JPG,wildebeest
ASG000c0gp,S4/S12/S12_R2/S4_S12_R2_IMAG4656.JPG,buffalo
ASG000c0gp,S4/S12/S12_R2/S4_S12_R2_IMAG4657.JPG,buffalo
ASG000c0gp,S4/S12/S12_R2/S4_S12_R2_IMAG4658.JPG,buffalo
ASG000bzdk,S4/S12/S12_R2/S4_S12_R2_IMAG4731.JPG,wildebeest
ASG000bzdk,S4/S12/S12_R2/S4_S12_R2_IMAG4732.JPG,wildebeest
ASG000bzdk,S4/S12/S12_R2/S4_S12_R2_IMAG4733.JPG,wildebeest
ASG000bzi3,S4/S12/S12_R2/S4_S12_R2_IMAG4776.JPG,wildebeest
ASG000bzi3,S4/S12/S12_R2/S4_S12_R2_IMAG4777.JPG,wildebeest
ASG000bzi3,S4/S12/S12_R2/S4_S12_R2_IMAG4778.JPG,wildebeest
ASG000c0j5,S4/S12/S12_R2/S4_S12_R2_IMAG4797.JPG,wildebeest
ASG000c0j5,S4/S12/S12_R2/S4_S12_R2_IMAG4798.JPG,wildebeest
ASG000c0j5,S4/S12/S12_R2/S4_S12_R2_IMAG4799.JPG,wildebeest
ASG000bzaj,S4/S12/S12_R2/S4_S12_R2_IMAG4824.JPG,wildebeest
ASG000bzaj,S4/S12/S12_R2/S4_S12_R2_IMAG4825.JPG,wildebeest
ASG000bzaj,S4/S12/S12_R2/S4_S12_R2_IMAG4826.JPG,wildebeest
ASG000bzsx,S4/S12/S12_R2/S4_S12_R2_IMAG4869.JPG,wildebeest
ASG000bzsx,S4/S12/S12_R2/S4_S12_R2_IMAG4870.JPG,wildebeest
ASG000bzsx,S4/S12/S12_R2/S4_S12_R2_IMAG4871.JPG,wildebeest
ASG000c06h,S4/S12/S12_R2/S4_S12_R2_IMAG4950.JPG,wildebeest
ASG000c06h,S4/S12/S12_R2/S4_S12_R2_IMAG4951.JPG,wildebeest
ASG000c06h,S4/S12/S12_R2/S4_S12_R2_IMAG4952.JPG,wildebeest
ASG000bzmk,S4/S12/S12_R2/S4_S12_R2_IMAG5013.JPG,wildebeest
ASG000bzmk,S4/S12/S12_R2/S4_S12_R2_IMAG5014.JPG,wildebeest
ASG000bzmk,S4/S12/S12_R2/S4_S12_R2_IMAG5015.JPG,wildebeest
ASG000bzw0,S4/S12/S12_R2/S4_S12_R2_IMAG5043.JPG,wildebeest
ASG000bzw0,S4/S12/S12_R2/S4_S12_R2_IMAG5044.JPG,wildebeest
ASG000bzw0,S4/S12/S12_R2/S4_S12_R2_IMAG5045.JPG,wildebeest
ASG000di9y,S4/S13/S13_R2/S4_S13_R2_IMAG0037.JPG,gazelleThomsons
ASG000di9y,S4/S13/S13_R2/S4_S13_R2_IMAG0038.JPG,gazelleThomsons
ASG000di9y,S4/S13/S13_R2/S4_S13_R2_IMAG0039.JPG,gazelleThomsons
ASG000di6h,S4/S13/S13_R2/S4_S13_R2_IMAG0052.JPG,gazelleThomsons
ASG000di6h,S4/S13/S13_R2/S4_S13_R2_IMAG0053.JPG,gazelleThomsons
ASG000di6h,S4/S13/S13_R2/S4_S13_R2_IMAG0054.JPG,gazelleThomsons
ASG000dic3,S4/S13/S13_R2/S4_S13_R2_IMAG0070.JPG,gazelleThomsons
ASG000dic3,S4/S13/S13_R2/S4_S13_R2_IMAG0071.JPG,gazelleThomsons
ASG000dic3,S4/S13/S13_R2/S4_S13_R2_IMAG0072.JPG,gazelleThomsons
ASG000diha,S4/S13/S13_R2/S4_S13_R2_IMAG0073.JPG,gazelleThomsons
ASG000diha,S4/S13/S13_R2/S4_S13_R2_IMAG0074.JPG,gazelleThomsons
ASG000diha,S4/S13/S13_R2/S4_S13_R2_IMAG0075.JPG,gazelleThomsons
ASG000didu,S4/S13/S13_R2/S4_S13_R2_IMAG0085.JPG,gazelleThomsons
ASG000didu,S4/S13/S13_R2/S4_S13_R2_IMAG0086.JPG,gazelleThomsons
ASG000didu,S4/S13/S13_R2/S4_S13_R2_IMAG0087.JPG,gazelleThomsons
ASG000dicn,S4/S13/S13_R2/S4_S13_R2_IMAG0126.JPG,gazelleThomsons
ASG000dicn,S4/S13/S13_R2/S4_S13_R2_IMAG0127.JPG,gazelleThomsons
ASG000dicn,S4/S13/S13_R2/S4_S13_R2_IMAG0128.JPG,gazelleThomsons
ASG000dic7,S4/S13/S13_R2/S4_S13_R2_IMAG0410.JPG,gazelleThomsons
ASG000dic7,S4/S13/S13_R2/S4_S13_R2_IMAG0411.JPG,gazelleThomsons
ASG000dic7,S4/S13/S13_R2/S4_S13_R2_IMAG0412.JPG,gazelleThomsons
ASG000di7g,S4/S13/S13_R2/S4_S13_R2_IMAG0434.JPG,gazelleThomsons
ASG000di7g,S4/S13/S13_R2/S4_S13_R2_IMAG0435.JPG,gazelleThomsons
ASG000di7g,S4/S13/S13_R2/S4_S13_R2_IMAG0436.JPG,gazelleThomsons
ASG000di8b,S4/S13/S13_R2/S4_S13_R2_IMAG0518.JPG,gazelleThomsons
ASG000di8b,S4/S13/S13_R2/S4_S13_R2_IMAG0519.JPG,gazelleThomsons
ASG000di8b,S4/S13/S13_R2/S4_S13_R2_IMAG0520.JPG,gazelleThomsons
ASG000di62,S4/S13/S13_R2/S4_S13_R2_IMAG0521.JPG,gazelleThomsons
ASG000di62,S4/S13/S13_R2/S4_S13_R2_IMAG0522.JPG,gazelleThomsons
ASG000di62,S4/S13/S13_R2/S4_S13_R2_IMAG0523.JPG,gazelleThomsons
ASG000di7v,S4/S13/S13_R2/S4_S13_R2_IMAG0560.JPG,gazelleThomsons
ASG000di7v,S4/S13/S13_R2/S4_S13_R2_IMAG0561.JPG,gazelleThomsons
ASG000di7v,S4/S13/S13_R2/S4_S13_R2_IMAG0562.JPG,gazelleThomsons
ASG000di6z,S4/S13/S13_R2/S4_S13_R2_IMAG0960.JPG,zebra
ASG000di6z,S4/S13/S13_R2/S4_S13_R2_IMAG0961.JPG,zebra
ASG000di6z,S4/S13/S13_R2/S4_S13_R2_IMAG0962.JPG,zebra
ASG000dikv,S4/S13/S13_R2/S4_S13_R2_IMAG1002.JPG,zebra
ASG000dikv,S4/S13/S13_R2/S4_S13_R2_IMAG1003.JPG,zebra
ASG000dikv,S4/S13/S13_R2/S4_S13_R2_IMAG1004.JPG,zebra
ASG000di5c,S4/S13/S13_R2/S4_S13_R2_IMAG1186.JPG,zebra
ASG000di5c,S4/S13/S13_R2/S4_S13_R2_IMAG1187.JPG,zebra
ASG000di5c,S4/S13/S13_R2/S4_S13_R2_IMAG1188.JPG,zebra
ASG000dick,S4/S13/S13_R2/S4_S13_R2_IMAG1222.JPG,zebra
ASG000dick,S4/S13/S13_R2/S4_S13_R2_IMAG1223.JPG,zebra
ASG000dick,S4/S13/S13_R2/S4_S13_R2_IMAG1224.JPG,zebra
ASG000dih8,S4/S13/S13_R2/S4_S13_R2_IMAG1282.JPG,zebra
ASG000dih8,S4/S13/S13_R2/S4_S13_R2_IMAG1283.JPG,zebra
ASG000dih8,S4/S13/S13_R2/S4_S13_R2_IMAG1284.JPG,zebra
ASG000did1,S4/S13/S13_R2/S4_S13_R2_IMAG1300.JPG,zebra
ASG000did1,S4/S13/S13_R2/S4_S13_R2_IMAG1301.JPG,zebra
ASG000did1,S4/S13/S13_R2/S4_S13_R2_IMAG1302.JPG,zebra
ASG000difh,S4/S13/S13_R2/S4_S13_R2_IMAG1309.JPG,zebra
ASG000dili,S4/S13/S13_R2/S4_S13_R2_IMAG1314.JPG,zebra
ASG000di6k,S4/S13/S13_R2/S4_S13_R2_IMAG1356.JPG,zebra
ASG000di6k,S4/S13/S13_R2/S4_S13_R2_IMAG1357.JPG,zebra
ASG000di6k,S4/S13/S13_R2/S4_S13_R2_IMAG1358.JPG,zebra
ASG000di7l,S4/S13/S13_R2/S4_S13_R2_IMAG1428.JPG,zebra
ASG000di7l,S4/S13/S13_R2/S4_S13_R2_IMAG1429.JPG,zebra
ASG000di7l,S4/S13/S13_R2/S4_S13_R2_IMAG1430.JPG,zebra
ASG000dien,S4/S13/S13_R2/S4_S13_R2_IMAG1458.JPG,zebra
ASG000dien,S4/S13/S13_R2/S4_S13_R2_IMAG1459.JPG,zebra
ASG000dien,S4/S13/S13_R2/S4_S13_R2_IMAG1460.JPG,zebra
ASG000dijk,S4/S13/S13_R2/S4_S13_R2_IMAG1506.JPG,zebra
ASG000dijk,S4/S13/S13_R2/S4_S13_R2_IMAG1507.JPG,zebra
ASG000dijk,S4/S13/S13_R2/S4_S13_R2_IMAG1508.JPG,zebra
ASG000dic0,S4/S13/S13_R2/S4_S13_R2_IMAG1524.JPG,zebra
ASG000dic0,S4/S13/S13_R2/S4_S13_R2_IMAG1525.JPG,zebra
ASG000dic0,S4/S13/S13_R2/S4_S13_R2_IMAG1526.JPG,zebra
ASG000dihh,S4/S13/S13_R2/S4_S13_R2_IMAG1557.JPG,zebra
ASG000dihh,S4/S13/S13_R2/S4_S13_R2_IMAG1558.JPG,zebra
ASG000dihh,S4/S13/S13_R2/S4_S13_R2_IMAG1559.JPG,zebra
ASG000di8h,S4/S13/S13_R2/S4_S13_R2_IMAG1577.JPG,zebra
ASG000evmc,S4/T08/T08_R2/S4_T08_R2_IMAG0142.JPG,zebra
ASG000evmc,S4/T08/T08_R2/S4_T08_R2_IMAG0143.JPG,zebra
ASG000evmc,S4/T08/T08_R2/S4_T08_R2_IMAG0144.JPG,zebra
ASG000evn4,S4/T08/T08_R2/S4_T08_R2_IMAG0400.JPG,zebra
ASG000d4bu,S4/T09/T09_R2/S4_T09_R2_IMAG0029.JPG,zebra
ASG000d4bu,S4/T09/T09_R2/S4_T09_R2_IMAG0030.JPG,zebra
ASG000d4bu,S4/T09/T09_R2/S4_T09_R2_IMAG0031.JPG,zebra
ASG000d4b0,S4/T09/T09_R2/S4_T09_R2_IMAG0045.JPG,wildebeest
ASG000d4ij,S4/T09/T09_R2/S4_T09_R2_IMAG0050.JPG,wildebeest
ASG000d4ih,S4/T09/T09_R2/S4_T09_R2_IMAG0086.JPG,wildebeest
ASG000d4i3,S4/T09/T09_R2/S4_T09_R2_IMAG0097.JPG,wildebeest
ASG000d4es,S4/T09/T09_R2/S4_T09_R2_IMAG0098.JPG,wildebeest
ASG000d4a5,S4/T09/T09_R2/S4_T09_R2_IMAG0153.JPG,wildebeest
ASG000d4a5,S4/T09/T09_R2/S4_T09_R2_IMAG0154.JPG,wildebeest
ASG000d4a5,S4/T09/T09_R2/S4_T09_R2_IMAG0155.JPG,wildebeest
ASG000d4d1,S4/T09/T09_R2/S4_T09_R2_IMAG0174.JPG,wildebeest
ASG000d4d1,S4/T09/T09_R2/S4_T09_R2_IMAG0175.JPG,wildebeest
ASG000d4d1,S4/T09/T09_R2/S4_T09_R2_IMAG0176.JPG,wildebeest
ASG000d49s,S4/T09/T09_R2/S4_T09_R2_IMAG0234.JPG,wildebeest
ASG000d49s,S4/T09/T09_R2/S4_T09_R2_IMAG0235.JPG,wildebeest
ASG000d49s,S4/T09/T09_R2/S4_T09_R2_IMAG0236.JPG,wildebeest
ASG000d4g6,S4/T09/T09_R2/S4_T09_R2_IMAG0309.JPG,wildebeest
ASG000d4g6,S4/T09/T09_R2/S4_T09_R2_IMAG0310.JPG,wildebeest
ASG000d4g6,S4/T09/T09_R2/S4_T09_R2_IMAG0311.JPG,wildebeest
ASG000d4bj,S4/T09/T09_R2/S4_T09_R2_IMAG0354.JPG,wildebeest
ASG000d4bj,S4/T09/T09_R2/S4_T09_R2_IMAG0355.JPG,wildebeest
ASG000d4bj,S4/T09/T09_R2/S4_T09_R2_IMAG0356.JPG,wildebeest
ASG000d488,S4/T09/T09_R2/S4_T09_R2_IMAG0369.JPG,wildebeest
ASG000d488,S4/T09/T09_R2/S4_T09_R2_IMAG0370.JPG,wildebeest
ASG000d488,S4/T09/T09_R2/S4_T09_R2_IMAG0371.JPG,wildebeest
ASG000d4gt,S4/T09/T09_R2/S4_T09_R2_IMAG0402.JPG,wildebeest
ASG000d4gt,S4/T09/T09_R2/S4_T09_R2_IMAG0403.JPG,wildebeest
ASG000d4gt,S4/T09/T09_R2/S4_T09_R2_IMAG0404.JPG,wildebeest
ASG000d49g,S4/T09/T09_R2/S4_T09_R2_IMAG0462.JPG,wildebeest
ASG000d49g,S4/T09/T09_R2/S4_T09_R2_IMAG0463.JPG,wildebeest
ASG000d49g,S4/T09/T09_R2/S4_T09_R2_IMAG0464.JPG,wildebeest
ASG000d47g,S4/T09/T09_R2/S4_T09_R2_IMAG0498.JPG,wildebeest
ASG000d47g,S4/T09/T09_R2/S4_T09_R2_IMAG0499.JPG,wildebeest
ASG000d47g,S4/T09/T09_R2/S4_T09_R2_IMAG0500.JPG,wildebeest
ASG000d4h6,S4/T09/T09_R2/S4_T09_R2_IMAG0567.JPG,hartebeest
ASG000d4h6,S4/T09/T09_R2/S4_T09_R2_IMAG0568.JPG,hartebeest
ASG000d4h6,S4/T09/T09_R2/S4_T09_R2_IMAG0569.JPG,hartebeest
ASG000d4ak,S4/T09/T09_R2/S4_T09_R2_IMAG0598.JPG,wildebeest
ASG000d460,S4/T09/T09_R2/S4_T09_R2_IMAG0607.JPG,wildebeest
ASG000d460,S4/T09/T09_R2/S4_T09_R2_IMAG0608.JPG,wildebeest
ASG000d460,S4/T09/T09_R2/S4_T09_R2_IMAG0609.JPG,wildebeest
ASG000d4bz,S4/T09/T09_R2/S4_T09_R2_IMAG0661.JPG,wildebeest
ASG000d4bz,S4/T09/T09_R2/S4_T09_R2_IMAG0662.JPG,wildebeest
ASG000d4bz,S4/T09/T09_R2/S4_T09_R2_IMAG0663.JPG,wildebeest
ASG000d4bv,S4/T09/T09_R2/S4_T09_R2_IMAG0796.JPG,wildebeest
ASG000d4bv,S4/T09/T09_R2/S4_T09_R2_IMAG0797.JPG,wildebeest
ASG000d4bv,S4/T09/T09_R2/S4_T09_R2_IMAG0798.JPG,wildebeest
ASG000d4f3,S4/T09/T09_R2/S4_T09_R2_IMAG0853.JPG,wildebeest
ASG000d4f3,S4/T09/T09_R2/S4_T09_R2_IMAG0854.JPG,wildebeest
ASG000d4f3,S4/T09/T09_R2/S4_T09_R2_IMAG0855.JPG,wildebeest
ASG000d4av,S4/T09/T09_R2/S4_T09_R2_IMAG0886.JPG,wildebeest
ASG000d4av,S4/T09/T09_R2/S4_T09_R2_IMAG0887.JPG,wildebeest
ASG000d4av,S4/T09/T09_R2/S4_T09_R2_IMAG0888.JPG,wildebeest
ASG000d4gx,S4/T09/T09_R2/S4_T09_R2_IMAG0982.JPG,wildebeest
ASG000d4gx,S4/T09/T09_R2/S4_T09_R2_IMAG0983.JPG,wildebeest
ASG000d4gx,S4/T09/T09_R2/S4_T09_R2_IMAG0984.JPG,wildebeest
ASG000d47v,S4/T09/T09_R2/S4_T09_R2_IMAG1073.JPG,zebra
ASG000d47v,S4/T09/T09_R2/S4_T09_R2_IMAG1074.JPG,zebra
ASG000d47v,S4/T09/T09_R2/S4_T09_R2_IMAG1075.JPG,zebra
ASG000dfgu,S4/T10/T10_R2/S4_T10_R2_IMAG0094.JPG,wildebeest
ASG000dfgu,S4/T10/T10_R2/S4_T10_R2_IMAG0095.JPG,wildebeest
ASG000dfgu,S4/T10/T10_R2/S4_T10_R2_IMAG0096.JPG,wildebeest
ASG000dfc3,S4/T10/T10_R2/S4_T10_R2_IMAG0121.JPG,wildebeest
ASG000dfc3,S4/T10/T10_R2/S4_T10_R2_IMAG0122.JPG,wildebeest
ASG000dfc3,S4/T10/T10_R2/S4_T10_R2_IMAG0123.JPG,wildebeest
ASG000dfat,S4/T10/T10_R2/S4_T10_R2_IMAG0145.JPG,wildebeest
ASG000dfat,S4/T10/T10_R2/S4_T10_R2_IMAG0146.JPG,wildebeest
ASG000dfat,S4/T10/T10_R2/S4_T10_R2_IMAG0147.JPG,wildebeest
ASG000dfd9,S4/T10/T10_R2/S4_T10_R2_IMAG0184.JPG,wildebeest
ASG000dfd9,S4/T10/T10_R2/S4_T10_R2_IMAG0185.JPG,wildebeest
ASG000dfd9,S4/T10/T10_R2/S4_T10_R2_IMAG0186.JPG,wildebeest
ASG000df8d,S4/T10/T10_R2/S4_T10_R2_IMAG0211.JPG,wildebeest
ASG000df8d,S4/T10/T10_R2/S4_T10_R2_IMAG0212.JPG,wildebeest
ASG000df8d,S4/T10/T10_R2/S4_T10_R2_IMAG0213.JPG,wildebeest
ASG000dfa0,S4/T10/T10_R2/S4_T10_R2_IMAG0286.JPG,wildebeest
ASG000dfa0,S4/T10/T10_R2/S4_T10_R2_IMAG0287.JPG,wildebeest
ASG000dfa0,S4/T10/T10_R2/S4_T10_R2_IMAG0288.JPG,wildebeest
ASG000dfax,S4/T10/T10_R2/S4_T10_R2_IMAG0307.JPG,wildebeest
ASG000dfax,S4/T10/T10_R2/S4_T10_R2_IMAG0308.JPG,wildebeest
ASG000dfax,S4/T10/T10_R2/S4_T10_R2_IMAG0309.JPG,wildebeest
ASG000dfe6,S4/T10/T10_R2/S4_T10_R2_IMAG0379.JPG,wildebeest
ASG000dfe6,S4/T10/T10_R2/S4_T10_R2_IMAG0380.JPG,wildebeest
ASG000dfe6,S4/T10/T10_R2/S4_T10_R2_IMAG0381.JPG,wildebeest
ASG000df8h,S4/T10/T10_R2/S4_T10_R2_IMAG0398.JPG,wildebeest
ASG000dfd0,S4/T10/T10_R2/S4_T10_R2_IMAG0412.JPG,wildebeest
ASG000dfem,S4/T10/T10_R2/S4_T10_R2_IMAG0428.JPG,zebra
ASG000dfem,S4/T10/T10_R2/S4_T10_R2_IMAG0429.JPG,zebra
ASG000dfem,S4/T10/T10_R2/S4_T10_R2_IMAG0430.JPG,zebra
ASG000df9s,S4/T10/T10_R2/S4_T10_R2_IMAG0431.JPG,zebra
ASG000df9s,S4/T10/T10_R2/S4_T10_R2_IMAG0432.JPG,zebra
ASG000df9s,S4/T10/T10_R2/S4_T10_R2_IMAG0433.JPG,zebra
ASG000dfbr,S4/T10/T10_R2/S4_T10_R2_IMAG0552.JPG,wildebeest
ASG000dfbr,S4/T10/T10_R2/S4_T10_R2_IMAG0553.JPG,wildebeest
ASG000dfbr,S4/T10/T10_R2/S4_T10_R2_IMAG0554.JPG,wildebeest
ASG000dfe4,S4/T10/T10_R2/S4_T10_R2_IMAG0576.JPG,wildebeest
ASG000dfe4,S4/T10/T10_R2/S4_T10_R2_IMAG0577.JPG,wildebeest
ASG000dfe4,S4/T10/T10_R2/S4_T10_R2_IMAG0578.JPG,wildebeest
ASG000dfjv,S4/T10/T10_R2/S4_T10_R2_IMAG0588.JPG,wildebeest
ASG000dfjv,S4/T10/T10_R2/S4_T10_R2_IMAG0589.JPG,wildebeest
ASG000dfjv,S4/T10/T10_R2/S4_T10_R2_IMAG0590.JPG,wildebeest
ASG000dfj8,S4/T10/T10_R2/S4_T10_R2_IMAG0597.JPG,wildebeest
ASG000dfj8,S4/T10/T10_R2/S4_T10_R2_IMAG0598.JPG,wildebeest
ASG000dfj8,S4/T10/T10_R2/S4_T10_R2_IMAG0599.JPG,wildebeest
ASG000dfb3,S4/T10/T10_R2/S4_T10_R2_IMAG0640.JPG,wildebeest
ASG000dfb3,S4/T10/T10_R2/S4_T10_R2_IMAG0641.JPG,wildebeest
ASG000dfb3,S4/T10/T10_R2/S4_T10_R2_IMAG0642.JPG,wildebeest
ASG000dfcv,S4/T10/T10_R2/S4_T10_R2_IMAG0705.JPG,wildebeest
ASG000dfcv,S4/T10/T10_R2/S4_T10_R2_IMAG0706.JPG,wildebeest
ASG000dfcv,S4/T10/T10_R2/S4_T10_R2_IMAG0707.JPG,wildebeest
ASG000df8w,S4/T10/T10_R2/S4_T10_R2_IMAG0780.JPG,wildebeest
ASG000df8w,S4/T10/T10_R2/S4_T10_R2_IMAG0781.JPG,wildebeest
ASG000df8w,S4/T10/T10_R2/S4_T10_R2_IMAG0782.JPG,wildebeest
ASG000dfm5,S4/T10/T10_R2/S4_T10_R2_IMAG0811.JPG,zebra
ASG000dfg7,S4/T10/T10_R2/S4_T10_R2_IMAG0845.JPG,gazelleGrants
ASG000dfdx,S4/T10/T10_R2/S4_T10_R2_IMAG0852.JPG,zebra
ASG000dfgv,S4/T10/T10_R2/S4_T10_R2_IMAG0885.JPG,warthog
ASG000dfgv,S4/T10/T10_R2/S4_T10_R2_IMAG0886.JPG,warthog
ASG000dfgv,S4/T10/T10_R2/S4_T10_R2_IMAG0887.JPG,warthog
ASG000dfhy,S4/T10/T10_R2/S4_T10_R2_IMAG0888.JPG,warthog
ASG000dfhy,S4/T10/T10_R2/S4_T10_R2_IMAG0889.JPG,warthog
ASG000dfhy,S4/T10/T10_R2/S4_T10_R2_IMAG0890.JPG,warthog
ASG000dffl,S4/T10/T10_R2/S4_T10_R2_IMAG0921.JPG,gazelleGrants
ASG000dffl,S4/T10/T10_R2/S4_T10_R2_IMAG0922.JPG,gazelleGrants
ASG000dffl,S4/T10/T10_R2/S4_T10_R2_IMAG0923.JPG,gazelleGrants
ASG000dfl7,S4/T10/T10_R2/S4_T10_R2_IMAG0956.JPG,wildebeest
ASG000dfl7,S4/T10/T10_R2/S4_T10_R2_IMAG0957.JPG,wildebeest
ASG000dfl7,S4/T10/T10_R2/S4_T10_R2_IMAG0958.JPG,wildebeest
ASG000df9i,S4/T10/T10_R2/S4_T10_R2_IMAG0965.JPG,wildebeest
ASG000df9i,S4/T10/T10_R2/S4_T10_R2_IMAG0966.JPG,wildebeest
ASG000df9i,S4/T10/T10_R2/S4_T10_R2_IMAG0967.JPG,wildebeest
ASG000df7y,S4/T10/T10_R2/S4_T10_R2_IMAG0968.JPG,wildebeest
ASG000df7y,S4/T10/T10_R2/S4_T10_R2_IMAG0969.JPG,wildebeest
ASG000df7y,S4/T10/T10_R2/S4_T10_R2_IMAG0970.JPG,wildebeest
ASG000dffw,S4/T10/T10_R2/S4_T10_R2_IMAG0980.JPG,wildebeest
ASG000dffw,S4/T10/T10_R2/S4_T10_R2_IMAG0981.JPG,wildebeest
ASG000dffw,S4/T10/T10_R2/S4_T10_R2_IMAG0982.JPG,wildebeest
ASG000dfen,S4/T10/T10_R2/S4_T10_R2_IMAG1025.JPG,wildebeest
ASG000dfen,S4/T10/T10_R2/S4_T10_R2_IMAG1026.JPG,wildebeest
ASG000dfen,S4/T10/T10_R2/S4_T10_R2_IMAG1027.JPG,wildebeest
ASG000dfkt,S4/T10/T10_R2/S4_T10_R2_IMAG1073.JPG,wildebeest
ASG000dfkt,S4/T10/T10_R2/S4_T10_R2_IMAG1074.JPG,wildebeest
ASG000dfkt,S4/T10/T10_R2/S4_T10_R2_IMAG1075.JPG,wildebeest
ASG000df9j,S4/T10/T10_R2/S4_T10_R2_IMAG1091.JPG,wildebeest
ASG000df9j,S4/T10/T10_R2/S4_T10_R2_IMAG1092.JPG,wildebeest
ASG000df9j,S4/T10/T10_R2/S4_T10_R2_IMAG1093.JPG,wildebeest
ASG000dffj,S4/T10/T10_R2/S4_T10_R2_IMAG1118.JPG,wildebeest
ASG000dffj,S4/T10/T10_R2/S4_T10_R2_IMAG1119.JPG,wildebeest
ASG000dffj,S4/T10/T10_R2/S4_T10_R2_IMAG1120.JPG,wildebeest
ASG000dfbo,S4/T10/T10_R2/S4_T10_R2_IMAG1121.JPG,wildebeest
ASG000dfbo,S4/T10/T10_R2/S4_T10_R2_IMAG1122.JPG,wildebeest
ASG000dfbo,S4/T10/T10_R2/S4_T10_R2_IMAG1123.JPG,wildebeest
ASG000dfmp,S4/T10/T10_R2/S4_T10_R2_IMAG1207.JPG,wildebeest
ASG000dfme,S4/T10/T10_R2/S4_T10_R2_IMAG1218.JPG,wildebeest
ASG000dfn0,S4/T10/T10_R2/S4_T10_R2_IMAG1235.JPG,wildebeest
ASG000dffy,S4/T10/T10_R2/S4_T10_R2_IMAG1239.JPG,wildebeest
ASG000dfal,S4/T10/T10_R2/S4_T10_R2_IMAG1292.JPG,zebra
ASG000dfal,S4/T10/T10_R2/S4_T10_R2_IMAG1293.JPG,zebra
ASG000dfal,S4/T10/T10_R2/S4_T10_R2_IMAG1294.JPG,zebra
ASG000emvf,S4/T11/T11_R2/S4_T11_R2_IMAG0087.JPG,gazelleThomsons
ASG000emvf,S4/T11/T11_R2/S4_T11_R2_IMAG0088.JPG,gazelleThomsons
ASG000emvf,S4/T11/T11_R2/S4_T11_R2_IMAG0089.JPG,gazelleThomsons
ASG000emxo,S4/T11/T11_R2/S4_T11_R2_IMAG0108.JPG,gazelleThomsons
ASG000emxo,S4/T11/T11_R2/S4_T11_R2_IMAG0109.JPG,gazelleThomsons
ASG000emxo,S4/T11/T11_R2/S4_T11_R2_IMAG0110.JPG,gazelleThomsons
ASG000emmn,S4/T11/T11_R2/S4_T11_R2_IMAG0111.JPG,gazelleThomsons
ASG000emmn,S4/T11/T11_R2/S4_T11_R2_IMAG0112.JPG,gazelleThomsons
ASG000emmn,S4/T11/T11_R2/S4_T11_R2_IMAG0113.JPG,gazelleThomsons
ASG000en5h,S4/T11/T11_R2/S4_T11_R2_IMAG0153.JPG,gazelleGrants
ASG000en5h,S4/T11/T11_R2/S4_T11_R2_IMAG0154.JPG,gazelleGrants
ASG000en5h,S4/T11/T11_R2/S4_T11_R2_IMAG0155.JPG,gazelleGrants
ASG000empc,S4/T11/T11_R2/S4_T11_R2_IMAG0156.JPG,gazelleGrants
ASG000empc,S4/T11/T11_R2/S4_T11_R2_IMAG0157.JPG,gazelleGrants
ASG000empc,S4/T11/T11_R2/S4_T11_R2_IMAG0158.JPG,gazelleGrants
ASG000emt1,S4/T11/T11_R2/S4_T11_R2_IMAG0195.JPG,zebra
ASG000emt1,S4/T11/T11_R2/S4_T11_R2_IMAG0196.JPG,zebra
ASG000emt1,S4/T11/T11_R2/S4_T11_R2_IMAG0197.JPG,zebra
ASG000en1p,S4/T11/T11_R2/S4_T11_R2_IMAG0342.JPG,wildebeest
ASG000en1p,S4/T11/T11_R2/S4_T11_R2_IMAG0343.JPG,wildebeest
ASG000en1p,S4/T11/T11_R2/S4_T11_R2_IMAG0344.JPG,wildebeest
ASG000emzl,S4/T11/T11_R2/S4_T11_R2_IMAG0354.JPG,wildebeest
ASG000emzl,S4/T11/T11_R2/S4_T11_R2_IMAG0355.JPG,wildebeest
ASG000emzl,S4/T11/T11_R2/S4_T11_R2_IMAG0356.JPG,wildebeest
ASG000emza,S4/T11/T11_R2/S4_T11_R2_IMAG0378.JPG,wildebeest
ASG000emza,S4/T11/T11_R2/S4_T11_R2_IMAG0379.JPG,wildebeest
ASG000emza,S4/T11/T11_R2/S4_T11_R2_IMAG0380.JPG,wildebeest
ASG000emnx,S4/T11/T11_R2/S4_T11_R2_IMAG0387.JPG,wildebeest
ASG000emnx,S4/T11/T11_R2/S4_T11_R2_IMAG0388.JPG,wildebeest
ASG000emnx,S4/T11/T11_R2/S4_T11_R2_IMAG0389.JPG,wildebeest
ASG000emxh,S4/T11/T11_R2/S4_T11_R2_IMAG0396.JPG,wildebeest
ASG000emxh,S4/T11/T11_R2/S4_T11_R2_IMAG0397.JPG,wildebeest
ASG000emxh,S4/T11/T11_R2/S4_T11_R2_IMAG0398.JPG,wildebeest
ASG000en6d,S4/T11/T11_R2/S4_T11_R2_IMAG0417.JPG,wildebeest
ASG000en6d,S4/T11/T11_R2/S4_T11_R2_IMAG0418.JPG,wildebeest
ASG000en6d,S4/T11/T11_R2/S4_T11_R2_IMAG0419.JPG,wildebeest
ASG000emrk,S4/T11/T11_R2/S4_T11_R2_IMAG0477.JPG,wildebeest
ASG000emrk,S4/T11/T11_R2/S4_T11_R2_IMAG0478.JPG,wildebeest
ASG000emrk,S4/T11/T11_R2/S4_T11_R2_IMAG0479.JPG,wildebeest
ASG000en0a,S4/T11/T11_R2/S4_T11_R2_IMAG0495.JPG,wildebeest
ASG000en0a,S4/T11/T11_R2/S4_T11_R2_IMAG0496.JPG,wildebeest
ASG000en0a,S4/T11/T11_R2/S4_T11_R2_IMAG0497.JPG,wildebeest
ASG000emlx,S4/T11/T11_R2/S4_T11_R2_IMAG0615.JPG,wildebeest
ASG000emlx,S4/T11/T11_R2/S4_T11_R2_IMAG0616.JPG,wildebeest
ASG000emlx,S4/T11/T11_R2/S4_T11_R2_IMAG0617.JPG,wildebeest
ASG000en0p,S4/T11/T11_R2/S4_T11_R2_IMAG0639.JPG,wildebeest
ASG000en0p,S4/T11/T11_R2/S4_T11_R2_IMAG0640.JPG,wildebeest
ASG000en0p,S4/T11/T11_R2/S4_T11_R2_IMAG0641.JPG,wildebeest
ASG000emzr,S4/T11/T11_R2/S4_T11_R2_IMAG0724.JPG,wildebeest
ASG000emzr,S4/T11/T11_R2/S4_T11_R2_IMAG0725.JPG,wildebeest
ASG000emzr,S4/T11/T11_R2/S4_T11_R2_IMAG0726.JPG,wildebeest
ASG000emyw,S4/T11/T11_R2/S4_T11_R2_IMAG0745.JPG,wildebeest
ASG000emyw,S4/T11/T11_R2/S4_T11_R2_IMAG0746.JPG,wildebeest
ASG000emyw,S4/T11/T11_R2/S4_T11_R2_IMAG0747.JPG,wildebeest
ASG000en3q,S4/T11/T11_R2/S4_T11_R2_IMAG0763.JPG,wildebeest
ASG000en3q,S4/T11/T11_R2/S4_T11_R2_IMAG0764.JPG,wildebeest
ASG000en3q,S4/T11/T11_R2/S4_T11_R2_IMAG0765.JPG,wildebeest
ASG000emmw,S4/T11/T11_R2/S4_T11_R2_IMAG0825.JPG,wildebeest
ASG000emmw,S4/T11/T11_R2/S4_T11_R2_IMAG0826.JPG,wildebeest
ASG000emmw,S4/T11/T11_R2/S4_T11_R2_IMAG0827.JPG,wildebeest
ASG000emlm,S4/T11/T11_R2/S4_T11_R2_IMAG0854.JPG,zebra
ASG000emtt,S4/T11/T11_R2/S4_T11_R2_IMAG1127.JPG,wildebeest
ASG000en22,S4/T11/T11_R2/S4_T11_R2_IMAG1349.JPG,wildebeest
ASG000en22,S4/T11/T11_R2/S4_T11_R2_IMAG1350.JPG,wildebeest
ASG000en22,S4/T11/T11_R2/S4_T11_R2_IMAG1351.JPG,wildebeest
ASG000emzm,S4/T11/T11_R2/S4_T11_R2_IMAG1355.JPG,wildebeest
ASG000emzm,S4/T11/T11_R2/S4_T11_R2_IMAG1356.JPG,wildebeest
ASG000emzm,S4/T11/T11_R2/S4_T11_R2_IMAG1357.JPG,wildebeest
ASG000emlz,S4/T11/T11_R2/S4_T11_R2_IMAG1393.JPG,wildebeest
ASG000en9g,S4/T11/T11_R2/S4_T11_R2_IMAG1405.JPG,wildebeest
ASG000emlb,S4/T11/T11_R2/S4_T11_R2_IMAG1515.JPG,wildebeest
ASG000emlb,S4/T11/T11_R2/S4_T11_R2_IMAG1516.JPG,wildebeest
ASG000emlb,S4/T11/T11_R2/S4_T11_R2_IMAG1517.JPG,wildebeest
ASG000empt,S4/T11/T11_R2/S4_T11_R2_IMAG1524.JPG,wildebeest
ASG000empt,S4/T11/T11_R2/S4_T11_R2_IMAG1525.JPG,wildebeest
ASG000empt,S4/T11/T11_R2/S4_T11_R2_IMAG1526.JPG,wildebeest
ASG000en5c,S4/T11/T11_R2/S4_T11_R2_IMAG1630.JPG,zebra
ASG000emq6,S4/T11/T11_R2/S4_T11_R2_IMAG1715.JPG,gazelleGrants
ASG000emq6,S4/T11/T11_R2/S4_T11_R2_IMAG1716.JPG,gazelleGrants
ASG000emq6,S4/T11/T11_R2/S4_T11_R2_IMAG1717.JPG,gazelleGrants
ASG000emsg,S4/T11/T11_R2/S4_T11_R2_IMAG1817.JPG,gazelleGrants
ASG000emsg,S4/T11/T11_R2/S4_T11_R2_IMAG1818.JPG,gazelleGrants
ASG000emsg,S4/T11/T11_R2/S4_T11_R2_IMAG1819.JPG,gazelleGrants
ASG000emqu,S4/T11/T11_R2/S4_T11_R2_IMAG1874.JPG,gazelleThomsons
ASG000emqu,S4/T11/T11_R2/S4_T11_R2_IMAG1875.JPG,gazelleThomsons
ASG000emqu,S4/T11/T11_R2/S4_T11_R2_IMAG1876.JPG,gazelleThomsons
ASG000emko,S4/T11/T11_R2/S4_T11_R2_IMAG1889.JPG,gazelleThomsons
ASG000emko,S4/T11/T11_R2/S4_T11_R2_IMAG1890.JPG,gazelleThomsons
ASG000emko,S4/T11/T11_R2/S4_T11_R2_IMAG1891.JPG,gazelleThomsons
ASG000emsb,S4/T11/T11_R2/S4_T11_R2_IMAG1940.JPG,gazelleThomsons
ASG000emsb,S4/T11/T11_R2/S4_T11_R2_IMAG1941.JPG,gazelleThomsons
ASG000emsb,S4/T11/T11_R2/S4_T11_R2_IMAG1942.JPG,gazelleThomsons
ASG000en1q,S4/T11/T11_R2/S4_T11_R2_IMAG2077.JPG,zebra
ASG000en87,S4/T11/T11_R2/S4_T11_R2_IMAG2095.JPG,wildebeest
ASG000en0j,S4/T11/T11_R2/S4_T11_R2_IMAG2125.JPG,wildebeest
ASG000en0j,S4/T11/T11_R2/S4_T11_R2_IMAG2126.JPG,wildebeest
ASG000en0j,S4/T11/T11_R2/S4_T11_R2_IMAG2127.JPG,wildebeest
ASG000emqi,S4/T11/T11_R2/S4_T11_R2_IMAG2173.JPG,zebra
ASG000emqi,S4/T11/T11_R2/S4_T11_R2_IMAG2174.JPG,zebra
ASG000emqi,S4/T11/T11_R2/S4_T11_R2_IMAG2175.JPG,zebra
ASG000en3k,S4/T11/T11_R2/S4_T11_R2_IMAG2203.JPG,zebra
ASG000en3k,S4/T11/T11_R2/S4_T11_R2_IMAG2204.JPG,zebra
ASG000en3k,S4/T11/T11_R2/S4_T11_R2_IMAG2205.JPG,zebra
ASG000dofw,S4/T12/T12_R2/S4_T12_R2_IMAG0010.JPG,zebra
ASG000do2h,S4/T12/T12_R2/S4_T12_R2_IMAG0229.JPG,gazelleGrants
ASG000do2h,S4/T12/T12_R2/S4_T12_R2_IMAG0230.JPG,gazelleGrants
ASG000do2h,S4/T12/T12_R2/S4_T12_R2_IMAG0231.JPG,gazelleGrants
ASG000do08,S4/T12/T12_R2/S4_T12_R2_IMAG0301.JPG,gazelleThomsons
ASG000do08,S4/T12/T12_R2/S4_T12_R2_IMAG0302.JPG,gazelleThomsons
ASG000do08,S4/T12/T12_R2/S4_T12_R2_IMAG0303.JPG,gazelleThomsons
ASG000doa2,S4/T12/T12_R2/S4_T12_R2_IMAG0313.JPG,gazelleThomsons
ASG000dofk,S4/T12/T12_R2/S4_T12_R2_IMAG0323.JPG,zebra
ASG000dnzi,S4/T12/T12_R2/S4_T12_R2_IMAG0755.JPG,gazelleGrants
ASG000dnzi,S4/T12/T12_R2/S4_T12_R2_IMAG0756.JPG,gazelleGrants
ASG000dnzi,S4/T12/T12_R2/S4_T12_R2_IMAG0757.JPG,gazelleGrants
ASG000dod9,S4/T12/T12_R2/S4_T12_R2_IMAG0767.JPG,gazelleGrants
ASG000dod9,S4/T12/T12_R2/S4_T12_R2_IMAG0768.JPG,gazelleGrants
ASG000dod9,S4/T12/T12_R2/S4_T12_R2_IMAG0769.JPG,gazelleGrants
ASG000do79,S4/T12/T12_R2/S4_T12_R2_IMAG0880.JPG,zebra
ASG000do79,S4/T12/T12_R2/S4_T12_R2_IMAG0881.JPG,zebra
ASG000do79,S4/T12/T12_R2/S4_T12_R2_IMAG0882.JPG,zebra
ASG000do41,S4/T12/T12_R2/S4_T12_R2_IMAG1009.JPG,hartebeest
ASG000do41,S4/T12/T12_R2/S4_T12_R2_IMAG1010.JPG,hartebeest
ASG000do41,S4/T12/T12_R2/S4_T12_R2_IMAG1011.JPG,hartebeest
ASG000dofm,S4/T12/T12_R2/S4_T12_R2_IMAG1053.JPG,zebra
ASG000do7s,S4/T12/T12_R2/S4_T12_R2_IMAG1070.JPG,zebra
ASG000do7s,S4/T12/T12_R2/S4_T12_R2_IMAG1071.JPG,zebra
ASG000do7s,S4/T12/T12_R2/S4_T12_R2_IMAG1072.JPG,zebra
ASG000do8v,S4/T12/T12_R2/S4_T12_R2_IMAG1094.JPG,zebra
ASG000do8v,S4/T12/T12_R2/S4_T12_R2_IMAG1095.JPG,zebra
ASG000do8v,S4/T12/T12_R2/S4_T12_R2_IMAG1096.JPG,zebra
ASG000doeh,S4/T12/T12_R2/S4_T12_R2_IMAG1112.JPG,zebra
ASG000doeh,S4/T12/T12_R2/S4_T12_R2_IMAG1113.JPG,zebra
ASG000doeh,S4/T12/T12_R2/S4_T12_R2_IMAG1114.JPG,zebra
ASG000do8b,S4/T12/T12_R2/S4_T12_R2_IMAG1201.JPG,zebra
ASG000do8b,S4/T12/T12_R2/S4_T12_R2_IMAG1202.JPG,zebra
ASG000do8b,S4/T12/T12_R2/S4_T12_R2_IMAG1203.JPG,zebra
ASG000do9n,S4/T12/T12_R2/S4_T12_R2_IMAG1219.JPG,zebra
ASG000do9n,S4/T12/T12_R2/S4_T12_R2_IMAG1220.JPG,zebra
ASG000do9n,S4/T12/T12_R2/S4_T12_R2_IMAG1221.JPG,zebra
ASG000doa6,S4/T12/T12_R2/S4_T12_R2_IMAG1225.JPG,zebra
ASG000doa6,S4/T12/T12_R2/S4_T12_R2_IMAG1226.JPG,zebra
ASG000doa6,S4/T12/T12_R2/S4_T12_R2_IMAG1227.JPG,zebra
ASG000do4y,S4/T12/T12_R2/S4_T12_R2_IMAG1258.JPG,gazelleGrants
ASG000do4y,S4/T12/T12_R2/S4_T12_R2_IMAG1259.JPG,gazelleGrants
ASG000do4y,S4/T12/T12_R2/S4_T12_R2_IMAG1260.JPG,gazelleGrants
ASG000do3d,S4/T12/T12_R2/S4_T12_R2_IMAG1308.JPG,zebra
ASG000do3d,S4/T12/T12_R2/S4_T12_R2_IMAG1309.JPG,zebra
ASG000do3d,S4/T12/T12_R2/S4_T12_R2_IMAG1310.JPG,zebra
ASG000dnxl,S4/T12/T12_R2/S4_T12_R2_IMAG1356.JPG,zebra
ASG000do6k,S4/T12/T12_R2/S4_T12_R2_IMAG1391.JPG,gazelleGrants
ASG000do6k,S4/T12/T12_R2/S4_T12_R2_IMAG1392.JPG,gazelleGrants
ASG000do6k,S4/T12/T12_R2/S4_T12_R2_IMAG1393.JPG,gazelleGrants
ASG000do7y,S4/T12/T12_R2/S4_T12_R2_IMAG1461.JPG,gazelleGrants
ASG000do7y,S4/T12/T12_R2/S4_T12_R2_IMAG1462.JPG,gazelleGrants
ASG000do7y,S4/T12/T12_R2/S4_T12_R2_IMAG1463.JPG,gazelleGrants
ASG000dodb,S4/T12/T12_R2/S4_T12_R2_IMAG1546.JPG,gazelleThomsons
ASG000dodb,S4/T12/T12_R2/S4_T12_R2_IMAG1547.JPG,gazelleThomsons
ASG000dodb,S4/T12/T12_R2/S4_T12_R2_IMAG1548.JPG,gazelleThomsons
ASG000do1w,S4/T12/T12_R2/S4_T12_R2_IMAG1703.JPG,zebra
ASG000do1w,S4/T12/T12_R2/S4_T12_R2_IMAG1704.JPG,zebra
ASG000do1w,S4/T12/T12_R2/S4_T12_R2_IMAG1705.JPG,zebra
ASG000dnyr,S4/T12/T12_R2/S4_T12_R2_IMAG1728.JPG,zebra
ASG000dnyr,S4/T12/T12_R2/S4_T12_R2_IMAG1729.JPG,zebra
ASG000dnyr,S4/T12/T12_R2/S4_T12_R2_IMAG1730.JPG,zebra
ASG000do93,S4/T12/T12_R2/S4_T12_R2_IMAG1734.JPG,zebra
ASG000do93,S4/T12/T12_R2/S4_T12_R2_IMAG1735.JPG,zebra
ASG000do93,S4/T12/T12_R2/S4_T12_R2_IMAG1736.JPG,zebra
ASG000dnz4,S4/T12/T12_R2/S4_T12_R2_IMAG1740.JPG,zebra
ASG000dnz4,S4/T12/T12_R2/S4_T12_R2_IMAG1741.JPG,zebra
ASG000dnz4,S4/T12/T12_R2/S4_T12_R2_IMAG1742.JPG,zebra
ASG000c2wg,S4/T13/T13_R2/S4_T13_R2_IMAG0051.JPG,zebra
ASG000c2wg,S4/T13/T13_R2/S4_T13_R2_IMAG0052.JPG,zebra
ASG000c2wg,S4/T13/T13_R2/S4_T13_R2_IMAG0053.JPG,zebra
ASG000c2wa,S4/T13/T13_R2/S4_T13_R2_IMAG0078.JPG,zebra
ASG000c2wa,S4/T13/T13_R2/S4_T13_R2_IMAG0079.JPG,zebra
ASG000c2wa,S4/T13/T13_R2/S4_T13_R2_IMAG0080.JPG,zebra
ASG000c3cp,S4/T13/T13_R2/S4_T13_R2_IMAG0090.JPG,zebra
ASG000c3cp,S4/T13/T13_R2/S4_T13_R2_IMAG0091.JPG,zebra
ASG000c3cp,S4/T13/T13_R2/S4_T13_R2_IMAG0092.JPG,zebra
ASG000c3q5,S4/T13/T13_R2/S4_T13_R2_IMAG0141.JPG,zebra
ASG000c3q5,S4/T13/T13_R2/S4_T13_R2_IMAG0142.JPG,zebra
ASG000c3q5,S4/T13/T13_R2/S4_T13_R2_IMAG0143.JPG,zebra
ASG000c2u8,S4/T13/T13_R2/S4_T13_R2_IMAG0189.JPG,zebra
ASG000c2u8,S4/T13/T13_R2/S4_T13_R2_IMAG0190.JPG,zebra
ASG000c2u8,S4/T13/T13_R2/S4_T13_R2_IMAG0191.JPG,zebra
ASG000c3g3,S4/T13/T13_R2/S4_T13_R2_IMAG0295.JPG,zebra
ASG000c3g3,S4/T13/T13_R2/S4_T13_R2_IMAG0296.JPG,zebra
ASG000c3g3,S4/T13/T13_R2/S4_T13_R2_IMAG0297.JPG,zebra
ASG000c2zu,S4/T13/T13_R2/S4_T13_R2_IMAG0339.JPG,zebra
ASG000c2zu,S4/T13/T13_R2/S4_T13_R2_IMAG0340.JPG,zebra
ASG000c2zu,S4/T13/T13_R2/S4_T13_R2_IMAG0341.JPG,zebra
ASG000c2t2,S4/T13/T13_R2/S4_T13_R2_IMAG0372.JPG,zebra
ASG000c2t2,S4/T13/T13_R2/S4_T13_R2_IMAG0373.JPG,zebra
ASG000c2t2,S4/T13/T13_R2/S4_T13_R2_IMAG0374.JPG,zebra
ASG000c2wl,S4/T13/T13_R2/S4_T13_R2_IMAG0397.JPG,wildebeest
ASG000c2wl,S4/T13/T13_R2/S4_T13_R2_IMAG0398.JPG,wildebeest
ASG000c2wl,S4/T13/T13_R2/S4_T13_R2_IMAG0399.JPG,wildebeest
ASG000c2tm,S4/T13/T13_R2/S4_T13_R2_IMAG0403.JPG,wildebeest
ASG000c2tm,S4/T13/T13_R2/S4_T13_R2_IMAG0404.JPG,wildebeest
ASG000c2tm,S4/T13/T13_R2/S4_T13_R2_IMAG0405.JPG,wildebeest
ASG000c34u,S4/T13/T13_R2/S4_T13_R2_IMAG0442.JPG,wildebeest
ASG000c34u,S4/T13/T13_R2/S4_T13_R2_IMAG0443.JPG,wildebeest
ASG000c34u,S4/T13/T13_R2/S4_T13_R2_IMAG0444.JPG,wildebeest
ASG000c3fr,S4/T13/T13_R2/S4_T13_R2_IMAG0468.JPG,wildebeest
ASG000c2vh,S4/T13/T13_R2/S4_T13_R2_IMAG0566.JPG,wildebeest
ASG000c2vh,S4/T13/T13_R2/S4_T13_R2_IMAG0567.JPG,wildebeest
ASG000c2vh,S4/T13/T13_R2/S4_T13_R2_IMAG0568.JPG,wildebeest
ASG000c3lb,S4/T13/T13_R2/S4_T13_R2_IMAG0593.JPG,wildebeest
ASG000c3lb,S4/T13/T13_R2/S4_T13_R2_IMAG0594.JPG,wildebeest
ASG000c3lb,S4/T13/T13_R2/S4_T13_R2_IMAG0595.JPG,wildebeest
ASG000c3ds,S4/T13/T13_R2/S4_T13_R2_IMAG0611.JPG,wildebeest
ASG000c3ds,S4/T13/T13_R2/S4_T13_R2_IMAG0612.JPG,wildebeest
ASG000c3ds,S4/T13/T13_R2/S4_T13_R2_IMAG0613.JPG,wildebeest
ASG000c49c,S4/T13/T13_R2/S4_T13_R2_IMAG0632.JPG,gazelleThomsons
ASG000c49c,S4/T13/T13_R2/S4_T13_R2_IMAG0633.JPG,gazelleThomsons
ASG000c49c,S4/T13/T13_R2/S4_T13_R2_IMAG0634.JPG,gazelleThomsons
ASG000c3vg,S4/T13/T13_R2/S4_T13_R2_IMAG0739.JPG,gazelleThomsons
ASG000c3vg,S4/T13/T13_R2/S4_T13_R2_IMAG0740.JPG,gazelleThomsons
ASG000c3vg,S4/T13/T13_R2/S4_T13_R2_IMAG0741.JPG,gazelleThomsons
ASG000c2z7,S4/T13/T13_R2/S4_T13_R2_IMAG0839.JPG,gazelleThomsons
ASG000c2z7,S4/T13/T13_R2/S4_T13_R2_IMAG0840.JPG,gazelleThomsons
ASG000c2z7,S4/T13/T13_R2/S4_T13_R2_IMAG0841.JPG,gazelleThomsons
ASG000c469,S4/T13/T13_R2/S4_T13_R2_IMAG0896.JPG,gazelleThomsons
ASG000c469,S4/T13/T13_R2/S4_T13_R2_IMAG0897.JPG,gazelleThomsons
ASG000c469,S4/T13/T13_R2/S4_T13_R2_IMAG0898.JPG,gazelleThomsons
ASG000c3it,S4/T13/T13_R2/S4_T13_R2_IMAG0938.JPG,gazelleThomsons
ASG000c3it,S4/T13/T13_R2/S4_T13_R2_IMAG0939.JPG,gazelleThomsons
ASG000c3it,S4/T13/T13_R2/S4_T13_R2_IMAG0940.JPG,gazelleThomsons
ASG000c49e,S4/T13/T13_R2/S4_T13_R2_IMAG0956.JPG,gazelleThomsons
ASG000c49e,S4/T13/T13_R2/S4_T13_R2_IMAG0957.JPG,gazelleThomsons
ASG000c49e,S4/T13/T13_R2/S4_T13_R2_IMAG0958.JPG,gazelleThomsons
ASG000c2uj,S4/T13/T13_R2/S4_T13_R2_IMAG0980.JPG,gazelleThomsons
ASG000c2uj,S4/T13/T13_R2/S4_T13_R2_IMAG0981.JPG,gazelleThomsons
ASG000c2uj,S4/T13/T13_R2/S4_T13_R2_IMAG0982.JPG,gazelleThomsons
ASG000c498,S4/T13/T13_R2/S4_T13_R2_IMAG0986.JPG,wildebeest
ASG000c498,S4/T13/T13_R2/S4_T13_R2_IMAG0987.JPG,wildebeest
ASG000c498,S4/T13/T13_R2/S4_T13_R2_IMAG0988.JPG,wildebeest
ASG000c3zr,S4/T13/T13_R2/S4_T13_R2_IMAG1063.JPG,gazelleThomsons
ASG000c3zr,S4/T13/T13_R2/S4_T13_R2_IMAG1064.JPG,gazelleThomsons
ASG000c3zr,S4/T13/T13_R2/S4_T13_R2_IMAG1065.JPG,gazelleThomsons
ASG000c479,S4/T13/T13_R2/S4_T13_R2_IMAG1117.JPG,gazelleThomsons
ASG000c479,S4/T13/T13_R2/S4_T13_R2_IMAG1118.JPG,gazelleThomsons
ASG000c479,S4/T13/T13_R2/S4_T13_R2_IMAG1119.JPG,gazelleThomsons
ASG000c48r,S4/T13/T13_R2/S4_T13_R2_IMAG1208.JPG,gazelleThomsons
ASG000c48r,S4/T13/T13_R2/S4_T13_R2_IMAG1209.JPG,gazelleThomsons
ASG000c48r,S4/T13/T13_R2/S4_T13_R2_IMAG1210.JPG,gazelleThomsons
ASG000c3eo,S4/T13/T13_R2/S4_T13_R2_IMAG1253.JPG,gazelleThomsons
ASG000c3eo,S4/T13/T13_R2/S4_T13_R2_IMAG1254.JPG,gazelleThomsons
ASG000c3eo,S4/T13/T13_R2/S4_T13_R2_IMAG1255.JPG,gazelleThomsons
ASG000c2lp,S4/T13/T13_R2/S4_T13_R2_IMAG1313.JPG,gazelleThomsons
ASG000c2lp,S4/T13/T13_R2/S4_T13_R2_IMAG1314.JPG,gazelleThomsons
ASG000c2lp,S4/T13/T13_R2/S4_T13_R2_IMAG1315.JPG,gazelleThomsons
ASG000c31z,S4/T13/T13_R2/S4_T13_R2_IMAG1319.JPG,gazelleThomsons
ASG000c31z,S4/T13/T13_R2/S4_T13_R2_IMAG1320.JPG,gazelleThomsons
ASG000c31z,S4/T13/T13_R2/S4_T13_R2_IMAG1321.JPG,gazelleThomsons
ASG000c2yo,S4/T13/T13_R2/S4_T13_R2_IMAG1382.JPG,gazelleThomsons
ASG000c2yo,S4/T13/T13_R2/S4_T13_R2_IMAG1383.JPG,gazelleThomsons
ASG000c2yo,S4/T13/T13_R2/S4_T13_R2_IMAG1384.JPG,gazelleThomsons
ASG000c471,S4/T13/T13_R2/S4_T13_R2_IMAG1388.JPG,gazelleThomsons
ASG000c471,S4/T13/T13_R2/S4_T13_R2_IMAG1389.JPG,gazelleThomsons
ASG000c471,S4/T13/T13_R2/S4_T13_R2_IMAG1390.JPG,gazelleThomsons
ASG000c3ch,S4/T13/T13_R2/S4_T13_R2_IMAG1516.JPG,gazelleThomsons
ASG000c3ch,S4/T13/T13_R2/S4_T13_R2_IMAG1517.JPG,gazelleThomsons
ASG000c3ch,S4/T13/T13_R2/S4_T13_R2_IMAG1518.JPG,gazelleThomsons
ASG000c47z,S4/T13/T13_R2/S4_T13_R2_IMAG1612.JPG,gazelleThomsons
ASG000c47z,S4/T13/T13_R2/S4_T13_R2_IMAG1613.JPG,gazelleThomsons
ASG000c47z,S4/T13/T13_R2/S4_T13_R2_IMAG1614.JPG,gazelleThomsons
ASG000c2tv,S4/T13/T13_R2/S4_T13_R2_IMAG1624.JPG,gazelleThomsons
ASG000c2tv,S4/T13/T13_R2/S4_T13_R2_IMAG1625.JPG,gazelleThomsons
ASG000c2tv,S4/T13/T13_R2/S4_T13_R2_IMAG1626.JPG,gazelleThomsons
ASG000c3fw,S4/T13/T13_R2/S4_T13_R2_IMAG1648.JPG,gazelleThomsons
ASG000c3fw,S4/T13/T13_R2/S4_T13_R2_IMAG1649.JPG,gazelleThomsons
ASG000c3fw,S4/T13/T13_R2/S4_T13_R2_IMAG1650.JPG,gazelleThomsons
ASG000c3nx,S4/T13/T13_R2/S4_T13_R2_IMAG1660.JPG,gazelleThomsons
ASG000c3nx,S4/T13/T13_R2/S4_T13_R2_IMAG1661.JPG,gazelleThomsons
ASG000c3nx,S4/T13/T13_R2/S4_T13_R2_IMAG1662.JPG,gazelleThomsons
ASG000c3rl,S4/T13/T13_R2/S4_T13_R2_IMAG1684.JPG,gazelleThomsons
ASG000c3rl,S4/T13/T13_R2/S4_T13_R2_IMAG1685.JPG,gazelleThomsons
ASG000c3rl,S4/T13/T13_R2/S4_T13_R2_IMAG1686.JPG,gazelleThomsons
ASG000c318,S4/T13/T13_R2/S4_T13_R2_IMAG1900.JPG,gazelleThomsons
ASG000c318,S4/T13/T13_R2/S4_T13_R2_IMAG1901.JPG,gazelleThomsons
ASG000c318,S4/T13/T13_R2/S4_T13_R2_IMAG1902.JPG,gazelleThomsons
ASG000c3al,S4/T13/T13_R2/S4_T13_R2_IMAG2285.JPG,gazelleThomsons
ASG000c3al,S4/T13/T13_R2/S4_T13_R2_IMAG2286.JPG,gazelleThomsons
ASG000c3al,S4/T13/T13_R2/S4_T13_R2_IMAG2287.JPG,gazelleThomsons
ASG000c31p,S4/T13/T13_R2/S4_T13_R2_IMAG2309.JPG,gazelleThomsons
ASG000c31p,S4/T13/T13_R2/S4_T13_R2_IMAG2310.JPG,gazelleThomsons
ASG000c31p,S4/T13/T13_R2/S4_T13_R2_IMAG2311.JPG,gazelleThomsons
ASG000c4bj,S4/T13/T13_R2/S4_T13_R2_IMAG3023.JPG,gazelleThomsons
ASG000c4bj,S4/T13/T13_R2/S4_T13_R2_IMAG3024.JPG,gazelleThomsons
ASG000c4bj,S4/T13/T13_R2/S4_T13_R2_IMAG3025.JPG,gazelleThomsons
ASG000c3lz,S4/T13/T13_R2/S4_T13_R2_IMAG3035.JPG,gazelleGrants
ASG000c3lz,S4/T13/T13_R2/S4_T13_R2_IMAG3036.JPG,gazelleGrants
ASG000c3lz,S4/T13/T13_R2/S4_T13_R2_IMAG3037.JPG,gazelleGrants
ASG000c2wh,S4/T13/T13_R2/S4_T13_R2_IMAG3143.JPG,gazelleThomsons
ASG000c2wh,S4/T13/T13_R2/S4_T13_R2_IMAG3144.JPG,gazelleThomsons
ASG000c2wh,S4/T13/T13_R2/S4_T13_R2_IMAG3145.JPG,gazelleThomsons
ASG000c3y2,S4/T13/T13_R2/S4_T13_R2_IMAG3206.JPG,gazelleThomsons
ASG000c3y2,S4/T13/T13_R2/S4_T13_R2_IMAG3207.JPG,gazelleThomsons
ASG000c3y2,S4/T13/T13_R2/S4_T13_R2_IMAG3208.JPG,gazelleThomsons
ASG000c2zb,S4/T13/T13_R2/S4_T13_R2_IMAG3806.JPG,gazelleThomsons
ASG000c2zb,S4/T13/T13_R2/S4_T13_R2_IMAG3807.JPG,gazelleThomsons
ASG000c2zb,S4/T13/T13_R2/S4_T13_R2_IMAG3808.JPG,gazelleThomsons
ASG000c3ua,S4/T13/T13_R2/S4_T13_R2_IMAG5764.JPG,gazelleThomsons
ASG000c32m,S4/T13/T13_R2/S4_T13_R2_IMAG6164.JPG,gazelleThomsons
ASG000c32m,S4/T13/T13_R2/S4_T13_R2_IMAG6165.JPG,gazelleThomsons
ASG000c32m,S4/T13/T13_R2/S4_T13_R2_IMAG6166.JPG,gazelleThomsons
ASG000c2m9,S4/T13/T13_R2/S4_T13_R2_IMAG6185.JPG,gazelleThomsons
ASG000c2m9,S4/T13/T13_R2/S4_T13_R2_IMAG6186.JPG,gazelleThomsons
ASG000c2m9,S4/T13/T13_R2/S4_T13_R2_IMAG6187.JPG,gazelleThomsons
ASG000c2y1,S4/T13/T13_R2/S4_T13_R2_IMAG6206.JPG,gazelleThomsons
ASG000c2y1,S4/T13/T13_R2/S4_T13_R2_IMAG6207.JPG,gazelleThomsons
ASG000c2y1,S4/T13/T13_R2/S4_T13_R2_IMAG6208.JPG,gazelleThomsons
ASG000c34v,S4/T13/T13_R2/S4_T13_R2_IMAG6209.JPG,gazelleThomsons
ASG000c34v,S4/T13/T13_R2/S4_T13_R2_IMAG6210.JPG,gazelleThomsons
ASG000c34v,S4/T13/T13_R2/S4_T13_R2_IMAG6211.JPG,gazelleThomsons
ASG000cl5h,S4/U09/U09_R2/S4_U09_R2_IMAG0204.JPG,zebra
ASG000cl5h,S4/U09/U09_R2/S4_U09_R2_IMAG0205.JPG,zebra
ASG000cl5h,S4/U09/U09_R2/S4_U09_R2_IMAG0206.JPG,zebra
ASG000clck,S4/U09/U09_R2/S4_U09_R2_IMAG0213.JPG,zebra
ASG000clck,S4/U09/U09_R2/S4_U09_R2_IMAG0214.JPG,zebra
ASG000clck,S4/U09/U09_R2/S4_U09_R2_IMAG0215.JPG,zebra
ASG000ckoz,S4/U09/U09_R2/S4_U09_R2_IMAG0348.JPG,zebra
ASG000ckoz,S4/U09/U09_R2/S4_U09_R2_IMAG0349.JPG,zebra
ASG000ckoz,S4/U09/U09_R2/S4_U09_R2_IMAG0350.JPG,zebra
ASG000ckul,S4/U09/U09_R2/S4_U09_R2_IMAG0364.JPG,wildebeest
ASG000cldr,S4/U09/U09_R2/S4_U09_R2_IMAG0447.JPG,zebra
ASG000cldr,S4/U09/U09_R2/S4_U09_R2_IMAG0448.JPG,zebra
ASG000cldr,S4/U09/U09_R2/S4_U09_R2_IMAG0449.JPG,zebra
ASG000cky3,S4/U09/U09_R2/S4_U09_R2_IMAG0459.JPG,zebra
ASG000cky3,S4/U09/U09_R2/S4_U09_R2_IMAG0460.JPG,zebra
ASG000cky3,S4/U09/U09_R2/S4_U09_R2_IMAG0461.JPG,zebra
ASG000cle9,S4/U09/U09_R2/S4_U09_R2_IMAG0489.JPG,zebra
ASG000ckm9,S4/U09/U09_R2/S4_U09_R2_IMAG0603.JPG,wildebeest
ASG000ckm9,S4/U09/U09_R2/S4_U09_R2_IMAG0604.JPG,wildebeest
ASG000ckm9,S4/U09/U09_R2/S4_U09_R2_IMAG0605.JPG,wildebeest
ASG000cl6h,S4/U09/U09_R2/S4_U09_R2_IMAG0618.JPG,wildebeest
ASG000cl6h,S4/U09/U09_R2/S4_U09_R2_IMAG0619.JPG,wildebeest
ASG000cl6h,S4/U09/U09_R2/S4_U09_R2_IMAG0620.JPG,wildebeest
ASG000cl9c,S4/U09/U09_R2/S4_U09_R2_IMAG0649.JPG,wildebeest
ASG000cl9c,S4/U09/U09_R2/S4_U09_R2_IMAG0650.JPG,wildebeest
ASG000cl9c,S4/U09/U09_R2/S4_U09_R2_IMAG0651.JPG,wildebeest
ASG000ckq2,S4/U09/U09_R2/S4_U09_R2_IMAG0691.JPG,wildebeest
ASG000ckq2,S4/U09/U09_R2/S4_U09_R2_IMAG0692.JPG,wildebeest
ASG000ckq2,S4/U09/U09_R2/S4_U09_R2_IMAG0693.JPG,wildebeest
ASG000ckwh,S4/U09/U09_R2/S4_U09_R2_IMAG0700.JPG,wildebeest
ASG000ckwh,S4/U09/U09_R2/S4_U09_R2_IMAG0701.JPG,wildebeest
ASG000ckwh,S4/U09/U09_R2/S4_U09_R2_IMAG0702.JPG,wildebeest
ASG000cknp,S4/U09/U09_R2/S4_U09_R2_IMAG0724.JPG,wildebeest
ASG000cknp,S4/U09/U09_R2/S4_U09_R2_IMAG0725.JPG,wildebeest
ASG000cknp,S4/U09/U09_R2/S4_U09_R2_IMAG0726.JPG,wildebeest
ASG000ckz1,S4/U09/U09_R2/S4_U09_R2_IMAG0742.JPG,wildebeest
ASG000ckz1,S4/U09/U09_R2/S4_U09_R2_IMAG0743.JPG,wildebeest
ASG000ckz1,S4/U09/U09_R2/S4_U09_R2_IMAG0744.JPG,wildebeest
ASG000ckzc,S4/U09/U09_R2/S4_U09_R2_IMAG0826.JPG,wildebeest
ASG000ckzc,S4/U09/U09_R2/S4_U09_R2_IMAG0827.JPG,wildebeest
ASG000ckzc,S4/U09/U09_R2/S4_U09_R2_IMAG0828.JPG,wildebeest
ASG000ckvz,S4/U09/U09_R2/S4_U09_R2_IMAG0941.JPG,giraffe
ASG000ckvz,S4/U09/U09_R2/S4_U09_R2_IMAG0942.JPG,giraffe
ASG000ckvz,S4/U09/U09_R2/S4_U09_R2_IMAG0943.JPG,giraffe
ASG000ckv1,S4/U09/U09_R2/S4_U09_R2_IMAG0995.JPG,zebra
ASG000ckv1,S4/U09/U09_R2/S4_U09_R2_IMAG0996.JPG,zebra
ASG000ckv1,S4/U09/U09_R2/S4_U09_R2_IMAG0997.JPG,zebra
ASG000ckok,S4/U09/U09_R2/S4_U09_R2_IMAG1028.JPG,zebra
ASG000ckok,S4/U09/U09_R2/S4_U09_R2_IMAG1029.JPG,zebra
ASG000ckok,S4/U09/U09_R2/S4_U09_R2_IMAG1030.JPG,zebra
ASG000cl0u,S4/U09/U09_R2/S4_U09_R2_IMAG1053.JPG,zebra
ASG000ckrf,S4/U09/U09_R2/S4_U09_R2_IMAG1077.JPG,zebra
ASG000ckrf,S4/U09/U09_R2/S4_U09_R2_IMAG1078.JPG,zebra
ASG000ckrf,S4/U09/U09_R2/S4_U09_R2_IMAG1079.JPG,zebra
ASG000cl7l,S4/U09/U09_R2/S4_U09_R2_IMAG1086.JPG,zebra
ASG000cl7l,S4/U09/U09_R2/S4_U09_R2_IMAG1087.JPG,zebra
ASG000cl7l,S4/U09/U09_R2/S4_U09_R2_IMAG1088.JPG,zebra
ASG000ckox,S4/U09/U09_R2/S4_U09_R2_IMAG1167.JPG,wildebeest
ASG000ckox,S4/U09/U09_R2/S4_U09_R2_IMAG1168.JPG,wildebeest
ASG000ckox,S4/U09/U09_R2/S4_U09_R2_IMAG1169.JPG,wildebeest
ASG000ckru,S4/U09/U09_R2/S4_U09_R2_IMAG1236.JPG,wildebeest
ASG000ckru,S4/U09/U09_R2/S4_U09_R2_IMAG1237.JPG,wildebeest
ASG000ckru,S4/U09/U09_R2/S4_U09_R2_IMAG1238.JPG,wildebeest
ASG000clde,S4/U09/U09_R2/S4_U09_R2_IMAG1272.JPG,wildebeest
ASG000clde,S4/U09/U09_R2/S4_U09_R2_IMAG1273.JPG,wildebeest
ASG000clde,S4/U09/U09_R2/S4_U09_R2_IMAG1274.JPG,wildebeest
ASG000ckvx,S4/U09/U09_R2/S4_U09_R2_IMAG1371.JPG,wildebeest
ASG000ckvx,S4/U09/U09_R2/S4_U09_R2_IMAG1372.JPG,wildebeest
ASG000ckvx,S4/U09/U09_R2/S4_U09_R2_IMAG1373.JPG,wildebeest
ASG000cl7o,S4/U09/U09_R2/S4_U09_R2_IMAG1437.JPG,wildebeest
ASG000cl7o,S4/U09/U09_R2/S4_U09_R2_IMAG1438.JPG,wildebeest
ASG000cl7o,S4/U09/U09_R2/S4_U09_R2_IMAG1439.JPG,wildebeest
ASG000ckln,S4/U09/U09_R2/S4_U09_R2_IMAG1458.JPG,wildebeest
ASG000ckln,S4/U09/U09_R2/S4_U09_R2_IMAG1459.JPG,wildebeest
ASG000ckln,S4/U09/U09_R2/S4_U09_R2_IMAG1460.JPG,wildebeest
ASG000cl6j,S4/U09/U09_R2/S4_U09_R2_IMAG1566.JPG,wildebeest
ASG000cl6j,S4/U09/U09_R2/S4_U09_R2_IMAG1567.JPG,wildebeest
ASG000cl6j,S4/U09/U09_R2/S4_U09_R2_IMAG1568.JPG,wildebeest
ASG000ckut,S4/U09/U09_R2/S4_U09_R2_IMAG1587.JPG,wildebeest
ASG000ckut,S4/U09/U09_R2/S4_U09_R2_IMAG1588.JPG,wildebeest
ASG000ckut,S4/U09/U09_R2/S4_U09_R2_IMAG1589.JPG,wildebeest
ASG000cl9z,S4/U09/U09_R2/S4_U09_R2_IMAG1629.JPG,wildebeest
ASG000cl9z,S4/U09/U09_R2/S4_U09_R2_IMAG1630.JPG,wildebeest
ASG000cl9z,S4/U09/U09_R2/S4_U09_R2_IMAG1631.JPG,wildebeest
ASG000ckua,S4/U09/U09_R2/S4_U09_R2_IMAG1632.JPG,wildebeest
ASG000ckua,S4/U09/U09_R2/S4_U09_R2_IMAG1633.JPG,wildebeest
ASG000ckua,S4/U09/U09_R2/S4_U09_R2_IMAG1634.JPG,wildebeest
ASG000cldq,S4/U09/U09_R2/S4_U09_R2_IMAG1668.JPG,wildebeest
ASG000cldq,S4/U09/U09_R2/S4_U09_R2_IMAG1669.JPG,wildebeest
ASG000cldq,S4/U09/U09_R2/S4_U09_R2_IMAG1670.JPG,wildebeest
ASG000ckvv,S4/U09/U09_R2/S4_U09_R2_IMAG1710.JPG,wildebeest
ASG000ckvv,S4/U09/U09_R2/S4_U09_R2_IMAG1711.JPG,wildebeest
ASG000ckvv,S4/U09/U09_R2/S4_U09_R2_IMAG1712.JPG,wildebeest
ASG000clcb,S4/U09/U09_R2/S4_U09_R2_IMAG1737.JPG,wildebeest
ASG000clcb,S4/U09/U09_R2/S4_U09_R2_IMAG1738.JPG,wildebeest
ASG000clcb,S4/U09/U09_R2/S4_U09_R2_IMAG1739.JPG,wildebeest
ASG000cl0c,S4/U09/U09_R2/S4_U09_R2_IMAG1755.JPG,wildebeest
ASG000cl0c,S4/U09/U09_R2/S4_U09_R2_IMAG1756.JPG,wildebeest
ASG000cl0c,S4/U09/U09_R2/S4_U09_R2_IMAG1757.JPG,wildebeest
ASG000cks3,S4/U09/U09_R2/S4_U09_R2_IMAG1815.JPG,wildebeest
ASG000cks3,S4/U09/U09_R2/S4_U09_R2_IMAG1816.JPG,wildebeest
ASG000cks3,S4/U09/U09_R2/S4_U09_R2_IMAG1817.JPG,wildebeest
ASG000ckmz,S4/U09/U09_R2/S4_U09_R2_IMAG1851.JPG,wildebeest
ASG000ckmz,S4/U09/U09_R2/S4_U09_R2_IMAG1852.JPG,wildebeest
ASG000ckmz,S4/U09/U09_R2/S4_U09_R2_IMAG1853.JPG,wildebeest
ASG000cl4j,S4/U09/U09_R2/S4_U09_R2_IMAG1884.JPG,wildebeest
ASG000cl4j,S4/U09/U09_R2/S4_U09_R2_IMAG1885.JPG,wildebeest
ASG000cl4j,S4/U09/U09_R2/S4_U09_R2_IMAG1886.JPG,wildebeest
ASG000ckq0,S4/U09/U09_R2/S4_U09_R2_IMAG1899.JPG,wildebeest
ASG000ckq0,S4/U09/U09_R2/S4_U09_R2_IMAG1900.JPG,wildebeest
ASG000ckq0,S4/U09/U09_R2/S4_U09_R2_IMAG1901.JPG,wildebeest
ASG000cl2k,S4/U09/U09_R2/S4_U09_R2_IMAG1944.JPG,wildebeest
ASG000cl2k,S4/U09/U09_R2/S4_U09_R2_IMAG1945.JPG,wildebeest
ASG000cl2k,S4/U09/U09_R2/S4_U09_R2_IMAG1946.JPG,wildebeest
ASG000cl1p,S4/U09/U09_R2/S4_U09_R2_IMAG2065.JPG,wildebeest
ASG000clcm,S4/U09/U09_R2/S4_U09_R2_IMAG2126.JPG,wildebeest
ASG000clcm,S4/U09/U09_R2/S4_U09_R2_IMAG2127.JPG,wildebeest
ASG000clcm,S4/U09/U09_R2/S4_U09_R2_IMAG2128.JPG,wildebeest
ASG000cl3g,S4/U09/U09_R2/S4_U09_R2_IMAG2201.JPG,wildebeest
ASG000cl3g,S4/U09/U09_R2/S4_U09_R2_IMAG2202.JPG,wildebeest
ASG000cl3g,S4/U09/U09_R2/S4_U09_R2_IMAG2203.JPG,wildebeest
ASG000cks1,S4/U09/U09_R2/S4_U09_R2_IMAG2207.JPG,wildebeest
ASG000cks1,S4/U09/U09_R2/S4_U09_R2_IMAG2208.JPG,wildebeest
ASG000cks1,S4/U09/U09_R2/S4_U09_R2_IMAG2209.JPG,wildebeest
ASG000ckml,S4/U09/U09_R2/S4_U09_R2_IMAG2246.JPG,wildebeest
ASG000ckml,S4/U09/U09_R2/S4_U09_R2_IMAG2247.JPG,wildebeest
ASG000ckml,S4/U09/U09_R2/S4_U09_R2_IMAG2248.JPG,wildebeest
ASG000cl9j,S4/U09/U09_R2/S4_U09_R2_IMAG2336.JPG,wildebeest
ASG000cl9j,S4/U09/U09_R2/S4_U09_R2_IMAG2337.JPG,wildebeest
ASG000cl9j,S4/U09/U09_R2/S4_U09_R2_IMAG2338.JPG,wildebeest
ASG000cksw,S4/U09/U09_R2/S4_U09_R2_IMAG2426.JPG,wildebeest
ASG000cksw,S4/U09/U09_R2/S4_U09_R2_IMAG2427.JPG,wildebeest
ASG000cksw,S4/U09/U09_R2/S4_U09_R2_IMAG2428.JPG,wildebeest
ASG000cla5,S4/U09/U09_R2/S4_U09_R2_IMAG2432.JPG,wildebeest
ASG000cla5,S4/U09/U09_R2/S4_U09_R2_IMAG2433.JPG,wildebeest
ASG000cla5,S4/U09/U09_R2/S4_U09_R2_IMAG2434.JPG,wildebeest
ASG000cl7k,S4/U09/U09_R2/S4_U09_R2_IMAG2633.JPG,wildebeest
ASG000cl7k,S4/U09/U09_R2/S4_U09_R2_IMAG2634.JPG,wildebeest
ASG000cl7k,S4/U09/U09_R2/S4_U09_R2_IMAG2635.JPG,wildebeest
ASG000ckw2,S4/U09/U09_R2/S4_U09_R2_IMAG2720.JPG,wildebeest
ASG000ckw2,S4/U09/U09_R2/S4_U09_R2_IMAG2721.JPG,wildebeest
ASG000ckw2,S4/U09/U09_R2/S4_U09_R2_IMAG2722.JPG,wildebeest
ASG000cl9y,S4/U09/U09_R2/S4_U09_R2_IMAG2723.JPG,wildebeest
ASG000cl9y,S4/U09/U09_R2/S4_U09_R2_IMAG2724.JPG,wildebeest
ASG000cl9y,S4/U09/U09_R2/S4_U09_R2_IMAG2725.JPG,wildebeest
ASG000ckt6,S4/U09/U09_R2/S4_U09_R2_IMAG2729.JPG,wildebeest
ASG000ckt6,S4/U09/U09_R2/S4_U09_R2_IMAG2730.JPG,wildebeest
ASG000ckt6,S4/U09/U09_R2/S4_U09_R2_IMAG2731.JPG,wildebeest
ASG000cle3,S4/U09/U09_R2/S4_U09_R2_IMAG2765.JPG,wildebeest
ASG000ckpx,S4/U09/U09_R2/S4_U09_R2_IMAG2813.JPG,warthog
ASG000ckpx,S4/U09/U09_R2/S4_U09_R2_IMAG2814.JPG,warthog
ASG000ckpx,S4/U09/U09_R2/S4_U09_R2_IMAG2815.JPG,warthog
ASG000cld6,S4/U09/U09_R2/S4_U09_R2_IMAG2816.JPG,zebra
ASG000cld6,S4/U09/U09_R2/S4_U09_R2_IMAG2817.JPG,zebra
ASG000cld6,S4/U09/U09_R2/S4_U09_R2_IMAG2818.JPG,zebra
ASG000c88e,S4/U10/U10_R1/S4_U10_R1_IMAG0098.JPG,buffalo
ASG000c882,S4/U10/U10_R1/S4_U10_R1_IMAG0135.JPG,buffalo
ASG000c805,S4/U10/U10_R1/S4_U10_R1_IMAG0228.JPG,hartebeest
ASG000c805,S4/U10/U10_R1/S4_U10_R1_IMAG0229.JPG,hartebeest
ASG000c805,S4/U10/U10_R1/S4_U10_R1_IMAG0230.JPG,hartebeest
ASG000c801,S4/U10/U10_R1/S4_U10_R1_IMAG0312.JPG,hartebeest
ASG000c801,S4/U10/U10_R1/S4_U10_R1_IMAG0313.JPG,hartebeest
ASG000c801,S4/U10/U10_R1/S4_U10_R1_IMAG0314.JPG,hartebeest
ASG000c834,S4/U10/U10_R1/S4_U10_R1_IMAG0336.JPG,hartebeest
ASG000c834,S4/U10/U10_R1/S4_U10_R1_IMAG0337.JPG,hartebeest
ASG000c834,S4/U10/U10_R1/S4_U10_R1_IMAG0338.JPG,hartebeest
ASG000c870,S4/U10/U10_R1/S4_U10_R1_IMAG0363.JPG,hartebeest
ASG000c870,S4/U10/U10_R1/S4_U10_R1_IMAG0364.JPG,hartebeest
ASG000c870,S4/U10/U10_R1/S4_U10_R1_IMAG0365.JPG,hartebeest
ASG000c83x,S4/U10/U10_R1/S4_U10_R1_IMAG0414.JPG,hartebeest
ASG000c83x,S4/U10/U10_R1/S4_U10_R1_IMAG0415.JPG,hartebeest
ASG000c83x,S4/U10/U10_R1/S4_U10_R1_IMAG0416.JPG,hartebeest
ASG000c7zj,S4/U10/U10_R1/S4_U10_R1_IMAG0450.JPG,hartebeest
ASG000c7zj,S4/U10/U10_R1/S4_U10_R1_IMAG0451.JPG,hartebeest
ASG000c7zj,S4/U10/U10_R1/S4_U10_R1_IMAG0452.JPG,hartebeest
ASG000c829,S4/U10/U10_R1/S4_U10_R1_IMAG0471.JPG,gazelleThomsons
ASG000c829,S4/U10/U10_R1/S4_U10_R1_IMAG0472.JPG,gazelleThomsons
ASG000c829,S4/U10/U10_R1/S4_U10_R1_IMAG0473.JPG,gazelleThomsons
ASG000c7ze,S4/U10/U10_R1/S4_U10_R1_IMAG0480.JPG,gazelleThomsons
ASG000c7ze,S4/U10/U10_R1/S4_U10_R1_IMAG0481.JPG,gazelleThomsons
ASG000c7ze,S4/U10/U10_R1/S4_U10_R1_IMAG0482.JPG,gazelleThomsons
ASG000c816,S4/U10/U10_R1/S4_U10_R1_IMAG0598.JPG,hartebeest
ASG000c816,S4/U10/U10_R1/S4_U10_R1_IMAG0599.JPG,hartebeest
ASG000c816,S4/U10/U10_R1/S4_U10_R1_IMAG0600.JPG,hartebeest
ASG000c802,S4/U10/U10_R1/S4_U10_R1_IMAG0709.JPG,hartebeest
ASG000c802,S4/U10/U10_R1/S4_U10_R1_IMAG0710.JPG,hartebeest
ASG000c802,S4/U10/U10_R1/S4_U10_R1_IMAG0711.JPG,hartebeest
ASG000c7yr,S4/U10/U10_R1/S4_U10_R1_IMAG0730.JPG,hartebeest
ASG000c7yr,S4/U10/U10_R1/S4_U10_R1_IMAG0731.JPG,hartebeest
ASG000c7yr,S4/U10/U10_R1/S4_U10_R1_IMAG0732.JPG,hartebeest
ASG000c827,S4/U10/U10_R1/S4_U10_R1_IMAG0764.JPG,gazelleThomsons
ASG000c827,S4/U10/U10_R1/S4_U10_R1_IMAG0765.JPG,gazelleThomsons
ASG000c827,S4/U10/U10_R1/S4_U10_R1_IMAG0766.JPG,gazelleThomsons
ASG000c80l,S4/U10/U10_R1/S4_U10_R1_IMAG0770.JPG,gazelleThomsons
ASG000c80l,S4/U10/U10_R1/S4_U10_R1_IMAG0771.JPG,gazelleThomsons
ASG000c80l,S4/U10/U10_R1/S4_U10_R1_IMAG0772.JPG,gazelleThomsons
ASG000c88t,S4/U10/U10_R2/S4_U10_R2_IMAG0074.JPG,wildebeest
ASG000c88t,S4/U10/U10_R2/S4_U10_R2_IMAG0075.JPG,wildebeest
ASG000c88t,S4/U10/U10_R2/S4_U10_R2_IMAG0076.JPG,wildebeest
ASG000c8c8,S4/U10/U10_R2/S4_U10_R2_IMAG0146.JPG,zebra
ASG000c8c8,S4/U10/U10_R2/S4_U10_R2_IMAG0147.JPG,zebra
ASG000c8c8,S4/U10/U10_R2/S4_U10_R2_IMAG0148.JPG,zebra
ASG000c8dg,S4/U10/U10_R2/S4_U10_R2_IMAG0157.JPG,zebra
ASG000c89p,S4/U10/U10_R2/S4_U10_R2_IMAG0167.JPG,zebra
ASG000c8bi,S4/U10/U10_R2/S4_U10_R2_IMAG0168.JPG,zebra
ASG000c8bx,S4/U10/U10_R2/S4_U10_R2_IMAG0218.JPG,zebra
ASG000c8bx,S4/U10/U10_R2/S4_U10_R2_IMAG0219.JPG,zebra
ASG000c8bx,S4/U10/U10_R2/S4_U10_R2_IMAG0220.JPG,zebra
ASG000c8b0,S4/U10/U10_R2/S4_U10_R2_IMAG0228.JPG,wildebeest
ASG000c88x,S4/U10/U10_R2/S4_U10_R2_IMAG0236.JPG,wildebeest
ASG000c88x,S4/U10/U10_R2/S4_U10_R2_IMAG0237.JPG,wildebeest
ASG000c88x,S4/U10/U10_R2/S4_U10_R2_IMAG0238.JPG,wildebeest
ASG000c89u,S4/U10/U10_R2/S4_U10_R2_IMAG0275.JPG,wildebeest
ASG000c89u,S4/U10/U10_R2/S4_U10_R2_IMAG0276.JPG,wildebeest
ASG000c89u,S4/U10/U10_R2/S4_U10_R2_IMAG0277.JPG,wildebeest
ASG000c8cj,S4/U10/U10_R2/S4_U10_R2_IMAG0493.JPG,giraffe
ASG000c8cj,S4/U10/U10_R2/S4_U10_R2_IMAG0494.JPG,giraffe
ASG000c8cj,S4/U10/U10_R2/S4_U10_R2_IMAG0495.JPG,giraffe
ASG000c8dz,S4/U10/U10_R3/S4_U10_R3_IMAG0059.JPG,wildebeest
ASG000c8dz,S4/U10/U10_R3/S4_U10_R3_IMAG0060.JPG,wildebeest
ASG000c8dz,S4/U10/U10_R3/S4_U10_R3_IMAG0061.JPG,wildebeest
ASG000c8er,S4/U10/U10_R3/S4_U10_R3_IMAG0083.JPG,wildebeest
ASG000c8er,S4/U10/U10_R3/S4_U10_R3_IMAG0084.JPG,wildebeest
ASG000c8er,S4/U10/U10_R3/S4_U10_R3_IMAG0085.JPG,wildebeest
ASG000c8f6,S4/U10/U10_R3/S4_U10_R3_IMAG0113.JPG,wildebeest
ASG000c8f6,S4/U10/U10_R3/S4_U10_R3_IMAG0114.JPG,wildebeest
ASG000c8f6,S4/U10/U10_R3/S4_U10_R3_IMAG0115.JPG,wildebeest
ASG000c8f7,S4/U10/U10_R3/S4_U10_R3_IMAG0203.JPG,buffalo
ASG000c8f7,S4/U10/U10_R3/S4_U10_R3_IMAG0204.JPG,buffalo
ASG000c8f7,S4/U10/U10_R3/S4_U10_R3_IMAG0205.JPG,buffalo
ASG000c8fw,S4/U10/U10_R3/S4_U10_R3_IMAG0215.JPG,zebra
ASG000c8fw,S4/U10/U10_R3/S4_U10_R3_IMAG0216.JPG,zebra
ASG000c8fw,S4/U10/U10_R3/S4_U10_R3_IMAG0217.JPG,zebra
ASG000fagd,S4/U11/U11_R1/S4_U11_R1_IMAG0156.JPG,wildebeest
ASG000fagd,S4/U11/U11_R1/S4_U11_R1_IMAG0157.JPG,wildebeest
ASG000fagd,S4/U11/U11_R1/S4_U11_R1_IMAG0158.JPG,wildebeest
ASG000faj5,S4/U11/U11_R1/S4_U11_R1_IMAG0273.JPG,wildebeest
ASG000faj5,S4/U11/U11_R1/S4_U11_R1_IMAG0274.JPG,wildebeest
ASG000faj5,S4/U11/U11_R1/S4_U11_R1_IMAG0275.JPG,wildebeest
ASG000f9lo,S4/U11/U11_R1/S4_U11_R1_IMAG0294.JPG,wildebeest
ASG000f9lo,S4/U11/U11_R1/S4_U11_R1_IMAG0295.JPG,wildebeest
ASG000f9lo,S4/U11/U11_R1/S4_U11_R1_IMAG0296.JPG,wildebeest
ASG000fagv,S4/U11/U11_R1/S4_U11_R1_IMAG0297.JPG,wildebeest
ASG000fagv,S4/U11/U11_R1/S4_U11_R1_IMAG0298.JPG,wildebeest
ASG000fagv,S4/U11/U11_R1/S4_U11_R1_IMAG0299.JPG,wildebeest
ASG000fa4z,S4/U11/U11_R1/S4_U11_R1_IMAG0364.JPG,wildebeest
ASG000fa4z,S4/U11/U11_R1/S4_U11_R1_IMAG0365.JPG,wildebeest
ASG000fa4z,S4/U11/U11_R1/S4_U11_R1_IMAG0366.JPG,wildebeest
ASG000f9xw,S4/U11/U11_R1/S4_U11_R1_IMAG0370.JPG,wildebeest
ASG000f9xw,S4/U11/U11_R1/S4_U11_R1_IMAG0371.JPG,wildebeest
ASG000f9xw,S4/U11/U11_R1/S4_U11_R1_IMAG0372.JPG,wildebeest
ASG000fbf8,S4/U11/U11_R2/S4_U11_R2_IMAG4405.JPG,zebra
ASG000fbf8,S4/U11/U11_R2/S4_U11_R2_IMAG4406.JPG,zebra
ASG000fbf8,S4/U11/U11_R2/S4_U11_R2_IMAG4407.JPG,zebra
ASG000e6fh,S4/U12/U12_R1/S4_U12_R1_IMAG0081.JPG,wildebeest
ASG000e6fh,S4/U12/U12_R1/S4_U12_R1_IMAG0082.JPG,wildebeest
ASG000e6fh,S4/U12/U12_R1/S4_U12_R1_IMAG0083.JPG,wildebeest
ASG000e6he,S4/U12/U12_R1/S4_U12_R1_IMAG0216.JPG,zebra
ASG000e6fn,S4/U12/U12_R1/S4_U12_R1_IMAG0228.JPG,zebra
ASG000e68j,S4/U12/U12_R2/S4_U12_R2_IMAG0114.JPG,zebra
ASG000e68j,S4/U12/U12_R2/S4_U12_R2_IMAG0115.JPG,zebra
ASG000e68j,S4/U12/U12_R2/S4_U12_R2_IMAG0116.JPG,zebra
ASG000e6d5,S4/U12/U12_R2/S4_U12_R2_IMAG0123.JPG,zebra
ASG000e6d5,S4/U12/U12_R2/S4_U12_R2_IMAG0124.JPG,zebra
ASG000e6d5,S4/U12/U12_R2/S4_U12_R2_IMAG0125.JPG,zebra
ASG000e69q,S4/U12/U12_R2/S4_U12_R2_IMAG0126.JPG,zebra
ASG000e69q,S4/U12/U12_R2/S4_U12_R2_IMAG0127.JPG,zebra
ASG000e69q,S4/U12/U12_R2/S4_U12_R2_IMAG0128.JPG,zebra
ASG000e6bo,S4/U12/U12_R2/S4_U12_R2_IMAG0161.JPG,zebra
ASG000e6bo,S4/U12/U12_R2/S4_U12_R2_IMAG0162.JPG,zebra
ASG000e6bo,S4/U12/U12_R2/S4_U12_R2_IMAG0163.JPG,zebra
ASG000e6ca,S4/U12/U12_R2/S4_U12_R2_IMAG0209.JPG,wildebeest
ASG000e6ca,S4/U12/U12_R2/S4_U12_R2_IMAG0210.JPG,wildebeest
ASG000e6ca,S4/U12/U12_R2/S4_U12_R2_IMAG0211.JPG,wildebeest
ASG000e6ba,S4/U12/U12_R2/S4_U12_R2_IMAG0212.JPG,wildebeest
ASG000e6ba,S4/U12/U12_R2/S4_U12_R2_IMAG0213.JPG,wildebeest
ASG000e6ba,S4/U12/U12_R2/S4_U12_R2_IMAG0214.JPG,wildebeest
ASG000e68p,S4/U12/U12_R2/S4_U12_R2_IMAG0384.JPG,zebra
ASG000e68p,S4/U12/U12_R2/S4_U12_R2_IMAG0385.JPG,zebra
ASG000e68p,S4/U12/U12_R2/S4_U12_R2_IMAG0386.JPG,zebra
ASG000e6dd,S4/U12/U12_R2/S4_U12_R2_IMAG0415.JPG,zebra
ASG000e6br,S4/U12/U12_R2/S4_U12_R2_IMAG0423.JPG,zebra
ASG000e6ck,S4/U12/U12_R2/S4_U12_R2_IMAG0429.JPG,zebra
ASG000e6ck,S4/U12/U12_R2/S4_U12_R2_IMAG0430.JPG,zebra
ASG000e6ck,S4/U12/U12_R2/S4_U12_R2_IMAG0431.JPG,zebra
ASG000e6dr,S4/U12/U12_R2/S4_U12_R2_IMAG0477.JPG,zebra
ASG000e6b5,S4/U12/U12_R2/S4_U12_R2_IMAG0489.JPG,zebra
ASG000e6b5,S4/U12/U12_R2/S4_U12_R2_IMAG0490.JPG,zebra
ASG000e6b5,S4/U12/U12_R2/S4_U12_R2_IMAG0491.JPG,zebra
ASG000e68m,S4/U12/U12_R2/S4_U12_R2_IMAG0506.JPG,zebra
ASG000b5w5,S4/U13/U13_R2/S4_U13_R2_IMAG0705.JPG,zebra
ASG000b5w5,S4/U13/U13_R2/S4_U13_R2_IMAG0706.JPG,zebra
ASG000b5w5,S4/U13/U13_R2/S4_U13_R2_IMAG0707.JPG,zebra
ASG000b5hy,S4/U13/U13_R2/S4_U13_R2_IMAG0899.JPG,zebra
ASG000b5hy,S4/U13/U13_R2/S4_U13_R2_IMAG0900.JPG,zebra
ASG000b5hy,S4/U13/U13_R2/S4_U13_R2_IMAG0901.JPG,zebra
ASG000b5hn,S4/U13/U13_R2/S4_U13_R2_IMAG0908.JPG,zebra
ASG000b5hn,S4/U13/U13_R2/S4_U13_R2_IMAG0909.JPG,zebra
ASG000b5hn,S4/U13/U13_R2/S4_U13_R2_IMAG0910.JPG,zebra
ASG000b6al,S4/U13/U13_R2/S4_U13_R2_IMAG0926.JPG,zebra
ASG000b6al,S4/U13/U13_R2/S4_U13_R2_IMAG0927.JPG,zebra
ASG000b6al,S4/U13/U13_R2/S4_U13_R2_IMAG0928.JPG,zebra
ASG000b5s9,S4/U13/U13_R2/S4_U13_R2_IMAG1010.JPG,wildebeest
ASG000b5s9,S4/U13/U13_R2/S4_U13_R2_IMAG1011.JPG,wildebeest
ASG000b5s9,S4/U13/U13_R2/S4_U13_R2_IMAG1012.JPG,wildebeest
ASG000b63n,S4/U13/U13_R2/S4_U13_R2_IMAG1013.JPG,wildebeest
ASG000b63n,S4/U13/U13_R2/S4_U13_R2_IMAG1014.JPG,wildebeest
ASG000b63n,S4/U13/U13_R2/S4_U13_R2_IMAG1015.JPG,wildebeest
ASG000b5zn,S4/U13/U13_R2/S4_U13_R2_IMAG1065.JPG,zebra
ASG000b5zn,S4/U13/U13_R2/S4_U13_R2_IMAG1066.JPG,zebra
ASG000b5zn,S4/U13/U13_R2/S4_U13_R2_IMAG1067.JPG,zebra
ASG000b5b4,S4/U13/U13_R2/S4_U13_R2_IMAG1071.JPG,zebra
ASG000b5b4,S4/U13/U13_R2/S4_U13_R2_IMAG1072.JPG,zebra
ASG000b5b4,S4/U13/U13_R2/S4_U13_R2_IMAG1073.JPG,zebra
ASG000b66u,S4/U13/U13_R2/S4_U13_R2_IMAG1177.JPG,zebra
ASG000b6co,S4/U13/U13_R2/S4_U13_R2_IMAG1230.JPG,zebra
ASG000b6a5,S4/U13/U13_R2/S4_U13_R2_IMAG1236.JPG,zebra
ASG000b5yh,S4/U13/U13_R2/S4_U13_R2_IMAG1294.JPG,warthog
ASG000b5yh,S4/U13/U13_R2/S4_U13_R2_IMAG1295.JPG,warthog
ASG000b5yh,S4/U13/U13_R2/S4_U13_R2_IMAG1296.JPG,warthog
ASG000b5e4,S4/U13/U13_R2/S4_U13_R2_IMAG1309.JPG,warthog
ASG000b5e4,S4/U13/U13_R2/S4_U13_R2_IMAG1310.JPG,warthog
ASG000b5e4,S4/U13/U13_R2/S4_U13_R2_IMAG1311.JPG,warthog
ASG000b5on,S4/U13/U13_R2/S4_U13_R2_IMAG2195.JPG,zebra
ASG000b5on,S4/U13/U13_R2/S4_U13_R2_IMAG2196.JPG,zebra
ASG000b5on,S4/U13/U13_R2/S4_U13_R2_IMAG2197.JPG,zebra
ASG000b5qv,S4/U13/U13_R2/S4_U13_R2_IMAG2225.JPG,zebra
ASG000b5qv,S4/U13/U13_R2/S4_U13_R2_IMAG2226.JPG,zebra
ASG000b5qv,S4/U13/U13_R2/S4_U13_R2_IMAG2227.JPG,zebra
ASG000b5ky,S4/U13/U13_R2/S4_U13_R2_IMAG2294.JPG,zebra
ASG000b5ky,S4/U13/U13_R2/S4_U13_R2_IMAG2295.JPG,zebra
ASG000b5ky,S4/U13/U13_R2/S4_U13_R2_IMAG2296.JPG,zebra
ASG000b5pq,S4/U13/U13_R2/S4_U13_R2_IMAG2472.JPG,zebra
ASG000b5pq,S4/U13/U13_R2/S4_U13_R2_IMAG2473.JPG,zebra
ASG000b5pq,S4/U13/U13_R2/S4_U13_R2_IMAG2474.JPG,zebra
ASG000b5fo,S4/U13/U13_R2/S4_U13_R2_IMAG2481.JPG,zebra
ASG000b5fo,S4/U13/U13_R2/S4_U13_R2_IMAG2482.JPG,zebra
ASG000b5fo,S4/U13/U13_R2/S4_U13_R2_IMAG2483.JPG,zebra
ASG000b5du,S4/U13/U13_R2/S4_U13_R2_IMAG2487.JPG,zebra
ASG000b5du,S4/U13/U13_R2/S4_U13_R2_IMAG2488.JPG,zebra
ASG000b5du,S4/U13/U13_R2/S4_U13_R2_IMAG2489.JPG,zebra
ASG000b6ax,S4/U13/U13_R2/S4_U13_R2_IMAG2613.JPG,zebra
ASG000b6ax,S4/U13/U13_R2/S4_U13_R2_IMAG2614.JPG,zebra
ASG000b6ax,S4/U13/U13_R2/S4_U13_R2_IMAG2615.JPG,zebra
ASG000b5om,S4/U13/U13_R2/S4_U13_R2_IMAG2631.JPG,zebra
ASG000b5om,S4/U13/U13_R2/S4_U13_R2_IMAG2632.JPG,zebra
ASG000b5om,S4/U13/U13_R2/S4_U13_R2_IMAG2633.JPG,zebra
ASG000b5h9,S4/U13/U13_R2/S4_U13_R2_IMAG2686.JPG,zebra
ASG000b5h9,S4/U13/U13_R2/S4_U13_R2_IMAG2687.JPG,zebra
ASG000b5h9,S4/U13/U13_R2/S4_U13_R2_IMAG2688.JPG,zebra
ASG000b5bx,S4/U13/U13_R2/S4_U13_R2_IMAG2734.JPG,zebra
ASG000b5bx,S4/U13/U13_R2/S4_U13_R2_IMAG2735.JPG,zebra
ASG000b5bx,S4/U13/U13_R2/S4_U13_R2_IMAG2736.JPG,zebra
ASG000b5m1,S4/U13/U13_R2/S4_U13_R2_IMAG2806.JPG,zebra
ASG000b5m1,S4/U13/U13_R2/S4_U13_R2_IMAG2807.JPG,zebra
ASG000b5m1,S4/U13/U13_R2/S4_U13_R2_IMAG2808.JPG,zebra
ASG000b5h1,S4/U13/U13_R2/S4_U13_R2_IMAG2815.JPG,zebra
ASG000b5h1,S4/U13/U13_R2/S4_U13_R2_IMAG2816.JPG,zebra
ASG000b5h1,S4/U13/U13_R2/S4_U13_R2_IMAG2817.JPG,zebra
ASG000b61z,S4/U13/U13_R2/S4_U13_R2_IMAG2842.JPG,zebra
ASG000b61z,S4/U13/U13_R2/S4_U13_R2_IMAG2843.JPG,zebra
ASG000b61z,S4/U13/U13_R2/S4_U13_R2_IMAG2844.JPG,zebra
ASG000b68k,S4/U13/U13_R2/S4_U13_R2_IMAG2866.JPG,zebra
ASG000b68k,S4/U13/U13_R2/S4_U13_R2_IMAG2867.JPG,zebra
ASG000b68k,S4/U13/U13_R2/S4_U13_R2_IMAG2868.JPG,zebra
ASG000b5r1,S4/U13/U13_R2/S4_U13_R2_IMAG2920.JPG,zebra
ASG000b5r1,S4/U13/U13_R2/S4_U13_R2_IMAG2921.JPG,zebra
ASG000b5r1,S4/U13/U13_R2/S4_U13_R2_IMAG2922.JPG,zebra
ASG000b66x,S4/U13/U13_R2/S4_U13_R2_IMAG2929.JPG,zebra
ASG000b66x,S4/U13/U13_R2/S4_U13_R2_IMAG2930.JPG,zebra
ASG000b66x,S4/U13/U13_R2/S4_U13_R2_IMAG2931.JPG,zebra
ASG000b5uj,S4/U13/U13_R2/S4_U13_R2_IMAG2962.JPG,zebra
ASG000b5uj,S4/U13/U13_R2/S4_U13_R2_IMAG2963.JPG,zebra
ASG000b5uj,S4/U13/U13_R2/S4_U13_R2_IMAG2964.JPG,zebra
ASG000b5wb,S4/U13/U13_R2/S4_U13_R2_IMAG3065.JPG,zebra
ASG000b5wb,S4/U13/U13_R2/S4_U13_R2_IMAG3066.JPG,zebra
ASG000b5wb,S4/U13/U13_R2/S4_U13_R2_IMAG3067.JPG,zebra
ASG000b5nt,S4/U13/U13_R2/S4_U13_R2_IMAG3239.JPG,zebra
ASG000b5nt,S4/U13/U13_R2/S4_U13_R2_IMAG3240.JPG,zebra
ASG000b5nt,S4/U13/U13_R2/S4_U13_R2_IMAG3241.JPG,zebra
ASG000b5wk,S4/U13/U13_R2/S4_U13_R2_IMAG3254.JPG,zebra
ASG000b5wk,S4/U13/U13_R2/S4_U13_R2_IMAG3255.JPG,zebra
ASG000b5wk,S4/U13/U13_R2/S4_U13_R2_IMAG3256.JPG,zebra
ASG000b5ht,S4/U13/U13_R2/S4_U13_R2_IMAG3287.JPG,buffalo
ASG000b5ht,S4/U13/U13_R2/S4_U13_R2_IMAG3288.JPG,buffalo
ASG000b5ht,S4/U13/U13_R2/S4_U13_R2_IMAG3289.JPG,buffalo
ASG000b5hf,S4/U13/U13_R2/S4_U13_R2_IMAG3299.JPG,zebra
ASG000b5hf,S4/U13/U13_R2/S4_U13_R2_IMAG3300.JPG,zebra
ASG000b5hf,S4/U13/U13_R2/S4_U13_R2_IMAG3301.JPG,zebra
ASG000b5d5,S4/U13/U13_R2/S4_U13_R2_IMAG3436.JPG,zebra
ASG000b5d5,S4/U13/U13_R2/S4_U13_R2_IMAG3437.JPG,zebra
ASG000b5d5,S4/U13/U13_R2/S4_U13_R2_IMAG3438.JPG,zebra
ASG000b5el,S4/U13/U13_R2/S4_U13_R2_IMAG3439.JPG,zebra
ASG000b5el,S4/U13/U13_R2/S4_U13_R2_IMAG3440.JPG,zebra
ASG000b5el,S4/U13/U13_R2/S4_U13_R2_IMAG3441.JPG,zebra
ASG000b5c4,S4/U13/U13_R2/S4_U13_R2_IMAG3514.JPG,zebra
ASG000b5c4,S4/U13/U13_R2/S4_U13_R2_IMAG3515.JPG,zebra
ASG000b5c4,S4/U13/U13_R2/S4_U13_R2_IMAG3516.JPG,zebra
ASG000b5fh,S4/U13/U13_R2/S4_U13_R2_IMAG3670.JPG,zebra
ASG000b5fh,S4/U13/U13_R2/S4_U13_R2_IMAG3671.JPG,zebra
ASG000b5fh,S4/U13/U13_R2/S4_U13_R2_IMAG3672.JPG,zebra
ASG000b5hg,S4/U13/U13_R2/S4_U13_R2_IMAG3805.JPG,zebra
ASG000b5hg,S4/U13/U13_R2/S4_U13_R2_IMAG3806.JPG,zebra
ASG000b5hg,S4/U13/U13_R2/S4_U13_R2_IMAG3807.JPG,zebra
