URL_Info,local_header_offset,compressed_size,uncompressed_size,compression,crc32,flags
S4/B04/B04_R1/S4_B04_R1_IMAG0049.JPG,5836780326,762366,762366,0,2102318966,0
S4/B04/B04_R1/S4_B04_R1_IMAG0050.JPG,5837542758,748878,748878,0,315001938,0
S4/B04/B04_R1/S4_B04_R1_IMAG0051.JPG,5838291702,697635,697635,0,1792621665,0
S4/B04/B04_R2/S4_B04_R2_IMAG0015.JPG,6504240346,884070,884070,0,1958574657,0
S4/B04/B04_R2/S4_B04_R2_IMAG0016.JPG,6505124482,886544,886544,0,1729295756,0
S4/B04/B04_R2/S4_B04_R2_IMAG0017.JPG,6506011092,813373,813373,0,3533847662,0
S4/B05/B05_R1/S4_B05_R1_IMAG0387.JPG,7049272475,496645,496645,0,993517694,0
S4/B05/B05_R2/S4_B05_R2_IMAG0021.JPG,7114789947,658588,658588,0,3676412163,0
S4/B05/B05_R2/S4_B05_R2_IMAG0175.JPG,7294479882,1262963,1262963,0,630714615,0
S4/B05/B05_R2/S4_B05_R2_IMAG0176.JPG,7295742911,1259204,1259204,0,1961698314,0
S4/B05/B05_R2/S4_B05_R2_IMAG0177.JPG,7297002181,1191812,1191812,0,4265028885,0
S4/B05/B05_R2/S4_B05_R2_IMAG0293.JPG,7414271380,646256,646256,0,2836033819,0
S4/B05/B05_R2/S4_B05_R2_IMAG0302.JPG,7419949678,650853,650853,0,3961276537,0
S4/B05/B05_R2/S4_B05_R2_IMAG0320.JPG,7431154605,638268,638268,0,2747998668,0
S4/B05/B05_R2/S4_B05_R2_IMAG0434.JPG,7564573250,653353,653353,0,4209226255,0
S4/B05/B05_R2/S4_B05_R2_IMAG0471.JPG,7593777752,586172,586172,0,4194250598,0
S4/B05/B05_R2/S4_B05_R2_IMAG0519.JPG,7660519989,1777886,1777886,0,3200589152,0
S4/B05/B05_R2/S4_B05_R2_IMAG0520.JPG,7662297941,1774477,1774477,0,2302676492,0
S4/B05/B05_R2/S4_B05_R2_IMAG0521.JPG,7664072484,1713099,1713099,0,627317993,0
S4/B05/B05_R2/S4_B05_R2_IMAG0525.JPG,7670900222,1780950,1780950,0,2971221167,0
S4/B05/B05_R2/S4_B05_R2_IMAG0526.JPG,7672681238,1784339,1784339,0,1412540981,0
S4/B05/B05_R2/S4_B05_R2_IMAG0527.JPG,7674465643,1717471,1717471,0,3769306789,0
S4/B05/B05_R2/S4_B05_R2_IMAG0636.JPG,7845062790,860259,860259,0,2425622754,0
S4/B05/B05_R2/S4_B05_R2_IMAG0727.JPG,7951735859,1234828,1234828,0,4264924049,0
S4/B05/B05_R2/S4_B05_R2_IMAG0728.JPG,7952970753,1250669,1250669,0,2531239370,0
S4/B05/B05_R2/S4_B05_R2_IMAG0729.JPG,7954221488,1175424,1175424,0,2867978765,0
S4/B05/B05_R2/S4_B05_R2_IMAG0787.JPG,8026105943,1181800,1181800,0,3590264564,0
S4/B05/B05_R2/S4_B05_R2_IMAG0788.JPG,8027287809,1176733,1176733,0,2120291232,0
S4/B05/B05_R2/S4_B05_R2_IMAG0789.JPG,8028464608,1101836,1101836,0,898285830,0
S4/B05/B05_R2/S4_B05_R2_IMAG1969.JPG,9291738817,687931,687931,0,2636918070,0
S4/B05/B05_R2/S4_B05_R2_IMAG1970.JPG,9292426814,551047,551047,0,2177218464,0
S4/B05/B05_R2/S4_B05_R2_IMAG1971.JPG,9292977927,351451,351451,0,1431594155,0
S4/B05/B05_R2/S4_B05_R2_IMAG2017.JPG,9328406510,975555,975555,0,2097935166,0
S4/B05/B05_R2/S4_B05_R2_IMAG2018.JPG,9329382131,974347,974347,0,2480496795,0
S4/B05/B05_R2/S4_B05_R2_IMAG2019.JPG,9330356544,908392,908392,0,1460920202,0
S4/B05/B05_R2/S4_B05_R2_IMAG2447.JPG,9855378432,1093669,1093669,0,3750594541,0
S4/B05/B05_R2/S4_B05_R2_IMAG2448.JPG,9856472167,1090997,1090997,0,394217795,0
S4/B05/B05_R2/S4_B05_R2_IMAG2449.JPG,9857563230,1020438,1020438,0,46907925,0
S4/B06/B06_R1/S4_B06_R1_IMAG0096.JPG,9949305357,1210142,1210142,0,2560824725,0
S4/B06/B06_R1/S4_B06_R1_IMAG0097.JPG,9950515565,1208409,1208409,0,1862982963,0
S4/B06/B06_R1/S4_B06_R1_IMAG0098.JPG,9951724040,1144549,1144549,0,3355048749,0
S4/B06/B06_R1/S4_B06_R1_IMAG0115.JPG,9969546369,1111659,1111659,0,1414813591,0
S4/B06/B06_R1/S4_B06_R1_IMAG0116.JPG,9970658094,1111172,1111172,0,3372821143,0
S4/B06/B06_R1/S4_B06_R1_IMAG0117.JPG,9971769332,1045503,1045503,0,1757524968,0
S4/B06/B06_R1/S4_B06_R1_IMAG0206.JPG,10073115290,1301258,1301258,0,1607068740,0
S4/B06/B06_R1/S4_B06_R1_IMAG0207.JPG,10074416614,1301289,1301289,0,3202381517,0
S4/B06/B06_R1/S4_B06_R1_IMAG0208.JPG,10075717969,1235036,1235036,0,2871393673,0
S4/B06/B06_R1/S4_B06_R1_IMAG0554.JPG,10429813114,555067,555067,0,2842264178,0
S4/B06/B06_R2/S4_B06_R2_IMAG0083.JPG,11454863540,542456,542456,0,533692842,0
S4/B06/B06_R2/S4_B06_R2_IMAG0317.JPG,11660754510,1295337,1295337,0,692386648,0
S4/B06/B06_R2/S4_B06_R2_IMAG0318.JPG,11662049913,1289069,1289069,0,3639419092,0
S4/B06/B06_R2/S4_B06_R2_IMAG0319.JPG,11663339048,1230626,1230626,0,2107131571,0
S4/B06/B06_R2/S4_B06_R2_IMAG0648.JPG,11979002381,816812,816812,0,2263427723,0
S4/B06/B06_R2/S4_B06_R2_IMAG0649.JPG,11979819259,815598,815598,0,3119254740,0
S4/B06/B06_R2/S4_B06_R2_IMAG0650.JPG,11980634923,750034,750034,0,3089828309,0
S4/B06/B06_R2/S4_B06_R2_IMAG1290.JPG,12609096644,1399663,1399663,0,643943071,0
S4/B06/B06_R2/S4_B06_R2_IMAG1291.JPG,12610496373,1381284,1381284,0,3908397750,0
S4/B06/B06_R2/S4_B06_R2_IMAG1292.JPG,12611877723,1316136,1316136,0,680891694,0
S4/B07/B07_R2/S4_B07_R2_IMAG1536.JPG,14355047035,1116202,1116202,0,1287519555,0
S4/B07/B07_R2/S4_B07_R2_IMAG1537.JPG,14356163303,1118103,1118103,0,1467906482,0
S4/B07/B07_R2/S4_B07_R2_IMAG1538.JPG,14357281472,1051532,1051532,0,2109796243,0
S4/B07/B07_R2/S4_B07_R2_IMAG2009.JPG,14744929804,534745,534745,0,1945658338,0
S4/B08/B08_R2/S4_B08_R2_IMAG1445.JPG,16470317499,760663,760663,0,3307929979,0
S4/B08/B08_R2/S4_B08_R2_IMAG1446.JPG,16471078228,760599,760599,0,604418113,0
S4/B08/B08_R2/S4_B08_R2_IMAG1447.JPG,16471838893,698721,698721,0,1973430011,0
S4/B09/B09_R2/S4_B09_R2_IMAG0092.JPG,18144371636,975879,975879,0,1996228812,0
S4/B09/B09_R2/S4_B09_R2_IMAG0093.JPG,18145347581,888742,888742,0,211777938,0
S4/B09/B09_R2/S4_B09_R2_IMAG0094.JPG,18146236389,799410,799410,0,1234171647,0
S4/B10/B10_R1/S4_B10_R1_IMAG0023.JPG,18764236080,389608,389608,0,539761671,0
S4/B10/B10_R1/S4_B10_R1_IMAG0024.JPG,18764625754,386588,386588,0,2096545789,0
S4/B10/B10_R1/S4_B10_R1_IMAG0025.JPG,18765012408,318513,318513,0,2686155471,0
S4/B13/B13_R1/S4_B13_R1_IMAG0113.JPG,24470376338,605442,605442,0,3269395711,0
S4/B13/B13_R1/S4_B13_R1_IMAG0114.JPG,24470981846,604806,604806,0,2139014550,0
S4/B13/B13_R1/S4_B13_R1_IMAG0115.JPG,24471586718,540354,540354,0,3103959722,0
S4/B13/B13_R1/S4_B13_R1_IMAG1534.JPG,25704064389,681538,681538,0,3277241043,0
S4/B13/B13_R1/S4_B13_R1_IMAG1535.JPG,25704745993,824229,824229,0,1616523197,0
S4/B13/B13_R1/S4_B13_R1_IMAG1536.JPG,25705570288,826594,826594,0,1373544828,0
S4/B13/B13_R1/S4_B13_R1_IMAG1651.JPG,25806812374,852722,852722,0,184952631,0
S4/B13/B13_R1/S4_B13_R1_IMAG1652.JPG,25807665162,850282,850282,0,904718815,0
S4/B13/B13_R1/S4_B13_R1_IMAG1653.JPG,25808515510,783696,783696,0,353113154,0
S4/B13/B13_R2/S4_B13_R2_IMAG0096.JPG,25944504990,945000,945000,0,414868801,0
S4/B13/B13_R2/S4_B13_R2_IMAG0097.JPG,25945450056,956276,956276,0,398691679,0
S4/B13/B13_R2/S4_B13_R2_IMAG0098.JPG,25946406398,876779,876779,0,3272215290,0
S4/B13/B13_R2/S4_B13_R2_IMAG0099.JPG,25947283243,855847,855847,0,3587531084,0
S4/B13/B13_R2/S4_B13_R2_IMAG0100.JPG,25948139156,867763,867763,0,765251100,0
S4/B13/B13_R2/S4_B13_R2_IMAG0101.JPG,25949006985,812639,812639,0,4160486901,0
S4/C02/C02_R1/S4_C02_R1_IMAG0248.JPG,26310559501,788006,788006,0,1115976199,0
S4/C02/C02_R1/S4_C02_R1_IMAG0249.JPG,26311347573,850237,850237,0,1689056347,0
S4/C02/C02_R1/S4_C02_R1_IMAG0250.JPG,26312197876,832049,832049,0,3125363089,0
S4/C02/C02_R1/S4_C02_R1_IMAG0272.JPG,26333015623,1095130,1095130,0,895825654,0
S4/C02/C02_R1/S4_C02_R1_IMAG0273.JPG,26334110819,1096324,1096324,0,2391053280,0
S4/C02/C02_R1/S4_C02_R1_IMAG0274.JPG,26335207209,1028236,1028236,0,1323339410,0
S4/C02/C02_R1/S4_C02_R1_IMAG0326.JPG,26380695025,520568,520568,0,3059545590,0
S4/C02/C02_R1/S4_C02_R1_IMAG0327.JPG,26381215659,523444,523444,0,2304382713,0
S4/C02/C02_R1/S4_C02_R1_IMAG0328.JPG,26381739169,459074,459074,0,3287597298,0
S4/C02/C02_R1/S4_C02_R1_IMAG0467.JPG,26481346635,976035,976035,0,390520928,0
S4/C02/C02_R1/S4_C02_R1_IMAG0468.JPG,26482322736,965750,965750,0,2737124503,0
S4/C02/C02_R1/S4_C02_R1_IMAG0469.JPG,26483288552,889410,889410,0,466544500,0
S4/C02/C02_R1/S4_C02_R1_IMAG2328.JPG,27961421853,539461,539461,0,2720325908,0
S4/C02/C02_R1/S4_C02_R1_IMAG2329.JPG,27961961380,538156,538156,0,3819460269,0
S4/C02/C02_R1/S4_C02_R1_IMAG2330.JPG,27962499602,472732,472732,0,495149296,0
S4/C02/C02_R1/S4_C02_R1_IMAG2334.JPG,27964552484,602064,602064,0,2937078703,0
S4/C02/C02_R1/S4_C02_R1_IMAG2335.JPG,27965154614,600110,600110,0,1514046397,0
S4/C02/C02_R1/S4_C02_R1_IMAG2336.JPG,27965754790,523025,523025,0,30923953,0
S4/C02/C02_R2/S4_C02_R2_IMAG0089.JPG,28161479328,1049280,1049280,0,3876077881,0
S4/C02/C02_R2/S4_C02_R2_IMAG0090.JPG,28162528674,1049495,1049495,0,1702357395,0
S4/C02/C02_R2/S4_C02_R2_IMAG0091.JPG,28163578235,983888,983888,0,911869530,0
S4/C02/C02_R2/S4_C02_R2_IMAG0163.JPG,28223801575,1113545,1113545,0,2327017515,0
S4/C02/C02_R2/S4_C02_R2_IMAG0164.JPG,28224915186,1113816,1113816,0,886551675,0
S4/C02/C02_R2/S4_C02_R2_IMAG0165.JPG,28226029068,1048737,1048737,0,2841758655,0
S4/C02/C02_R2/S4_C02_R2_IMAG0218.JPG,28277950952,1069131,1069131,0,3752873981,0
S4/C02/C02_R2/S4_C02_R2_IMAG0219.JPG,28279020149,1072539,1072539,0,1781588435,0
S4/C02/C02_R2/S4_C02_R2_IMAG0220.JPG,28280092754,1009082,1009082,0,1641639902,0
S4/C02/C02_R2/S4_C02_R2_IMAG0347.JPG,28391485038,998553,998553,0,640225002,0
S4/C02/C02_R2/S4_C02_R2_IMAG0348.JPG,28392483657,996940,996940,0,2678663406,0
S4/C02/C02_R2/S4_C02_R2_IMAG0349.JPG,28393480663,931750,931750,0,855723671,0
S4/C02/C02_R2/S4_C02_R2_IMAG0447.JPG,28492137831,980155,980155,0,3877077493,0
S4/C02/C02_R2/S4_C02_R2_IMAG0448.JPG,28493118052,983301,983301,0,2722720764,0
S4/C02/C02_R2/S4_C02_R2_IMAG0449.JPG,28494101419,921000,921000,0,2605496096,0
S4/C02/C02_R2/S4_C02_R2_IMAG0459.JPG,28504180396,1007623,1007623,0,2539472258,0
S4/C02/C02_R2/S4_C02_R2_IMAG0460.JPG,28505188085,995816,995816,0,786672590,0
S4/C02/C02_R2/S4_C02_R2_IMAG0461.JPG,28506183967,941270,941270,0,2378934976,0
S4/C02/C02_R2/S4_C02_R2_IMAG0474.JPG,28518809805,1018132,1018132,0,1075304251,0
S4/C02/C02_R2/S4_C02_R2_IMAG0475.JPG,28519828003,1020212,1020212,0,1866352057,0
S4/C02/C02_R2/S4_C02_R2_IMAG0476.JPG,28520848281,956505,956505,0,3178637213,0
S4/C02/C02_R2/S4_C02_R2_IMAG0914.JPG,28895960877,760790,760790,0,2880853474,0
S4/C02/C02_R2/S4_C02_R2_IMAG0915.JPG,28896721733,760450,760450,0,3856376143,0
S4/C02/C02_R2/S4_C02_R2_IMAG0916.JPG,28897482249,695440,695440,0,2372257058,0
S4/C02/C02_R2/S4_C02_R2_IMAG1244.JPG,29156687293,1021187,1021187,0,539642881,0
S4/C02/C02_R2/S4_C02_R2_IMAG1245.JPG,29157708546,1019064,1019064,0,2196281247,0
S4/C02/C02_R2/S4_C02_R2_IMAG1246.JPG,29158727676,953941,953941,0,526238350,0
S4/C02/C02_R2/S4_C02_R2_IMAG1324.JPG,29217775587,906676,906676,0,4154425109,0
S4/C02/C02_R2/S4_C02_R2_IMAG1325.JPG,29218682329,906228,906228,0,3758778407,0
S4/C02/C02_R2/S4_C02_R2_IMAG1326.JPG,29219588623,843033,843033,0,2267066438,0
S4/C02/C02_R2/S4_C02_R2_IMAG1336.JPG,29226205653,596586,596586,0,3347395967,0
S4/C02/C02_R2/S4_C02_R2_IMAG1337.JPG,29226802305,599589,599589,0,1409626772,0
S4/C02/C02_R2/S4_C02_R2_IMAG1338.JPG,29227401960,538939,538939,0,2370874530,0
S4/C03/C03_R1/S4_C03_R1_IMAG0105.JPG,29349249924,1453563,1453563,0,1370240172,0
S4/C03/C03_R1/S4_C03_R1_IMAG0106.JPG,29350703553,1479068,1479068,0,3689705361,0
S4/C03/C03_R1/S4_C03_R1_IMAG0107.JPG,29352182687,1429617,1429617,0,2982157708,0
S4/C03/C03_R1/S4_C03_R1_IMAG0213.JPG,29476862202,1423053,1423053,0,1778615432,0
S4/C03/C03_R1/S4_C03_R1_IMAG0214.JPG,29478285321,1396599,1396599,0,711404279,0
S4/C03/C03_R1/S4_C03_R1_IMAG0215.JPG,29479681986,1348776,1348776,0,3195017691,0
S4/C04/C04_R2/S4_C04_R2_IMAG0097.JPG,29733584487,448434,448434,0,2892467446,0
S4/C04/C04_R2/S4_C04_R2_IMAG0098.JPG,29734032987,447936,447936,0,4002631138,0
S4/C04/C04_R2/S4_C04_R2_IMAG0099.JPG,29734480989,382726,382726,0,4226708873,0
S4/C07/C07_R2/S4_C07_R2_IMAG0075.JPG,31903224664,456202,456202,0,2640910889,0
S4/C07/C07_R2/S4_C07_R2_IMAG0076.JPG,31903680932,456383,456383,0,87459431,0
S4/C07/C07_R2/S4_C07_R2_IMAG0077.JPG,31904137381,390583,390583,0,3055086109,0
S4/C07/C07_R2/S4_C07_R2_IMAG0099.JPG,31916787139,858364,858364,0,3495329829,0
S4/C07/C07_R2/S4_C07_R2_IMAG0100.JPG,31917645569,863734,863734,0,2666078051,0
S4/C07/C07_R2/S4_C07_R2_IMAG0101.JPG,31918509369,803542,803542,0,1694776438,0
S4/C07/C07_R2/S4_C07_R2_IMAG1409.JPG,32687513346,844058,844058,0,11742745,0
S4/C07/C07_R2/S4_C07_R2_IMAG1410.JPG,32688357470,845374,845374,0,70687459,0
S4/C07/C07_R2/S4_C07_R2_IMAG1411.JPG,32689202910,780894,780894,0,2130107024,0
S4/C07/C07_R2/S4_C07_R2_IMAG2279.JPG,33155467713,537727,537727,0,2197712946,0
S4/C08/C08_R2/S4_C08_R2_IMAG0570.JPG,34316496523,446055,446055,0,3976196759,0
S4/C08/C08_R2/S4_C08_R2_IMAG0571.JPG,34316942644,450857,450857,0,197170644,0
S4/C08/C08_R2/S4_C08_R2_IMAG0572.JPG,34317393567,391267,391267,0,2832220633,0
S4/C09/C09_R3/S4_C09_R3_IMAG2816.JPG,40546871574,604615,604615,0,324510784,0
S4/C09/C09_R3/S4_C09_R3_IMAG2817.JPG,40547476255,608562,608562,0,2106109094,0
S4/C09/C09_R3/S4_C09_R3_IMAG2818.JPG,40548084883,548536,548536,0,52776537,0
S4/C10/C10_R1/S4_C10_R1_IMAG0013.JPG,41869164160,599996,599996,0,1085140872,0
S4/C10/C10_R1/S4_C10_R1_IMAG0014.JPG,41869764222,599554,599554,0,4238410295,0
S4/C10/C10_R1/S4_C10_R1_IMAG0015.JPG,41870363842,532971,532971,0,1060772333,0
S4/C10/C10_R1/S4_C10_R1_IMAG0205.JPG,42003503360,588811,588811,0,2894152543,0
S4/C10/C10_R1/S4_C10_R1_IMAG0206.JPG,42004092237,586448,586448,0,2551073009,0
S4/C10/C10_R1/S4_C10_R1_IMAG0207.JPG,42004678751,519871,519871,0,2167186065,0
S4/C10/C10_R1/S4_C10_R1_IMAG0379.JPG,42119093036,620207,620207,0,651951988,0
S4/C10/C10_R1/S4_C10_R1_IMAG0502.JPG,42199325657,832542,832542,0,3882039895,0
S4/C10/C10_R1/S4_C10_R1_IMAG0503.JPG,42200158265,837485,837485,0,141803703,0
S4/C10/C10_R1/S4_C10_R1_IMAG0504.JPG,42200995816,772711,772711,0,2527835359,0
S4/C10/C10_R1/S4_C10_R1_IMAG0505.JPG,42201768593,860258,860258,0,627921915,0
S4/C10/C10_R1/S4_C10_R1_IMAG0506.JPG,42202628917,859279,859279,0,2848019548,0
S4/C10/C10_R1/S4_C10_R1_IMAG0507.JPG,42203488262,794196,794196,0,4158510907,0
S4/C10/C10_R1/S4_C10_R1_IMAG1960.JPG,43161718872,921751,921751,0,3238194938,0
S4/C10/C10_R1/S4_C10_R1_IMAG1961.JPG,43162640689,921056,921056,0,246548253,0
S4/C10/C10_R1/S4_C10_R1_IMAG1962.JPG,43163561811,855392,855392,0,2356767050,0
S4/C10/C10_R1/S4_C10_R1_IMAG2018.JPG,43200996009,835931,835931,0,2304007220,0
S4/C10/C10_R1/S4_C10_R1_IMAG2019.JPG,43201832006,850764,850764,0,2036104515,0
S4/C10/C10_R1/S4_C10_R1_IMAG2020.JPG,43202682836,799874,799874,0,958494046,0
S4/C10/C10_R3/S4_C10_R3_IMAG1459.JPG,44285174547,602484,602484,0,1069763262,0
S4/C10/C10_R3/S4_C10_R3_IMAG1460.JPG,44285777097,599982,599982,0,620188071,0
S4/C10/C10_R3/S4_C10_R3_IMAG1461.JPG,44286377145,536615,536615,0,1946672894,0
S4/C10/C10_R3/S4_C10_R3_IMAG2664.JPG,45172762206,782293,782293,0,1694577400,0
S4/C10/C10_R3/S4_C10_R3_IMAG2665.JPG,45173544565,795768,795768,0,3223568677,0
S4/C10/C10_R3/S4_C10_R3_IMAG2666.JPG,45174340399,736499,736499,0,593534532,0
S4/C12/C12_R1/S4_C12_R1_IMAG0486.JPG,45654782934,707568,707568,0,2276687592,0
S4/C12/C12_R1/S4_C12_R1_IMAG0487.JPG,45655490568,708138,708138,0,3939691720,0
S4/C12/C12_R1/S4_C12_R1_IMAG0488.JPG,45656198772,643606,643606,0,2481585008,0
S4/C12/C12_R1/S4_C12_R1_IMAG2311.JPG,46678712055,625912,625912,0,211229035,0
S4/C12/C12_R1/S4_C12_R1_IMAG2312.JPG,46679338033,607415,607415,0,2876727486,0
S4/C12/C12_R1/S4_C12_R1_IMAG2313.JPG,46679945514,523524,523524,0,4290994392,0
S4/C13/C13_R1/S4_C13_R1_IMAG0382.JPG,51339746502,871185,871185,0,434616062,0
S4/C13/C13_R1/S4_C13_R1_IMAG0383.JPG,51340617753,870110,870110,0,3736478120,0
S4/C13/C13_R1/S4_C13_R1_IMAG0384.JPG,51341487929,804203,804203,0,2039613732,0
S4/C13/C13_R1/S4_C13_R1_IMAG1580.JPG,52112188211,597054,597054,0,1497194512,0
S4/C13/C13_R1/S4_C13_R1_IMAG1581.JPG,52112785331,588883,588883,0,3128512696,0
S4/C13/C13_R1/S4_C13_R1_IMAG1582.JPG,52113374280,511843,511843,0,2038860521,0
S4/C13/C13_R1/S4_C13_R1_IMAG2931.JPG,52897254431,436013,436013,0,338694421,0
S4/C13/C13_R1/S4_C13_R1_IMAG2932.JPG,52897690510,439181,439181,0,1005419690,0
S4/C13/C13_R1/S4_C13_R1_IMAG2933.JPG,52898129757,372003,372003,0,3083061229,0
S4/C13/C13_R1/S4_C13_R1_IMAG3375.JPG,53137055098,399078,399078,0,570845066,0
S4/C13/C13_R1/S4_C13_R1_IMAG3376.JPG,53137454242,391633,391633,0,761484538,0
S4/C13/C13_R1/S4_C13_R1_IMAG3377.JPG,53137845941,320814,320814,0,4051826316,0
S4/C13/C13_R1/S4_C13_R1_IMAG3540.JPG,53203515935,600057,600057,0,2674241100,0
S4/C13/C13_R1/S4_C13_R1_IMAG3541.JPG,53204116058,537625,537625,0,3519401832,0
S4/C13/C13_R1/S4_C13_R1_IMAG3542.JPG,53204653749,466605,466605,0,3738588460,0
S4/C13/C13_R1/S4_C13_R1_IMAG3883.JPG,53438130858,837496,837496,0,4117609712,0
S4/C13/C13_R1/S4_C13_R1_IMAG3884.JPG,53438968420,838136,838136,0,2347766308,0
S4/C13/C13_R1/S4_C13_R1_IMAG3885.JPG,53439806622,773078,773078,0,1425416887,0
S4/C13/C13_R1/S4_C13_R1_IMAG4000.JPG,53524896457,723388,723388,0,3499504284,0
S4/C13/C13_R1/S4_C13_R1_IMAG4001.JPG,53525619911,722296,722296,0,3895313344,0
S4/C13/C13_R1/S4_C13_R1_IMAG4002.JPG,53526342273,656091,656091,0,1342749343,0
S4/C13/C13_R1/S4_C13_R1_IMAG4747.JPG,54019881741,662342,662342,0,116254162,0
S4/C13/C13_R1/S4_C13_R1_IMAG4748.JPG,54020544149,659333,659333,0,2747966135,0
S4/C13/C13_R1/S4_C13_R1_IMAG4749.JPG,54021203548,584564,584564,0,331817381,0
S4/C13/C13_R1/S4_C13_R1_IMAG5041.JPG,54208904370,411353,411353,0,869271117,0
S4/C13/C13_R1/S4_C13_R1_IMAG5042.JPG,54209315789,411722,411722,0,1586397310,0
S4/C13/C13_R1/S4_C13_R1_IMAG5043.JPG,54209727577,347018,347018,0,2824790799,0
S4/C13/C13_R1/S4_C13_R1_IMAG5163.JPG,54266909578,675840,675840,0,4068184611,0
S4/C13/C13_R1/S4_C13_R1_IMAG5967.JPG,54754879942,717178,717178,0,4198739450,0
S4/C13/C13_R1/S4_C13_R1_IMAG5968.JPG,54755597186,722328,722328,0,500123080,0
S4/C13/C13_R1/S4_C13_R1_IMAG5969.JPG,54756319580,656995,656995,0,826325801,0
S4/C13/C13_R1/S4_C13_R1_IMAG6087.JPG,54832778113,489917,489917,0,3489285932,0
S4/C13/C13_R1/S4_C13_R1_IMAG6088.JPG,54833268096,490507,490507,0,2685798703,0
S4/C13/C13_R1/S4_C13_R1_IMAG6089.JPG,54833758669,425585,425585,0,164835377,0
S4/C13/C13_R2/S4_C13_R2_IMAG0253.JPG,55088133409,408255,408255,0,1842432283,0
S4/C13/C13_R2/S4_C13_R2_IMAG0254.JPG,55088541730,453652,453652,0,934105831,0
S4/C13/C13_R2/S4_C13_R2_IMAG0255.JPG,55088995448,388864,388864,0,3670363840,0
S4/C13/C13_R2/S4_C13_R2_IMAG0306.JPG,55122742326,595696,595696,0,4003201586,0
S4/C13/C13_R2/S4_C13_R2_IMAG0307.JPG,55123338088,595570,595570,0,650019900,0
S4/C13/C13_R2/S4_C13_R2_IMAG0308.JPG,55123933724,529674,529674,0,257869196,0
S4/D02/D02_R1/S4_D02_R1_IMAG1124.JPG,57289251860,452776,452776,0,149898235,0
S4/D02/D02_R1/S4_D02_R1_IMAG1125.JPG,57289704702,445464,445464,0,1514535458,0
S4/D02/D02_R1/S4_D02_R1_IMAG1126.JPG,57290150232,380675,380675,0,2728047916,0
S4/D02/D02_R1/S4_D02_R1_IMAG1932.JPG,57844208952,437496,437496,0,1968041309,0
S4/D02/D02_R1/S4_D02_R1_IMAG1933.JPG,57844646514,464021,464021,0,770740430,0
S4/D02/D02_R1/S4_D02_R1_IMAG1934.JPG,57845110601,383180,383180,0,410347166,0
S4/D02/D02_R1/S4_D02_R1_IMAG2277.JPG,58036145134,347154,347154,0,119022461,0
S4/D02/D02_R1/S4_D02_R1_IMAG2278.JPG,58036492354,414730,414730,0,3124391393,0
S4/D02/D02_R1/S4_D02_R1_IMAG2279.JPG,58036907150,371914,371914,0,4042268992,0
S4/D02/D02_R1/S4_D02_R1_IMAG2590.JPG,58302348903,695728,695728,0,1579782214,0
S4/D02/D02_R1/S4_D02_R1_IMAG2591.JPG,58303044697,829576,829576,0,810637013,0
S4/D02/D02_R1/S4_D02_R1_IMAG2592.JPG,58303874339,786787,786787,0,1393857599,0
S4/D02/D02_R1/S4_D02_R1_IMAG2593.JPG,58304661192,715631,715631,0,1544091033,0
S4/D02/D02_R2/S4_D02_R2_IMAG0183.JPG,58540798086,847494,847494,0,28919994,0
S4/D02/D02_R2/S4_D02_R2_IMAG0184.JPG,58541645646,850141,850141,0,3697442273,0
S4/D02/D02_R2/S4_D02_R2_IMAG0185.JPG,58542495853,794871,794871,0,2764316088,0
S4/D02/D02_R2/S4_D02_R2_IMAG0288.JPG,58630134369,842488,842488,0,184412077,0
S4/D02/D02_R2/S4_D02_R2_IMAG0289.JPG,58630976923,866613,866613,0,1945598074,0
S4/D02/D02_R2/S4_D02_R2_IMAG0290.JPG,58631843602,834004,834004,0,2267748773,0
S4/D02/D02_R2/S4_D02_R2_IMAG0319.JPG,58657888551,963535,963535,0,3905215172,0
S4/D02/D02_R2/S4_D02_R2_IMAG0320.JPG,58658852152,962530,962530,0,2725345741,0
S4/D02/D02_R2/S4_D02_R2_IMAG0321.JPG,58659814748,897283,897283,0,3668412283,0
S4/D02/D02_R2/S4_D02_R2_IMAG0352.JPG,58687620098,915519,915519,0,710519084,0
S4/D02/D02_R2/S4_D02_R2_IMAG0353.JPG,58688535683,915479,915479,0,861706177,0
S4/D02/D02_R2/S4_D02_R2_IMAG0354.JPG,58689451228,849428,849428,0,415825962,0
S4/D03/D03_R2/S4_D03_R2_IMAG0136.JPG,60819391329,888059,888059,0,2287770849,0
S4/D03/D03_R2/S4_D03_R2_IMAG0137.JPG,60820279454,883962,883962,0,583982083,0
S4/D03/D03_R2/S4_D03_R2_IMAG0138.JPG,60821163482,816895,816895,0,756564541,0
S4/D03/D03_R2/S4_D03_R2_IMAG0139.JPG,60821980443,835701,835701,0,914864289,0
S4/D03/D03_R2/S4_D03_R2_IMAG0140.JPG,60822816210,836394,836394,0,1520072520,0
S4/D03/D03_R2/S4_D03_R2_IMAG0141.JPG,60823652670,770056,770056,0,603493091,0
S4/D04/D04_R2/S4_D04_R2_IMAG0018.JPG,61005609657,1162574,1162574,0,1293644007,0
S4/D04/D04_R2/S4_D04_R2_IMAG0019.JPG,61006772297,1155934,1155934,0,3094730657,0
S4/D04/D04_R2/S4_D04_R2_IMAG0020.JPG,61007928297,1074613,1074613,0,428891679,0
S4/D04/D04_R2/S4_D04_R2_IMAG0211.JPG,61178458246,1220598,1220598,0,1661842746,0
S4/D04/D04_R2/S4_D04_R2_IMAG0212.JPG,61179678910,1220441,1220441,0,4225721345,0
S4/D04/D04_R2/S4_D04_R2_IMAG0213.JPG,61180899417,1153648,1153648,0,3718567092,0
S4/D04/D04_R2/S4_D04_R2_IMAG0303.JPG,61261335260,1231572,1231572,0,2892288179,0
S4/D04/D04_R2/S4_D04_R2_IMAG0304.JPG,61262566898,1227310,1227310,0,685674297,0
S4/D04/D04_R2/S4_D04_R2_IMAG0305.JPG,61263794274,1162293,1162293,0,1469581614,0
S4/D05/D05_R2/S4_D05_R2_IMAG0272.JPG,61696437241,681945,681945,0,445251531,0
S4/D05/D05_R2/S4_D05_R2_IMAG0273.JPG,61697119252,682539,682539,0,253605793,0
S4/D05/D05_R2/S4_D05_R2_IMAG0274.JPG,61697801857,620411,620411,0,3937150059,0
S4/D05/D05_R2/S4_D05_R2_IMAG0284.JPG,61705441731,857240,857240,0,3816749775,0
S4/D05/D05_R2/S4_D05_R2_IMAG0285.JPG,61706299037,814255,814255,0,4200732949,0
S4/D05/D05_R2/S4_D05_R2_IMAG0286.JPG,61707113358,675859,675859,0,2588893210,0
S4/D06/D06_R2/S4_D06_R2_IMAG0388.JPG,65829565874,825990,825990,0,2358384343,0
S4/D06/D06_R2/S4_D06_R2_IMAG0389.JPG,65830391930,831110,831110,0,1407686670,0
S4/D06/D06_R2/S4_D06_R2_IMAG0390.JPG,65831223106,783196,783196,0,185472683,0
S4/D06/D06_R2/S4_D06_R2_IMAG2866.JPG,67289939839,569076,569076,0,2951042009,0
S4/D06/D06_R2/S4_D06_R2_IMAG2867.JPG,67290508981,495333,495333,0,17734396,0
S4/D06/D06_R2/S4_D06_R2_IMAG2868.JPG,67291004380,446340,446340,0,2923140695,0
S4/D07/D07_R1/S4_D07_R1_IMAG0016.JPG,67530937202,906497,906497,0,1547950372,0
S4/D07/D07_R1/S4_D07_R1_IMAG0017.JPG,67531843765,1001908,1001908,0,1726393215,0
S4/D07/D07_R1/S4_D07_R1_IMAG0018.JPG,67532845739,897114,897114,0,3628763247,0
S4/D07/D07_R1/S4_D07_R1_IMAG0067.JPG,67573457569,810784,810784,0,2191671522,0
S4/D07/D07_R1/S4_D07_R1_IMAG0068.JPG,67574268419,813101,813101,0,3397755303,0
S4/D07/D07_R1/S4_D07_R1_IMAG0069.JPG,67575081586,753348,753348,0,1787046727,0
S4/D09/D09_R2/S4_D09_R2_IMAG0088.JPG,72594809925,851573,851573,0,3296097431,0
S4/D09/D09_R2/S4_D09_R2_IMAG0089.JPG,72595661564,852200,852200,0,2288230376,0
S4/D09/D09_R2/S4_D09_R2_IMAG0090.JPG,72596513830,785133,785133,0,2728294502,0
S4/D11/D11_R1/S4_D11_R1_IMAG0095.JPG,76831051999,746823,746823,0,460139163,0
S4/D11/D11_R1/S4_D11_R1_IMAG0096.JPG,76831798888,745985,745985,0,1105105147,0
S4/D11/D11_R1/S4_D11_R1_IMAG0097.JPG,76832544939,683128,683128,0,2684448686,0
S4/D11/D11_R1/S4_D11_R1_IMAG0118.JPG,76845015189,525201,525201,0,3633200173,0
S4/D11/D11_R1/S4_D11_R1_IMAG0378.JPG,76964871915,304262,304262,0,3286952994,0
S4/D11/D11_R1/S4_D11_R1_IMAG0379.JPG,76965176243,303471,303471,0,2052006987,0
S4/D11/D11_R1/S4_D11_R1_IMAG0380.JPG,76965479780,238188,238188,0,4246868639,0
S4/D12/D12_R2/S4_D12_R2_IMAG0600.JPG,79559071412,1134898,1134898,0,1536125083,0
S4/D12/D12_R2/S4_D12_R2_IMAG0601.JPG,79560206376,1138362,1138362,0,1647574018,0
S4/D12/D12_R2/S4_D12_R2_IMAG0602.JPG,79561344804,1070519,1070519,0,4199190074,0
S4/D12/D12_R2/S4_D12_R2_IMAG0879.JPG,79829766785,461850,461850,0,1652434187,0
S4/D12/D12_R2/S4_D12_R2_IMAG0880.JPG,79830228701,428442,428442,0,3674391706,0
S4/D12/D12_R2/S4_D12_R2_IMAG0881.JPG,79830657209,439944,439944,0,2770565536,0
S4/D12/D12_R2/S4_D12_R2_IMAG0969.JPG,79882789040,656619,656619,0,2546267878,0
S4/D13/D13_R2/S4_D13_R2_IMAG0188.JPG,82112559837,853644,853644,0,1640611225,0
S4/D13/D13_R2/S4_D13_R2_IMAG0189.JPG,82113413547,853943,853943,0,3130135624,0
S4/D13/D13_R2/S4_D13_R2_IMAG0190.JPG,82114267556,787118,787118,0,1583387702,0
S4/D13/D13_R2/S4_D13_R2_IMAG0325.JPG,82223967508,679417,679417,0,1668005437,0
S4/D13/D13_R2/S4_D13_R2_IMAG0326.JPG,82224646991,678945,678945,0,4166330905,0
S4/D13/D13_R2/S4_D13_R2_IMAG0327.JPG,82225326002,613507,613507,0,2561562281,0
S4/E01/E01_R1/S4_E01_R1_IMAG0225.JPG,84720298113,977253,977253,0,3039119193,0
S4/E01/E01_R2/S4_E01_R2_IMAG0177.JPG,84989261024,1150885,1150885,0,3608271031,0
S4/E01/E01_R2/S4_E01_R2_IMAG0178.JPG,84990411975,1158157,1158157,0,4106849593,0
S4/E01/E01_R2/S4_E01_R2_IMAG0179.JPG,84991570198,1099056,1099056,0,625412497,0
S4/E01/E01_R2/S4_E01_R2_IMAG0264.JPG,85076973702,605731,605731,0,902087217,0
S4/E01/E01_R2/S4_E01_R2_IMAG0265.JPG,85077579499,604523,604523,0,1887801612,0
S4/E01/E01_R2/S4_E01_R2_IMAG0266.JPG,85078184088,540730,540730,0,3517498915,0
S4/E02/E02_R1/S4_E02_R1_IMAG0074.JPG,88864564600,839342,839342,0,35302989,0
S4/E02/E02_R1/S4_E02_R1_IMAG0075.JPG,88865404008,836945,836945,0,1549542930,0
S4/E02/E02_R1/S4_E02_R1_IMAG0076.JPG,88866241019,773088,773088,0,1582598802,0
S4/E02/E02_R1/S4_E02_R1_IMAG0083.JPG,88871205743,1454722,1454722,0,2162471754,0
S4/E02/E02_R1/S4_E02_R1_IMAG0084.JPG,88872660531,1457254,1457254,0,622392074,0
S4/E02/E02_R1/S4_E02_R1_IMAG0085.JPG,88874117851,1392002,1392002,0,4055272878,0
S4/E02/E02_R1/S4_E02_R1_IMAG0204.JPG,89023578159,1428267,1428267,0,3782594641,0
S4/E02/E02_R1/S4_E02_R1_IMAG0205.JPG,89025006492,1431580,1431580,0,1729449234,0
S4/E02/E02_R1/S4_E02_R1_IMAG0206.JPG,89026438138,1366805,1366805,0,747104163,0
S4/E02/E02_R1/S4_E02_R1_IMAG0213.JPG,89036220466,1359402,1359402,0,665247815,0
S4/E02/E02_R1/S4_E02_R1_IMAG0214.JPG,89037579934,492133,492133,0,1194265240,0
S4/E02/E02_R1/S4_E02_R1_IMAG0215.JPG,89038072133,210767,210767,0,495044501,0
S4/E02/E02_R1/S4_E02_R1_IMAG1688.JPG,90792945144,1313073,1313073,0,4255290187,0
S4/E02/E02_R1/S4_E02_R1_IMAG1689.JPG,90794258283,1304759,1304759,0,2766718063,0
S4/E02/E02_R1/S4_E02_R1_IMAG1690.JPG,90795563108,1233271,1233271,0,145943993,0
S4/E02/E02_R1/S4_E02_R1_IMAG1754.JPG,90868165428,1336991,1336991,0,1986919009,0
S4/E02/E02_R1/S4_E02_R1_IMAG1755.JPG,90869502485,1337478,1337478,0,2669372427,0
S4/E02/E02_R1/S4_E02_R1_IMAG1756.JPG,90870840029,1271884,1271884,0,210744291,0
S4/E02/E02_R1/S4_E02_R1_IMAG1781.JPG,90901469435,1011794,1011794,0,3025488303,0
S4/E02/E02_R1/S4_E02_R1_IMAG1782.JPG,90902481295,918046,918046,0,1000052265,0
S4/E02/E02_R1/S4_E02_R1_IMAG1783.JPG,90903399407,592459,592459,0,3626952594,0
S4/E03/E03_R1/S4_E03_R1_IMAG1195.JPG,93599339633,860279,860279,0,155234597,0
S4/E03/E03_R1/S4_E03_R1_IMAG1196.JPG,93600199978,859926,859926,0,7646823,0
S4/E03/E03_R1/S4_E03_R1_IMAG1197.JPG,93601059970,796516,796516,0,3348566342,0
S4/E03/E03_R2/S4_E03_R2_IMAG0748.JPG,94365178932,658754,658754,0,3303386674,0
S4/E03/E03_R2/S4_E03_R2_IMAG0749.JPG,94365837752,655306,655306,0,1859191373,0
S4/E03/E03_R2/S4_E03_R2_IMAG0750.JPG,94366493124,588648,588648,0,2956427972,0
S4/E03/E03_R2/S4_E03_R2_IMAG1762.JPG,95049822675,674193,674193,0,2345903337,0
S4/E03/E03_R2/S4_E03_R2_IMAG1763.JPG,95050496934,671331,671331,0,2495924256,0
S4/E03/E03_R2/S4_E03_R2_IMAG1764.JPG,95051168331,604840,604840,0,360653473,0
S4/E03/E03_R2/S4_E03_R2_IMAG1934.JPG,95142387945,508415,508415,0,3781299981,0
S4/E03/E03_R2/S4_E03_R2_IMAG1935.JPG,95142896426,510188,510188,0,2487652831,0
S4/E03/E03_R2/S4_E03_R2_IMAG1936.JPG,95143406680,447744,447744,0,4102306791,0
S4/E04/E04_R1/S4_E04_R1_IMAG0045.JPG,96257520972,870305,870305,0,1660277626,0
S4/E04/E04_R1/S4_E04_R1_IMAG0046.JPG,96258391343,865857,865857,0,2747732386,0
S4/E04/E04_R1/S4_E04_R1_IMAG0047.JPG,96259257266,798259,798259,0,1996547521,0
S4/E04/E04_R1/S4_E04_R1_IMAG0200.JPG,96392874332,995397,995397,0,1928833912,0
S4/E04/E04_R1/S4_E04_R1_IMAG0201.JPG,96393869795,996134,996134,0,2931499323,0
S4/E04/E04_R1/S4_E04_R1_IMAG0202.JPG,96394865995,930571,930571,0,667742512,0
S4/E04/E04_R1/S4_E04_R1_IMAG1019.JPG,97275815944,1119277,1119277,0,1122887689,0
S4/E04/E04_R1/S4_E04_R1_IMAG1020.JPG,97276935287,1118022,1118022,0,2515931517,0
S4/E04/E04_R1/S4_E04_R1_IMAG1021.JPG,97278053375,1048750,1048750,0,2652839963,0
S4/E04/E04_R2/S4_E04_R2_IMAG0294.JPG,98435052498,1074516,1074516,0,3302838977,0
S4/E04/E04_R2/S4_E04_R2_IMAG0295.JPG,98436127080,1067975,1067975,0,2624622176,0
S4/E04/E04_R2/S4_E04_R2_IMAG0296.JPG,98437195121,1014378,1014378,0,2462789780,0
S4/E04/E04_R2/S4_E04_R2_IMAG2624.JPG,100911305785,872951,872951,0,4021559342,0
S4/E04/E04_R2/S4_E04_R2_IMAG2625.JPG,100912178802,864941,864941,0,1102739902,0
S4/E04/E04_R2/S4_E04_R2_IMAG2626.JPG,100913043809,795644,795644,0,2302016611,0
S4/E04/E04_R2/S4_E04_R2_IMAG2676.JPG,100952609708,948438,948438,0,2075504712,0
S4/E04/E04_R2/S4_E04_R2_IMAG2677.JPG,100953558212,947272,947272,0,1311515567,0
S4/E04/E04_R2/S4_E04_R2_IMAG2678.JPG,100954505550,881246,881246,0,787876600,0
S4/E04/E04_R2/S4_E04_R2_IMAG2707.JPG,100969507667,865996,865996,0,2711776955,0
S4/E04/E04_R2/S4_E04_R2_IMAG2708.JPG,100970373729,868896,868896,0,897073568,0
S4/E04/E04_R2/S4_E04_R2_IMAG2709.JPG,100971242691,805972,805972,0,4076171256,0
S4/E04/E04_R2/S4_E04_R2_IMAG2875.JPG,101105071580,835444,835444,0,4246934443,0
S4/E04/E04_R2/S4_E04_R2_IMAG2876.JPG,101105907090,835680,835680,0,3586189189,0
S4/E04/E04_R2/S4_E04_R2_IMAG2877.JPG,101106742836,761029,761029,0,1962754232,0
S4/E05/E05_R2/S4_E05_R2_IMAG0399.JPG,102835274705,565854,565854,0,3411748614,0
S4/E05/E05_R2/S4_E05_R2_IMAG0400.JPG,102835840625,554426,554426,0,562597877,0
S4/E05/E05_R2/S4_E05_R2_IMAG0401.JPG,102836395117,483688,483688,0,843686205,0
S4/E05/E05_R2/S4_E05_R2_IMAG0402.JPG,102836878871,573689,573689,0,3774107798,0
S4/E05/E05_R2/S4_E05_R2_IMAG0403.JPG,102837452626,569875,569875,0,2702102225,0
S4/E05/E05_R2/S4_E05_R2_IMAG0404.JPG,102838022567,503553,503553,0,1158714326,0
S4/E05/E05_R2/S4_E05_R2_IMAG0790.JPG,103080348926,551564,551564,0,1565563871,0
S4/E05/E05_R2/S4_E05_R2_IMAG1472.JPG,103516604484,436929,436929,0,1825174577,0
S4/E05/E05_R2/S4_E05_R2_IMAG1473.JPG,103517041479,437218,437218,0,3693339397,0
S4/E05/E05_R2/S4_E05_R2_IMAG1474.JPG,103517478763,373078,373078,0,3689576625,0
S4/E06/E06_R2/S4_E06_R2_IMAG0528.JPG,105203500272,414051,414051,0,2303579559,0
S4/E06/E06_R2/S4_E06_R2_IMAG0529.JPG,105203914389,314809,314809,0,356080741,0
S4/E06/E06_R2/S4_E06_R2_IMAG0530.JPG,105204229264,241405,241405,0,3550748260,0
S4/E06/E06_R2/S4_E06_R2_IMAG0653.JPG,105306706518,643377,643377,0,3017266642,0
S4/E06/E06_R2/S4_E06_R2_IMAG0654.JPG,105307349961,633660,633660,0,2081137577,0
S4/E06/E06_R2/S4_E06_R2_IMAG0655.JPG,105307983687,563244,563244,0,1191730061,0
S4/E08/E08_R1/S4_E08_R1_IMAG0450.JPG,105965236851,691583,691583,0,4166351827,0
S4/E08/E08_R1/S4_E08_R1_IMAG0451.JPG,105965928500,695182,695182,0,1475606190,0
S4/E08/E08_R1/S4_E08_R1_IMAG0452.JPG,105966623748,634696,634696,0,3870631638,0
S4/E10/E10_R3/S4_E10_R3_IMAG0022.JPG,108136700800,793787,793787,0,2279922676,0
S4/E10/E10_R3/S4_E10_R3_IMAG0023.JPG,108137494653,793856,793856,0,1558687404,0
S4/E10/E10_R3/S4_E10_R3_IMAG0024.JPG,108138288575,724513,724513,0,2878918095,0
S4/E11/E11_R2/S4_E11_R2_IMAG0575.JPG,110622409558,915359,915359,0,676287758,0
S4/E11/E11_R2/S4_E11_R2_IMAG0576.JPG,110623324983,915560,915560,0,1968325988,0
S4/E11/E11_R2/S4_E11_R2_IMAG0577.JPG,110624240609,848923,848923,0,4000781861,0
S4/F01/F01_R1/S4_F01_R1_IMAG0017.JPG,113531590931,847797,847797,0,3486894381,0
S4/F01/F01_R1/S4_F01_R1_IMAG0018.JPG,113532438794,814632,814632,0,2344536101,0
S4/F01/F01_R1/S4_F01_R1_IMAG0019.JPG,113533253492,715407,715407,0,1037080272,0
S4/F01/F01_R1/S4_F01_R1_IMAG0748.JPG,114231041284,1157835,1157835,0,1945461639,0
S4/F01/F01_R1/S4_F01_R1_IMAG0749.JPG,114232199185,1100398,1100398,0,99951293,0
S4/F01/F01_R1/S4_F01_R1_IMAG0750.JPG,114233299649,1027988,1027988,0,600949678,0
S4/F01/F01_R1/S4_F01_R1_IMAG0810.JPG,114292052463,1140975,1140975,0,2489359869,0
S4/F01/F01_R1/S4_F01_R1_IMAG0811.JPG,114293193504,1153506,1153506,0,1233169225,0
S4/F01/F01_R1/S4_F01_R1_IMAG0812.JPG,114294347076,1093365,1093365,0,3510493513,0
S4/F01/F01_R2/S4_F01_R2_IMAG0176.JPG,114426058053,820891,820891,0,185393535,0
S4/F01/F01_R2/S4_F01_R2_IMAG0177.JPG,114426879010,889670,889670,0,3133001366,0
S4/F01/F01_R2/S4_F01_R2_IMAG0178.JPG,114427768746,846418,846418,0,270249968,0
S4/F01/F01_R2/S4_F01_R2_IMAG0452.JPG,114648254963,611523,611523,0,537265904,0
S4/F01/F01_R2/S4_F01_R2_IMAG0453.JPG,114648866552,609120,609120,0,1992571246,0
S4/F01/F01_R2/S4_F01_R2_IMAG0454.JPG,114649475738,548350,548350,0,173856797,0
S4/F01/F01_R2/S4_F01_R2_IMAG0458.JPG,114651733120,623850,623850,0,2114042208,0
S4/F01/F01_R2/S4_F01_R2_IMAG0459.JPG,114652357036,620593,620593,0,3902322997,0
S4/F01/F01_R2/S4_F01_R2_IMAG0460.JPG,114652977695,577504,577504,0,2554893324,0
S4/F01/F01_R2/S4_F01_R2_IMAG0721.JPG,114869067181,724311,724311,0,327180938,0
S4/F01/F01_R2/S4_F01_R2_IMAG0722.JPG,114869791558,739652,739652,0,4088431181,0
S4/F01/F01_R2/S4_F01_R2_IMAG0723.JPG,114870531276,683969,683969,0,4238203693,0
S4/F01/F01_R2/S4_F01_R2_IMAG0980.JPG,115040066328,639174,639174,0,323777603,0
S4/F01/F01_R2/S4_F01_R2_IMAG0981.JPG,115040705568,634062,634062,0,2813432797,0
S4/F01/F01_R2/S4_F01_R2_IMAG0982.JPG,115041339696,542563,542563,0,3514516746,0
S4/F03/F03_R1/S4_F03_R1_IMAG0096.JPG,119981876229,631032,631032,0,2344059737,0
S4/F03/F03_R1/S4_F03_R1_IMAG0637.JPG,120486205231,716781,716781,0,4030603505,0
S4/F03/F03_R2/S4_F03_R2_IMAG0023.JPG,120568672008,467723,467723,0,1151350632,0
S4/F03/F03_R2/S4_F03_R2_IMAG0024.JPG,120569139797,463874,463874,0,947562974,0
S4/F03/F03_R2/S4_F03_R2_IMAG0025.JPG,120569603737,397907,397907,0,3035160034,0
S4/F05/F05_R2/S4_F05_R2_IMAG0032.JPG,122767652754,1083065,1083065,0,1631268744,0
S4/F05/F05_R2/S4_F05_R2_IMAG0033.JPG,122768735885,1082541,1082541,0,657746136,0
S4/F05/F05_R2/S4_F05_R2_IMAG0034.JPG,122769818492,1013793,1013793,0,4012248284,0
S4/F07/F07_R1/S4_F07_R1_IMAG0189.JPG,123609493952,820225,820225,0,2348090379,0
S4/F07/F07_R1/S4_F07_R1_IMAG0190.JPG,123610314243,819641,819641,0,3840754525,0
S4/F07/F07_R1/S4_F07_R1_IMAG0191.JPG,123611133950,754868,754868,0,1520333500,0
S4/F07/F07_R1/S4_F07_R1_IMAG0198.JPG,123616590815,783851,783851,0,683355789,0
S4/F07/F07_R1/S4_F07_R1_IMAG0199.JPG,123617374732,787345,787345,0,3633760673,0
S4/F07/F07_R1/S4_F07_R1_IMAG0200.JPG,123618162143,715119,715119,0,1154627442,0
S4/F07/F07_R1/S4_F07_R1_IMAG0227.JPG,123631715665,577386,577386,0,2572165883,0
S4/F07/F07_R2/S4_F07_R2_IMAG0312.JPG,123759436269,691698,691698,0,3383056591,0
S4/F07/F07_R2/S4_F07_R2_IMAG0313.JPG,123760128033,734197,734197,0,3879660822,0
S4/F07/F07_R2/S4_F07_R2_IMAG0314.JPG,123760862296,704115,704115,0,3308773409,0
S4/F08/F08_R2/S4_F08_R2_IMAG0085.JPG,125387091328,776792,776792,0,709167466,0
S4/F08/F08_R2/S4_F08_R2_IMAG0086.JPG,125387868186,776148,776148,0,2384382454,0
S4/F08/F08_R2/S4_F08_R2_IMAG0087.JPG,125388644400,710255,710255,0,3523180038,0
S4/F08/F08_R2/S4_F08_R2_IMAG0253.JPG,125516625781,844479,844479,0,1495932343,0
S4/F08/F08_R2/S4_F08_R2_IMAG0254.JPG,125517470326,870338,870338,0,2391613867,0
S4/F08/F08_R2/S4_F08_R2_IMAG0255.JPG,125518340730,822678,822678,0,2404768306,0
S4/F08/F08_R2/S4_F08_R2_IMAG0256.JPG,125519163474,628132,628132,0,1391391342,0
S4/F08/F08_R2/S4_F08_R2_IMAG0257.JPG,125519791672,617956,617956,0,1859476809,0
S4/F08/F08_R2/S4_F08_R2_IMAG0258.JPG,125520409694,550763,550763,0,889905467,0
S4/F08/F08_R2/S4_F08_R2_IMAG0259.JPG,125520960523,663993,663993,0,1701103771,0
S4/F08/F08_R2/S4_F08_R2_IMAG0260.JPG,125521624582,665601,665601,0,1872917365,0
S4/F08/F08_R2/S4_F08_R2_IMAG0261.JPG,125522290249,601580,601580,0,3507611914,0
S4/F08/F08_R2/S4_F08_R2_IMAG0589.JPG,125758274416,564573,564573,0,337054245,0
S4/F08/F08_R2/S4_F08_R2_IMAG0590.JPG,125758839055,563773,563773,0,2679666110,0
S4/F08/F08_R2/S4_F08_R2_IMAG0591.JPG,125759402894,497633,497633,0,1045523511,0
S4/F08/F08_R2/S4_F08_R2_IMAG0788.JPG,125902115039,422435,422435,0,4162189833,0
S4/F08/F08_R2/S4_F08_R2_IMAG0789.JPG,125902537540,421192,421192,0,2879044137,0
S4/F08/F08_R2/S4_F08_R2_IMAG0790.JPG,125902958798,356166,356166,0,4045249377,0
S4/F08/F08_R2/S4_F08_R2_IMAG1240.JPG,126218867748,989174,989174,0,1868836300,0
S4/F08/F08_R2/S4_F08_R2_IMAG1241.JPG,126219856988,988918,988918,0,2046132503,0
S4/F08/F08_R2/S4_F08_R2_IMAG1242.JPG,126220845972,922012,922012,0,2845394237,0
S4/F08/F08_R2/S4_F08_R2_IMAG1338.JPG,126293852357,583119,583119,0,2013883149,0
S4/F08/F08_R2/S4_F08_R2_IMAG1339.JPG,126294435542,584057,584057,0,1499281494,0
S4/F08/F08_R2/S4_F08_R2_IMAG1340.JPG,126295019665,520214,520214,0,2372127356,0
S4/F08/F08_R2/S4_F08_R2_IMAG1344.JPG,126297543752,586404,586404,0,2837972391,0
S4/F08/F08_R2/S4_F08_R2_IMAG1345.JPG,126298130222,584760,584760,0,2125343717,0
S4/F08/F08_R2/S4_F08_R2_IMAG1346.JPG,126298715048,516041,516041,0,613344458,0
S4/F08/F08_R2/S4_F08_R2_IMAG1380.JPG,126317262378,353154,353154,0,829999014,0
S4/F08/F08_R2/S4_F08_R2_IMAG1381.JPG,126317615598,354478,354478,0,3103279926,0
S4/F08/F08_R2/S4_F08_R2_IMAG1382.JPG,126317970142,290541,290541,0,3009389956,0
S4/F08/F08_R2/S4_F08_R2_IMAG1395.JPG,126322572622,388534,388534,0,1672795287,0
S4/F08/F08_R2/S4_F08_R2_IMAG1396.JPG,126322961222,387917,387917,0,2650212659,0
S4/F08/F08_R2/S4_F08_R2_IMAG1397.JPG,126323349205,323195,323195,0,3077555762,0
S4/F08/F08_R2/S4_F08_R2_IMAG1425.JPG,126333130043,389870,389870,0,1124375868,0
S4/F08/F08_R2/S4_F08_R2_IMAG1426.JPG,126333519979,389369,389369,0,556770232,0
S4/F08/F08_R2/S4_F08_R2_IMAG1427.JPG,126333909414,323320,323320,0,2839150564,0
S4/F10/F10_R1/S4_F10_R1_IMAG0285.JPG,127034999666,462195,462195,0,1093735425,0
S4/F10/F10_R1/S4_F10_R1_IMAG0286.JPG,127035461927,464983,464983,0,1528552179,0
S4/F10/F10_R1/S4_F10_R1_IMAG0287.JPG,127035926976,396746,396746,0,922427434,0
S4/F10/F10_R1/S4_F10_R1_IMAG0309.JPG,127046754993,519067,519067,0,2317581196,0
S4/F10/F10_R1/S4_F10_R1_IMAG0310.JPG,127047274126,520521,520521,0,1832992153,0
S4/F10/F10_R1/S4_F10_R1_IMAG0311.JPG,127047794713,454075,454075,0,2476536370,0
S4/F10/F10_R1/S4_F10_R1_IMAG0342.JPG,127063283259,472546,472546,0,3014994509,0
S4/F10/F10_R1/S4_F10_R1_IMAG0343.JPG,127063755871,477502,477502,0,1955453943,0
S4/F10/F10_R1/S4_F10_R1_IMAG0344.JPG,127064233439,407920,407920,0,2831127479,0
S4/F10/F10_R1/S4_F10_R1_IMAG0447.JPG,127126944349,620110,620110,0,22630743,0
S4/F10/F10_R1/S4_F10_R1_IMAG0448.JPG,127127564525,660616,660616,0,1682923573,0
S4/F10/F10_R1/S4_F10_R1_IMAG0449.JPG,127128225207,627480,627480,0,2274321305,0
S4/F12/F12_R1/S4_F12_R1_IMAG0716.JPG,129469402382,826088,826088,0,948752360,0
S4/F12/F12_R1/S4_F12_R1_IMAG0717.JPG,129470228536,834957,834957,0,4109900841,0
S4/F12/F12_R1/S4_F12_R1_IMAG0718.JPG,129471063559,803874,803874,0,2754530037,0
S4/F12/F12_R1/S4_F12_R1_IMAG0897.JPG,129600669730,348880,348880,0,2013859880,0
S4/F12/F12_R1/S4_F12_R1_IMAG0898.JPG,129601018676,350271,350271,0,3243298475,0
S4/F12/F12_R1/S4_F12_R1_IMAG0899.JPG,129601369013,285531,285531,0,567051576,0
S4/F12/F12_R1/S4_F12_R1_IMAG1007.JPG,129666039798,799391,799391,0,1288060007,0
S4/F12/F12_R1/S4_F12_R1_IMAG1008.JPG,129666839255,812329,812329,0,1790058373,0
S4/F12/F12_R1/S4_F12_R1_IMAG1009.JPG,129667651650,754964,754964,0,3998867536,0
S4/F12/F12_R1/S4_F12_R1_IMAG1155.JPG,129769959022,503650,503650,0,3380678761,0
S4/F12/F12_R1/S4_F12_R1_IMAG1163.JPG,129774125057,514939,514939,0,3622461102,0
S4/F12/F12_R1/S4_F12_R1_IMAG1168.JPG,129776771511,532936,532936,0,2043839622,0
S4/F12/F12_R1/S4_F12_R1_IMAG1177.JPG,129781513037,560818,560818,0,723247255,0
S4/F12/F12_R1/S4_F12_R1_IMAG1853.JPG,130227506896,236050,236050,0,1066936903,0
S4/F12/F12_R1/S4_F12_R1_IMAG1854.JPG,130227743012,444839,444839,0,2245049460,0
S4/F12/F12_R1/S4_F12_R1_IMAG1855.JPG,130228187917,307454,307454,0,1200084305,0
S4/F12/F12_R1/S4_F12_R1_IMAG2015.JPG,130328994703,799800,799800,0,208675567,0
S4/F12/F12_R1/S4_F12_R1_IMAG2016.JPG,130329794569,799514,799514,0,1578598832,0
S4/F12/F12_R1/S4_F12_R1_IMAG2017.JPG,130330594149,734686,734686,0,3546021095,0
S4/F12/F12_R1/S4_F12_R1_IMAG2267.JPG,130509307082,297229,297229,0,3432758839,0
S4/F12/F12_R1/S4_F12_R1_IMAG2268.JPG,130509604377,303749,303749,0,2283969970,0
S4/F12/F12_R1/S4_F12_R1_IMAG2269.JPG,130509908192,249203,249203,0,3808069190,0
S4/F12/F12_R1/S4_F12_R1_IMAG2479.JPG,130655951798,648051,648051,0,820655880,0
S4/F12/F12_R1/S4_F12_R1_IMAG2480.JPG,130656599915,679720,679720,0,512255656,0
S4/F12/F12_R1/S4_F12_R1_IMAG2481.JPG,130657279701,797290,797290,0,2131610906,0
S4/F12/F12_R2/S4_F12_R2_IMAG0163.JPG,130824637808,956939,956939,0,3112640945,0
S4/F12/F12_R2/S4_F12_R2_IMAG0164.JPG,130825594813,956955,956955,0,2647366164,0
S4/F12/F12_R2/S4_F12_R2_IMAG0165.JPG,130826551834,890662,890662,0,1815205981,0
S4/F12/F12_R2/S4_F12_R2_IMAG0292.JPG,130931405114,1034126,1034126,0,2276009816,0
S4/F12/F12_R2/S4_F12_R2_IMAG0293.JPG,130932439306,1035448,1035448,0,2296840755,0
S4/F12/F12_R2/S4_F12_R2_IMAG0294.JPG,130933474820,995413,995413,0,785864314,0
S4/F13/F13_R1/S4_F13_R1_IMAG0255.JPG,131721988768,788937,788937,0,2000617256,0
S4/F13/F13_R1/S4_F13_R1_IMAG0256.JPG,131722777771,787778,787778,0,996828928,0
S4/F13/F13_R1/S4_F13_R1_IMAG0257.JPG,131723565615,723798,723798,0,167927349,0
S4/F13/F13_R1/S4_F13_R1_IMAG0282.JPG,131746046639,826713,826713,0,2556080220,0
S4/F13/F13_R1/S4_F13_R1_IMAG0283.JPG,131746873418,828822,828822,0,2988370020,0
S4/F13/F13_R1/S4_F13_R1_IMAG0284.JPG,131747702306,766342,766342,0,4269110277,0
S4/F13/F13_R1/S4_F13_R1_IMAG0314.JPG,131766731440,549575,549575,0,715354708,0
S4/F13/F13_R1/S4_F13_R1_IMAG0708.JPG,132026916614,536114,536114,0,3690982816,0
S4/F13/F13_R2/S4_F13_R2_IMAG0023.JPG,132091525912,555127,555127,0,2262364543,0
S4/F13/F13_R2/S4_F13_R2_IMAG0798.JPG,132570625198,909855,909855,0,3864504681,0
S4/F13/F13_R2/S4_F13_R2_IMAG0799.JPG,132571535119,907649,907649,0,3871815303,0
S4/F13/F13_R2/S4_F13_R2_IMAG0800.JPG,132572442834,839709,839709,0,3343191557,0
S4/G01/G01_R1/S4_G01_R1_IMAG0032.JPG,133367954288,815617,815617,0,3148305530,0
S4/G01/G01_R1/S4_G01_R1_IMAG0033.JPG,133368769971,817043,817043,0,749279020,0
S4/G01/G01_R1/S4_G01_R1_IMAG0034.JPG,133369587080,752683,752683,0,2845464993,0
S4/G02/G02_R1/S4_G02_R1_IMAG0388.JPG,134046345732,641436,641436,0,1544408857,0
S4/G02/G02_R1/S4_G02_R1_IMAG0623.JPG,134247520689,866273,866273,0,4199923459,0
S4/G02/G02_R1/S4_G02_R1_IMAG0624.JPG,134248387028,865106,865106,0,513673530,0
S4/G02/G02_R1/S4_G02_R1_IMAG0625.JPG,134249252200,799876,799876,0,2370536727,0
S4/G02/G02_R1/S4_G02_R1_IMAG0794.JPG,134374841137,620264,620264,0,3289976952,0
S4/G02/G02_R1/S4_G02_R1_IMAG0795.JPG,134375461467,621054,621054,0,3738123933,0
S4/G02/G02_R1/S4_G02_R1_IMAG0796.JPG,134376082587,553255,553255,0,1631291017,0
S4/G02/G02_R1/S4_G02_R1_IMAG1006.JPG,134522787333,652032,652032,0,1974885751,0
S4/G02/G02_R1/S4_G02_R1_IMAG1035.JPG,134539185546,455092,455092,0,1167416717,0
S4/G02/G02_R1/S4_G02_R1_IMAG1036.JPG,134539640704,456324,456324,0,1766032870,0
S4/G02/G02_R1/S4_G02_R1_IMAG1037.JPG,134540097094,392432,392432,0,3902728430,0
S4/G02/G02_R1/S4_G02_R1_IMAG1131.JPG,134615527257,593777,593777,0,4236225417,0
S4/G02/G02_R1/S4_G02_R1_IMAG1132.JPG,134616121100,594985,594985,0,3187827559,0
S4/G02/G02_R1/S4_G02_R1_IMAG1133.JPG,134616716151,528111,528111,0,987828767,0
S4/G02/G02_R1/S4_G02_R1_IMAG1176.JPG,134644867658,605626,605626,0,3571125838,0
S4/G02/G02_R1/S4_G02_R1_IMAG1177.JPG,134645473350,610200,610200,0,3652265584,0
S4/G02/G02_R1/S4_G02_R1_IMAG1178.JPG,134646083616,552028,552028,0,3579398314,0
S4/G03/G03_R2/S4_G03_R2_IMAG0085.JPG,139309455808,1091390,1091390,0,2356982849,0
S4/G03/G03_R2/S4_G03_R2_IMAG0086.JPG,139310547264,1094932,1094932,0,1676360757,0
S4/G03/G03_R2/S4_G03_R2_IMAG0087.JPG,139311642262,1030141,1030141,0,4271725253,0
S4/G04/G04_R1/S4_G04_R1_IMAG0030.JPG,140371613083,903961,903961,0,2902796316,0
S4/G04/G04_R1/S4_G04_R1_IMAG0031.JPG,140372517110,903771,903771,0,1479615176,0
S4/G04/G04_R1/S4_G04_R1_IMAG0032.JPG,140373420947,839251,839251,0,790381758,0
S4/G04/G04_R1/S4_G04_R1_IMAG0536.JPG,140952383632,953751,953751,0,3745576043,0
S4/G04/G04_R1/S4_G04_R1_IMAG0537.JPG,140953337449,996778,996778,0,4221744456,0
S4/G04/G04_R1/S4_G04_R1_IMAG0538.JPG,140954334293,926500,926500,0,1576526179,0
S4/G04/G04_R1/S4_G04_R1_IMAG0842.JPG,141254735657,964401,964401,0,4273179293,0
S4/G04/G04_R1/S4_G04_R1_IMAG0843.JPG,141255700124,960653,960653,0,1475922803,0
S4/G04/G04_R1/S4_G04_R1_IMAG0844.JPG,141256660843,870318,870318,0,2948906014,0
S4/G04/G04_R1/S4_G04_R1_IMAG0869.JPG,141274032174,909475,909475,0,1534270367,0
S4/G04/G04_R1/S4_G04_R1_IMAG0870.JPG,141274941715,921717,921717,0,3164558125,0
S4/G04/G04_R1/S4_G04_R1_IMAG0871.JPG,141275863498,861361,861361,0,453160834,0
S4/G04/G04_R1/S4_G04_R1_IMAG0875.JPG,141279584222,1141882,1141882,0,3318103959,0
S4/G04/G04_R1/S4_G04_R1_IMAG0876.JPG,141280726170,1094347,1094347,0,3426249975,0
S4/G04/G04_R1/S4_G04_R1_IMAG0877.JPG,141281820583,1059236,1059236,0,1329638554,0
S4/G04/G04_R1/S4_G04_R1_IMAG0914.JPG,141316210718,1222054,1222054,0,2377472630,0
S4/G04/G04_R1/S4_G04_R1_IMAG0915.JPG,141317432838,1166894,1166894,0,2703320079,0
S4/G04/G04_R1/S4_G04_R1_IMAG0916.JPG,141318599798,1028849,1028849,0,1350031353,0
S4/G04/G04_R1/S4_G04_R1_IMAG0989.JPG,141390644935,891247,891247,0,167682054,0
S4/G04/G04_R1/S4_G04_R1_IMAG0990.JPG,141391536248,892753,892753,0,3694743452,0
S4/G04/G04_R1/S4_G04_R1_IMAG0991.JPG,141392429067,821229,821229,0,1090154169,0
S4/G04/G04_R1/S4_G04_R1_IMAG1253.JPG,141614373222,926332,926332,0,1601767802,0
S4/G04/G04_R1/S4_G04_R1_IMAG1254.JPG,141615299620,925173,925173,0,4199878583,0
S4/G04/G04_R1/S4_G04_R1_IMAG1255.JPG,141616224859,856369,856369,0,4132125814,0
S4/G05/G05_R1/S4_G05_R1_IMAG0093.JPG,142548984713,1074935,1074935,0,1277958980,0
S4/G05/G05_R1/S4_G05_R1_IMAG0094.JPG,142550059714,968218,968218,0,2599445241,0
S4/G05/G05_R1/S4_G05_R1_IMAG0095.JPG,142551027998,831079,831079,0,4155673538,0
S4/G13/G13_R1/S4_G13_R1_IMAG0064.JPG,153202428057,1106050,1106050,0,1577203862,0
S4/G13/G13_R1/S4_G13_R1_IMAG0065.JPG,153203534173,1106650,1106650,0,373671364,0
S4/G13/G13_R1/S4_G13_R1_IMAG0066.JPG,153204640889,1028454,1028454,0,1511859942,0
S4/G13/G13_R2/S4_G13_R2_IMAG0458.JPG,153592909222,801828,801828,0,2075058660,0
S4/G13/G13_R2/S4_G13_R2_IMAG0459.JPG,153593711116,805967,805967,0,3902992940,0
S4/G13/G13_R2/S4_G13_R2_IMAG0460.JPG,153594517149,744178,744178,0,1655475697,0
S4/H01/H01_R2/S4_H01_R2_IMAG0132.JPG,154001525968,1002748,1002748,0,3880180048,0
S4/H01/H01_R2/S4_H01_R2_IMAG0133.JPG,154002528782,1003973,1003973,0,4206763841,0
S4/H01/H01_R2/S4_H01_R2_IMAG0134.JPG,154003532821,941744,941744,0,2804009698,0
S4/H02/H02_R1/S4_H02_R1_IMAG0105.JPG,154137005733,787953,787953,0,841933912,0
S4/H02/H02_R1/S4_H02_R1_IMAG0106.JPG,154137793752,803102,803102,0,3855067626,0
S4/H02/H02_R1/S4_H02_R1_IMAG0107.JPG,154138596920,733534,733534,0,3289987500,0
S4/H02/H02_R1/S4_H02_R1_IMAG0115.JPG,154143817260,481720,481720,0,3485587111,0
S4/H02/H02_R1/S4_H02_R1_IMAG1244.JPG,154878506442,570551,570551,0,3540624370,0
S4/H02/H02_R1/S4_H02_R1_IMAG1245.JPG,154879077059,515805,515805,0,2627351219,0
S4/H02/H02_R1/S4_H02_R1_IMAG1246.JPG,154879592930,418406,418406,0,3329534087,0
S4/H02/H02_R2/S4_H02_R2_IMAG0259.JPG,155369723063,607527,607527,0,3587664615,0
S4/H02/H02_R2/S4_H02_R2_IMAG0260.JPG,155370330656,607876,607876,0,1618958373,0
S4/H02/H02_R2/S4_H02_R2_IMAG0261.JPG,155370938598,541760,541760,0,1385568253,0
S4/H03/H03_R2/S4_H03_R2_IMAG0029.JPG,159609739118,1029348,1029348,0,1049858909,0
S4/H03/H03_R2/S4_H03_R2_IMAG0030.JPG,159610768532,973178,973178,0,1578845790,0
S4/H03/H03_R2/S4_H03_R2_IMAG0031.JPG,159611741776,859585,859585,0,3033355717,0
S4/H04/H04_R1/S4_H04_R1_IMAG0627.JPG,160094878211,703666,703666,0,3091164307,0
S4/H04/H04_R1/S4_H04_R1_IMAG0628.JPG,160095581943,704675,704675,0,3528274632,0
S4/H04/H04_R1/S4_H04_R1_IMAG0629.JPG,160096286684,647310,647310,0,2955514529,0
S4/H04/H04_R1/S4_H04_R1_IMAG0717.JPG,160145491039,553801,553801,0,3171403319,0
S4/H04/H04_R1/S4_H04_R1_IMAG0718.JPG,160146044906,550987,550987,0,403789489,0
S4/H04/H04_R1/S4_H04_R1_IMAG0719.JPG,160146595959,486027,486027,0,1722415587,0
S4/H04/H04_R2/S4_H04_R2_IMAG0100.JPG,160207903718,547611,547611,0,3173184854,0
S4/H04/H04_R2/S4_H04_R2_IMAG0101.JPG,160208451395,548364,548364,0,3171487038,0
S4/H04/H04_R2/S4_H04_R2_IMAG0102.JPG,160208999825,483343,483343,0,3852629722,0
S4/H04/H04_R2/S4_H04_R2_IMAG0124.JPG,160220615812,520965,520965,0,3578079831,0
S4/H04/H04_R2/S4_H04_R2_IMAG0125.JPG,160221136843,519972,519972,0,1273850978,0
S4/H04/H04_R2/S4_H04_R2_IMAG0126.JPG,160221656881,453525,453525,0,1806197489,0
S4/H04/H04_R2/S4_H04_R2_IMAG0234.JPG,160281422621,629191,629191,0,596908907,0
S4/H04/H04_R2/S4_H04_R2_IMAG0235.JPG,160282051878,632108,632108,0,866185041,0
S4/H04/H04_R2/S4_H04_R2_IMAG0236.JPG,160282684052,566002,566002,0,1041367526,0
S4/H05/H05_R1/S4_H05_R1_IMAG0093.JPG,160355048623,458981,458981,0,1720936682,0
S4/H05/H05_R1/S4_H05_R1_IMAG0094.JPG,160355507670,457767,457767,0,2098786158,0
S4/H05/H05_R1/S4_H05_R1_IMAG0095.JPG,160355965503,392507,392507,0,1581192818,0
S4/H06/H06_R1/S4_H06_R1_IMAG0076.JPG,164900103280,715171,715171,0,3416470641,0
S4/H06/H06_R1/S4_H06_R1_IMAG0077.JPG,164900818517,719335,719335,0,1995158021,0
S4/H06/H06_R1/S4_H06_R1_IMAG0078.JPG,164901537918,657973,657973,0,1447817987,0
S4/H06/H06_R2/S4_H06_R2_IMAG0151.JPG,165197014978,499386,499386,0,2494194507,0
S4/H06/H06_R2/S4_H06_R2_IMAG0152.JPG,165197514430,503246,503246,0,853589893,0
S4/H06/H06_R2/S4_H06_R2_IMAG0153.JPG,165198017742,442370,442370,0,3275018219,0
S4/H06/H06_R2/S4_H06_R2_IMAG0218.JPG,165239192709,519158,519158,0,1848429903,0
S4/H06/H06_R2/S4_H06_R2_IMAG0219.JPG,165239711933,519429,519429,0,653614127,0
S4/H06/H06_R2/S4_H06_R2_IMAG0220.JPG,165240231428,456975,456975,0,58698485,0
S4/H07/H07_R1/S4_H07_R1_IMAG0049.JPG,165339144362,888600,888600,0,2352987434,0
S4/H07/H07_R1/S4_H07_R1_IMAG0050.JPG,165340033028,887824,887824,0,2969269972,0
S4/H07/H07_R1/S4_H07_R1_IMAG0051.JPG,165340920918,823140,823140,0,12444399,0
S4/H07/H07_R1/S4_H07_R1_IMAG0097.JPG,165380542907,748805,748805,0,1676279284,0
S4/H07/H07_R1/S4_H07_R1_IMAG0098.JPG,165381291778,648259,648259,0,2117985232,0
S4/H07/H07_R1/S4_H07_R1_IMAG0099.JPG,165381940103,655954,655954,0,1345887551,0
S4/H07/H07_R1/S4_H07_R1_IMAG0537.JPG,165712006356,932605,932605,0,2326294159,0
S4/H07/H07_R1/S4_H07_R1_IMAG0538.JPG,165712939027,922973,922973,0,3263977989,0
S4/H07/H07_R1/S4_H07_R1_IMAG0539.JPG,165713862066,870164,870164,0,3719928766,0
S4/H07/H07_R1/S4_H07_R1_IMAG0561.JPG,165731991144,906564,906564,0,42757016,0
S4/H07/H07_R1/S4_H07_R1_IMAG0562.JPG,165732897774,901943,901943,0,490742235,0
S4/H07/H07_R1/S4_H07_R1_IMAG0563.JPG,165733799783,840200,840200,0,3200051027,0
S4/H07/H07_R1/S4_H07_R1_IMAG0702.JPG,165841242005,826036,826036,0,3651708251,0
S4/H07/H07_R1/S4_H07_R1_IMAG0703.JPG,165842068107,804815,804815,0,2460583604,0
S4/H07/H07_R1/S4_H07_R1_IMAG0704.JPG,165842872988,561207,561207,0,2473903855,0
S4/H07/H07_R1/S4_H07_R1_IMAG0723.JPG,165858055139,921686,921686,0,1462768220,0
S4/H07/H07_R1/S4_H07_R1_IMAG0724.JPG,165858976891,918862,918862,0,3087780403,0
S4/H07/H07_R1/S4_H07_R1_IMAG0725.JPG,165859895819,819743,819743,0,686860863,0
S4/H07/H07_R1/S4_H07_R1_IMAG1062.JPG,166115908398,602988,602988,0,3431168427,0
S4/H07/H07_R1/S4_H07_R1_IMAG1063.JPG,166116511452,601065,601065,0,2146480411,0
S4/H07/H07_R1/S4_H07_R1_IMAG1064.JPG,166117112583,534890,534890,0,3431751124,0
S4/H07/H07_R1/S4_H07_R1_IMAG1095.JPG,166136005887,597599,597599,0,870874318,0
S4/H07/H07_R1/S4_H07_R1_IMAG1096.JPG,166136603552,600701,600701,0,1930974353,0
S4/H07/H07_R1/S4_H07_R1_IMAG1097.JPG,166137204319,533296,533296,0,1771089521,0
S4/H07/H07_R1/S4_H07_R1_IMAG1455.JPG,166410094903,1027523,1027523,0,2143569463,0
S4/H07/H07_R1/S4_H07_R1_IMAG1456.JPG,166411122492,1032348,1032348,0,3478267931,0
S4/H07/H07_R1/S4_H07_R1_IMAG1457.JPG,166412154906,966796,966796,0,2223743671,0
S4/H07/H07_R1/S4_H07_R1_IMAG1524.JPG,166472594060,892961,892961,0,746031764,0
S4/H07/H07_R1/S4_H07_R1_IMAG1525.JPG,166473487087,902444,902444,0,1583602139,0
S4/H07/H07_R1/S4_H07_R1_IMAG1526.JPG,166474389597,828978,828978,0,1394109144,0
S4/H07/H07_R1/S4_H07_R1_IMAG1749.JPG,166644954409,875231,875231,0,837688355,0
S4/H07/H07_R1/S4_H07_R1_IMAG1750.JPG,166645829706,874307,874307,0,3156593744,0
S4/H07/H07_R1/S4_H07_R1_IMAG1751.JPG,166646704079,811735,811735,0,2806969754,0
S4/H07/H07_R1/S4_H07_R1_IMAG1929.JPG,166783870393,925403,925403,0,2130658669,0
S4/H07/H07_R1/S4_H07_R1_IMAG1930.JPG,166784795862,906731,906731,0,658173412,0
S4/H07/H07_R1/S4_H07_R1_IMAG1931.JPG,166785702659,866568,866568,0,1512952359,0
S4/H07/H07_R1/S4_H07_R1_IMAG2335.JPG,167109823601,647662,647662,0,2325549629,0
S4/H07/H07_R1/S4_H07_R1_IMAG2336.JPG,167110471329,650713,650713,0,243094995,0
S4/H07/H07_R1/S4_H07_R1_IMAG2337.JPG,167111122108,528308,528308,0,3038936693,0
S4/H07/H07_R1/S4_H07_R1_IMAG2650.JPG,167340852959,858805,858805,0,1466149416,0
S4/H07/H07_R1/S4_H07_R1_IMAG2651.JPG,167341711830,870814,870814,0,3539991671,0
S4/H07/H07_R1/S4_H07_R1_IMAG2652.JPG,167342582710,797220,797220,0,51412437,0
S4/H07/H07_R1/S4_H07_R1_IMAG3551.JPG,168045879376,616611,616611,0,2487374865,0
S4/H07/H07_R1/S4_H07_R1_IMAG3552.JPG,168046496053,616214,616214,0,1894521218,0
S4/H07/H07_R1/S4_H07_R1_IMAG3553.JPG,168047112333,559818,559818,0,880456472,0
S4/H07/H07_R1/S4_H07_R1_IMAG3767.JPG,168216983148,898261,898261,0,2670294898,0
S4/H07/H07_R1/S4_H07_R1_IMAG3768.JPG,168217881475,905962,905962,0,1793058437,0
S4/H07/H07_R1/S4_H07_R1_IMAG3769.JPG,168218787503,846328,846328,0,2832082022,0
S4/H07/H07_R1/S4_H07_R1_IMAG3809.JPG,168250323941,930578,930578,0,4020839369,0
S4/H07/H07_R1/S4_H07_R1_IMAG3810.JPG,168251254585,924955,924955,0,2753096986,0
S4/H07/H07_R1/S4_H07_R1_IMAG3811.JPG,168252179606,853883,853883,0,3571832223,0
S4/H07/H07_R2/S4_H07_R2_IMAG0203.JPG,169481182439,856604,856604,0,2035963295,0
S4/H07/H07_R2/S4_H07_R2_IMAG0204.JPG,169482039109,852645,852645,0,745192576,0
S4/H07/H07_R2/S4_H07_R2_IMAG0205.JPG,169482891820,786138,786138,0,1698391796,0
S4/H07/H07_R2/S4_H07_R2_IMAG0209.JPG,169486257020,828140,828140,0,3419410581,0
S4/H07/H07_R2/S4_H07_R2_IMAG0210.JPG,169487085226,830540,830540,0,3382276852,0
S4/H07/H07_R2/S4_H07_R2_IMAG0211.JPG,169487915832,761317,761317,0,1524494767,0
S4/H07/H07_R2/S4_H07_R2_IMAG0437.JPG,169643331388,853187,853187,0,1150821288,0
S4/H07/H07_R2/S4_H07_R2_IMAG0438.JPG,169644184641,850200,850200,0,122418665,0
S4/H07/H07_R2/S4_H07_R2_IMAG0439.JPG,169645034907,786012,786012,0,3397119852,0
S4/H07/H07_R2/S4_H07_R2_IMAG0731.JPG,169874851182,733457,733457,0,2112370587,0
S4/H07/H07_R2/S4_H07_R2_IMAG0732.JPG,169875584705,733317,733317,0,2283799890,0
S4/H07/H07_R2/S4_H07_R2_IMAG0733.JPG,169876318088,666666,666666,0,2662218480,0
S4/H07/H07_R2/S4_H07_R2_IMAG0869.JPG,169973205013,597972,597972,0,2783139084,0
S4/H07/H07_R2/S4_H07_R2_IMAG0870.JPG,169973803051,588588,588588,0,3609999105,0
S4/H07/H07_R2/S4_H07_R2_IMAG0871.JPG,169974391705,526885,526885,0,1790688172,0
S4/H07/H07_R2/S4_H07_R2_IMAG0887.JPG,169983376857,554027,554027,0,615360168,0
S4/H07/H07_R2/S4_H07_R2_IMAG0888.JPG,169983930950,553929,553929,0,191980749,0
S4/H07/H07_R2/S4_H07_R2_IMAG0889.JPG,169984484945,472434,472434,0,1073955243,0
S4/H07/H07_R2/S4_H07_R2_IMAG0920.JPG,170003858305,763372,763372,0,3218631513,0
S4/H07/H07_R2/S4_H07_R2_IMAG0921.JPG,170004621743,764240,764240,0,489792990,0
S4/H07/H07_R2/S4_H07_R2_IMAG0922.JPG,170005386049,704524,704524,0,3487597185,0
S4/H07/H07_R2/S4_H07_R2_IMAG1265.JPG,170246526166,828815,828815,0,2071556580,0
S4/H07/H07_R2/S4_H07_R2_IMAG1266.JPG,170247355047,829005,829005,0,365824979,0
S4/H07/H07_R2/S4_H07_R2_IMAG1267.JPG,170248184118,760770,760770,0,1074041190,0
S4/H07/H07_R2/S4_H07_R2_IMAG1394.JPG,170341056947,743019,743019,0,2053948746,0
S4/H07/H07_R2/S4_H07_R2_IMAG1395.JPG,170341800032,741124,741124,0,3266873576,0
S4/H07/H07_R2/S4_H07_R2_IMAG1396.JPG,170342541222,676530,676530,0,1360217834,0
S4/H07/H07_R2/S4_H07_R2_IMAG2367.JPG,171012271744,892088,892088,0,2308988113,0
S4/H07/H07_R2/S4_H07_R2_IMAG2368.JPG,171013163898,890531,890531,0,524984890,0
S4/H07/H07_R2/S4_H07_R2_IMAG2369.JPG,171014054495,823625,823625,0,4001533429,0
S4/H07/H07_R2/S4_H07_R2_IMAG2601.JPG,171199464542,749087,749087,0,1368076951,0
S4/H07/H07_R2/S4_H07_R2_IMAG2602.JPG,171200213695,735985,735985,0,1174002572,0
S4/H07/H07_R2/S4_H07_R2_IMAG2603.JPG,171200949746,672938,672938,0,2120417252,0
S4/H07/H07_R2/S4_H07_R2_IMAG2982.JPG,171468512656,817576,817576,0,407418582,0
S4/H07/H07_R2/S4_H07_R2_IMAG2983.JPG,171469330298,817586,817586,0,1286414674,0
S4/H07/H07_R2/S4_H07_R2_IMAG2984.JPG,171470147950,753516,753516,0,389781429,0
S4/H07/H07_R2/S4_H07_R2_IMAG3577.JPG,171914995408,756324,756324,0,2232775394,0
S4/H07/H07_R2/S4_H07_R2_IMAG3578.JPG,171915751798,759660,759660,0,1497869911,0
S4/H07/H07_R2/S4_H07_R2_IMAG3579.JPG,171916511524,409525,409525,0,181424849,0
S4/H07/H07_R2/S4_H07_R2_IMAG3607.JPG,171936942496,722729,722729,0,945398793,0
S4/H07/H07_R2/S4_H07_R2_IMAG3608.JPG,171937665291,715924,715924,0,3239827067,0
S4/H07/H07_R2/S4_H07_R2_IMAG3609.JPG,171938381281,658651,658651,0,1177355123,0
S4/H07/H07_R2/S4_H07_R2_IMAG3667.JPG,171981345348,679602,679602,0,3968714986,0
S4/H07/H07_R2/S4_H07_R2_IMAG3668.JPG,171982025016,668326,668326,0,1514613864,0
S4/H07/H07_R2/S4_H07_R2_IMAG3669.JPG,171982693408,603623,603623,0,2489501646,0
S4/H07/H07_R2/S4_H07_R2_IMAG4312.JPG,172413802956,707026,707026,0,2670117433,0
S4/H07/H07_R2/S4_H07_R2_IMAG4313.JPG,172414510048,662994,662994,0,2789579870,0
S4/H07/H07_R2/S4_H07_R2_IMAG4314.JPG,172415173108,634249,634249,0,2429826344,0
S4/H07/H07_R2/S4_H07_R2_IMAG4407.JPG,172483544664,674934,674934,0,2246963092,0
S4/H07/H07_R2/S4_H07_R2_IMAG4408.JPG,172484219664,681639,681639,0,2798187831,0
S4/H07/H07_R2/S4_H07_R2_IMAG4409.JPG,172484901369,581467,581467,0,525681805,0
S4/H07/H07_R2/S4_H07_R2_IMAG4512.JPG,172557674346,683691,683691,0,215710495,0
S4/H07/H07_R2/S4_H07_R2_IMAG4513.JPG,172558358103,681228,681228,0,2634266185,0
S4/H07/H07_R2/S4_H07_R2_IMAG4514.JPG,172559039397,613646,613646,0,2384209354,0
S4/H07/H07_R2/S4_H07_R2_IMAG5044.JPG,172927365045,441287,441287,0,1003814637,0
S4/H07/H07_R2/S4_H07_R2_IMAG5045.JPG,172927806398,441341,441341,0,755781990,0
S4/H07/H07_R2/S4_H07_R2_IMAG5046.JPG,172928247805,376107,376107,0,1056508226,0
S4/H07/H07_R2/S4_H07_R2_IMAG5059.JPG,172936736711,598362,598362,0,720325183,0
S4/H07/H07_R2/S4_H07_R2_IMAG5060.JPG,172937335139,595688,595688,0,2311988209,0
S4/H07/H07_R2/S4_H07_R2_IMAG5061.JPG,172937930893,530805,530805,0,322377447,0
S4/H07/H07_R2/S4_H07_R2_IMAG5448.JPG,173195215192,515303,515303,0,3895895871,0
S4/H09/H09_R1/S4_H09_R1_IMAG0113.JPG,173425387633,489856,489856,0,3884042016,0
S4/H09/H09_R1/S4_H09_R1_IMAG0114.JPG,173425877555,491027,491027,0,2460370033,0
S4/H09/H09_R1/S4_H09_R1_IMAG0115.JPG,173426368648,430904,430904,0,3067945033,0
S4/I01/I01_R1/S4_I01_R1_IMAG0226.JPG,179170939783,941390,941390,0,400903405,0
S4/I01/I01_R1/S4_I01_R1_IMAG0227.JPG,179171881239,940994,940994,0,108020779,0
S4/I01/I01_R1/S4_I01_R1_IMAG0228.JPG,179172822299,874328,874328,0,1852652539,0
S4/I02/I02_R1/S4_I02_R1_IMAG0020.JPG,179199945435,568902,568902,0,245639212,0
S4/I02/I02_R2/S4_I02_R2_IMAG0291.JPG,179913622868,639187,639187,0,653887482,0
S4/I02/I02_R2/S4_I02_R2_IMAG0292.JPG,179914262121,638532,638532,0,2327577590,0
S4/I02/I02_R2/S4_I02_R2_IMAG0293.JPG,179914900719,573725,573725,0,2020424751,0
S4/I03/I03_R1/S4_I03_R1_IMAG0175.JPG,180102019709,623618,623618,0,3245498146,0
S4/I03/I03_R1/S4_I03_R1_IMAG0176.JPG,180102643393,673660,673660,0,2336644916,0
S4/I03/I03_R1/S4_I03_R1_IMAG0177.JPG,180103317119,616834,616834,0,3723673978,0
S4/I03/I03_R1/S4_I03_R1_IMAG0235.JPG,180132715832,535239,535239,0,18058252,0
S4/I03/I03_R1/S4_I03_R1_IMAG0236.JPG,180133251137,527642,527642,0,3388496018,0
S4/I03/I03_R1/S4_I03_R1_IMAG0237.JPG,180133778845,464942,464942,0,4167387422,0
S4/I03/I03_R1/S4_I03_R1_IMAG0265.JPG,180151308157,944530,944530,0,2205487728,0
S4/I03/I03_R1/S4_I03_R1_IMAG0266.JPG,180152252753,944902,944902,0,3199843334,0
S4/I03/I03_R1/S4_I03_R1_IMAG0267.JPG,180153197721,879758,879758,0,355734146,0
S4/I03/I03_R1/S4_I03_R1_IMAG0401.JPG,180285929375,947022,947022,0,4260805531,0
S4/I03/I03_R1/S4_I03_R1_IMAG0402.JPG,180286876463,946847,946847,0,4131234295,0
S4/I03/I03_R1/S4_I03_R1_IMAG0403.JPG,180287823376,882782,882782,0,3675462163,0
S4/I03/I03_R1/S4_I03_R1_IMAG0787.JPG,180528876946,675613,675613,0,3654353867,0
S4/I06/I06_R2/S4_I06_R2_IMAG0115.JPG,181953605488,659174,659174,0,418097634,0
S4/I06/I06_R2/S4_I06_R2_IMAG0116.JPG,181954264728,665785,665785,0,2227841397,0
S4/I06/I06_R2/S4_I06_R2_IMAG0117.JPG,181954930579,604229,604229,0,876510030,0
S4/I07/I07_R1/S4_I07_R1_IMAG2174.JPG,183564378128,546940,546940,0,1802540892,0
S4/I07/I07_R1/S4_I07_R1_IMAG2175.JPG,183564925134,545591,545591,0,205759607,0
S4/I07/I07_R1/S4_I07_R1_IMAG2176.JPG,183565470791,473171,473171,0,446334116,0
S4/I07/I07_R1/S4_I07_R1_IMAG3440.JPG,184305267313,484193,484193,0,1949238737,0
S4/I07/I07_R1/S4_I07_R1_IMAG3441.JPG,184305751572,480051,480051,0,996284145,0
S4/I07/I07_R1/S4_I07_R1_IMAG3442.JPG,184306231689,406113,406113,0,3466392913,0
S4/I07/I07_R1/S4_I07_R1_IMAG3446.JPG,184307240504,511752,511752,0,1015712951,0
S4/I07/I07_R1/S4_I07_R1_IMAG3447.JPG,184307752322,539019,539019,0,4281643695,0
S4/I07/I07_R1/S4_I07_R1_IMAG3448.JPG,184308291407,479972,479972,0,699311937,0
S4/I07/I07_R1/S4_I07_R1_IMAG4232.JPG,184708691252,727870,727870,0,2572377961,0
S4/I07/I07_R1/S4_I07_R1_IMAG4233.JPG,184709419188,870840,870840,0,1322332623,0
S4/I07/I07_R1/S4_I07_R1_IMAG4234.JPG,184710290094,774581,774581,0,1040967826,0
S4/I08/I08_R2/S4_I08_R2_IMAG0129.JPG,187394217698,788557,788557,0,3555355501,0
S4/I08/I08_R2/S4_I08_R2_IMAG0130.JPG,187395006321,682780,682780,0,3342616125,0
S4/I08/I08_R2/S4_I08_R2_IMAG0131.JPG,187395689167,471090,471090,0,1220285407,0
S4/I08/I08_R2/S4_I08_R2_IMAG0150.JPG,187407994574,771465,771465,0,2782523007,0
S4/I08/I08_R2/S4_I08_R2_IMAG0151.JPG,187408766105,768945,768945,0,866893164,0
S4/I08/I08_R2/S4_I08_R2_IMAG0152.JPG,187409535116,701980,701980,0,3350662064,0
S4/I10/I10_R2/S4_I10_R2_IMAG4246.JPG,191980777185,992365,992365,0,3828229011,0
S4/I10/I10_R2/S4_I10_R2_IMAG4247.JPG,191981769616,1003518,1003518,0,2970629625,0
S4/I10/I10_R2/S4_I10_R2_IMAG4248.JPG,191982773200,902524,902524,0,2911412591,0
S4/I11/I11_R2/S4_I11_R2_IMAG0007.JPG,192072415885,393803,393803,0,282394502,0
S4/I11/I11_R2/S4_I11_R2_IMAG0010.JPG,192073601404,585920,585920,0,2689015940,0
S4/I12/I12_R1/S4_I12_R1_IMAG0050.JPG,193423254228,618553,618553,0,328384823,0
S4/I12/I12_R1/S4_I12_R1_IMAG0274.JPG,193575360213,821343,821343,0,420135259,0
S4/I12/I12_R1/S4_I12_R1_IMAG0275.JPG,193576181622,813399,813399,0,1541066474,0
S4/I12/I12_R1/S4_I12_R1_IMAG0276.JPG,193576995087,746637,746637,0,1519802010,0
S4/I12/I12_R1/S4_I12_R1_IMAG0295.JPG,193591296608,755828,755828,0,3996879863,0
S4/I12/I12_R1/S4_I12_R1_IMAG0296.JPG,193592052502,677215,677215,0,1963630140,0
S4/I12/I12_R1/S4_I12_R1_IMAG0297.JPG,193592729783,612272,612272,0,1971669214,0
S4/I12/I12_R1/S4_I12_R1_IMAG0556.JPG,193790283167,679361,679361,0,2895769081,0
S4/I12/I12_R1/S4_I12_R1_IMAG0557.JPG,193790962594,682721,682721,0,3361023495,0
S4/I12/I12_R1/S4_I12_R1_IMAG0558.JPG,193791645381,616547,616547,0,4061608062,0
S4/I13/I13_R1/S4_I13_R1_IMAG0523.JPG,198687265752,544706,544706,0,2404129670,0
S4/I13/I13_R1/S4_I13_R1_IMAG0524.JPG,198687810524,545119,545119,0,3103896201,0
S4/I13/I13_R1/S4_I13_R1_IMAG0525.JPG,198688355709,479687,479687,0,1264166911,0
S4/I13/I13_R1/S4_I13_R1_IMAG0649.JPG,198737205912,747566,747566,0,1817773838,0
S4/I13/I13_R1/S4_I13_R1_IMAG0650.JPG,198737953544,748990,748990,0,2641390024,0
S4/I13/I13_R1/S4_I13_R1_IMAG0651.JPG,198738702600,685100,685100,0,819653657,0
S4/J01/J01_R1/S4_J01_R1_IMAG0018.JPG,199426020287,1530442,1530442,0,422352473,0
S4/J01/J01_R1/S4_J01_R1_IMAG0019.JPG,199427550795,1530050,1530050,0,3816196894,0
S4/J01/J01_R1/S4_J01_R1_IMAG0020.JPG,199429080911,1465537,1465537,0,1070487892,0
S4/J01/J01_R1/S4_J01_R1_IMAG0090.JPG,199530674576,1740753,1740753,0,4034378247,0
S4/J01/J01_R1/S4_J01_R1_IMAG0091.JPG,199532415395,1739777,1739777,0,2826160668,0
S4/J01/J01_R1/S4_J01_R1_IMAG0092.JPG,199534155238,1674047,1674047,0,2962075244,0
S4/J01/J01_R1/S4_J01_R1_IMAG0093.JPG,199535829351,1704950,1704950,0,266826607,0
S4/J01/J01_R1/S4_J01_R1_IMAG0094.JPG,199537534367,1695116,1695116,0,4251445375,0
S4/J01/J01_R1/S4_J01_R1_IMAG0095.JPG,199539229549,1632793,1632793,0,4214829581,0
S4/J01/J01_R1/S4_J01_R1_IMAG0339.JPG,199857002571,1614820,1614820,0,3887916136,0
S4/J01/J01_R1/S4_J01_R1_IMAG0340.JPG,199858617457,1614193,1614193,0,2098190247,0
S4/J01/J01_R1/S4_J01_R1_IMAG0341.JPG,199860231716,1548676,1548676,0,3504830707,0
S4/J01/J01_R1/S4_J01_R1_IMAG0348.JPG,199871713229,1619759,1619759,0,3145697557,0
S4/J01/J01_R1/S4_J01_R1_IMAG0349.JPG,199873333054,1621592,1621592,0,498038397,0
S4/J01/J01_R1/S4_J01_R1_IMAG0350.JPG,199874954712,1553789,1553789,0,788499368,0
S4/J02/J02_R1/S4_J02_R1_IMAG1290.JPG,202285134980,1227097,1227097,0,3503132179,0
S4/J02/J02_R1/S4_J02_R1_IMAG1291.JPG,202286362143,1227667,1227667,0,2974270990,0
S4/J02/J02_R1/S4_J02_R1_IMAG1292.JPG,202287589876,1164027,1164027,0,2686038350,0
S4/J03/J03_R1/S4_J03_R1_IMAG0357.JPG,203390168971,970133,970133,0,3840797283,0
S4/J03/J03_R1/S4_J03_R1_IMAG0358.JPG,203391139170,971475,971475,0,3426168557,0
S4/J03/J03_R1/S4_J03_R1_IMAG0359.JPG,203392110711,907190,907190,0,1132801474,0
S4/J03/J03_R1/S4_J03_R1_IMAG0642.JPG,203663662139,834938,834938,0,122382565,0
S4/J03/J03_R1/S4_J03_R1_IMAG0643.JPG,203664497143,856718,856718,0,1814829798,0
S4/J03/J03_R1/S4_J03_R1_IMAG0644.JPG,203665353927,802837,802837,0,2905516474,0
S4/J03/J03_R1/S4_J03_R1_IMAG0689.JPG,203704144108,1004804,1004804,0,3831306728,0
S4/J03/J03_R1/S4_J03_R1_IMAG0690.JPG,203705148978,1003428,1003428,0,1702557309,0
S4/J03/J03_R1/S4_J03_R1_IMAG0691.JPG,203706152472,937544,937544,0,963493751,0
S4/J03/J03_R1/S4_J03_R1_IMAG0786.JPG,203793058115,822143,822143,0,2815535853,0
S4/J03/J03_R1/S4_J03_R1_IMAG0787.JPG,203793880324,823226,823226,0,4009453941,0
S4/J03/J03_R1/S4_J03_R1_IMAG0788.JPG,203794703616,759063,759063,0,452288514,0
S4/J03/J03_R1/S4_J03_R1_IMAG1861.JPG,204856744966,877699,877699,0,574635229,0
S4/J03/J03_R1/S4_J03_R1_IMAG1862.JPG,204857622731,875652,875652,0,3552636849,0
S4/J03/J03_R1/S4_J03_R1_IMAG1863.JPG,204858498449,811180,811180,0,4160046231,0
S4/J03/J03_R2/S4_J03_R2_IMAG0752.JPG,206037811443,897505,897505,0,2779400565,0
S4/J03/J03_R2/S4_J03_R2_IMAG0753.JPG,206038709014,897257,897257,0,2135198149,0
S4/J03/J03_R2/S4_J03_R2_IMAG0754.JPG,206039606337,831731,831731,0,3344097498,0
S4/J03/J03_R2/S4_J03_R2_IMAG0922.JPG,206184685376,848804,848804,0,3298066602,0
S4/J03/J03_R2/S4_J03_R2_IMAG0923.JPG,206185534246,848417,848417,0,3743663398,0
S4/J03/J03_R2/S4_J03_R2_IMAG0924.JPG,206186382729,783013,783013,0,613202666,0
S4/J03/J03_R2/S4_J03_R2_IMAG0928.JPG,206189594044,829619,829619,0,3551361248,0
S4/J03/J03_R2/S4_J03_R2_IMAG0929.JPG,206190423729,828692,828692,0,1009412562,0
S4/J03/J03_R2/S4_J03_R2_IMAG0930.JPG,206191252487,762760,762760,0,874100384,0
S4/J03/J03_R2/S4_J03_R2_IMAG1490.JPG,206537932580,889902,889902,0,2965825464,0
S4/J03/J03_R2/S4_J03_R2_IMAG1491.JPG,206538822548,886561,886561,0,3190090362,0
S4/J03/J03_R2/S4_J03_R2_IMAG1492.JPG,206539709175,821762,821762,0,2601518975,0
S4/J04/J04_R2/S4_J04_R2_IMAG0386.JPG,207708028898,746732,746732,0,234550045,0
S4/J04/J04_R2/S4_J04_R2_IMAG0387.JPG,207708775696,711994,711994,0,177035872,0
S4/J04/J04_R2/S4_J04_R2_IMAG0388.JPG,207709487756,697281,697281,0,898009389,0
S4/J04/J04_R2/S4_J04_R2_IMAG0404.JPG,207721504313,745890,745890,0,3886857616,0
S4/J04/J04_R2/S4_J04_R2_IMAG0405.JPG,207722250269,747079,747079,0,1523473308,0
S4/J04/J04_R2/S4_J04_R2_IMAG0406.JPG,207722997414,681679,681679,0,1091191123,0
S4/J05/J05_R1/S4_J05_R1_IMAG0131.JPG,208588788258,396378,396378,0,865936551,0
S4/J05/J05_R1/S4_J05_R1_IMAG0132.JPG,208589184702,391237,391237,0,2079352026,0
S4/J05/J05_R1/S4_J05_R1_IMAG0133.JPG,208589576005,318668,318668,0,3627191098,0
S4/J05/J05_R1/S4_J05_R1_IMAG0233.JPG,208667506211,852370,852370,0,3867808515,0
S4/J05/J05_R1/S4_J05_R1_IMAG0234.JPG,208668358647,848179,848179,0,3502917600,0
S4/J05/J05_R1/S4_J05_R1_IMAG0235.JPG,208669206892,782925,782925,0,2996183528,0
S4/J05/J05_R1/S4_J05_R1_IMAG0272.JPG,208697599540,644878,644878,0,1483991474,0
S4/J05/J05_R1/S4_J05_R1_IMAG0273.JPG,208698244484,643843,643843,0,1160047621,0
S4/J05/J05_R1/S4_J05_R1_IMAG0274.JPG,208698888393,580484,580484,0,3529727459,0
S4/J05/J05_R1/S4_J05_R1_IMAG1561.JPG,209416642616,742028,742028,0,1956314560,0
S4/J05/J05_R1/S4_J05_R1_IMAG1562.JPG,209417384710,740055,740055,0,3854058310,0
S4/J05/J05_R1/S4_J05_R1_IMAG1563.JPG,209418124831,675191,675191,0,993449243,0
S4/J05/J05_R1/S4_J05_R1_IMAG1564.JPG,209418800088,651868,651868,0,735363784,0
S4/J05/J05_R1/S4_J05_R1_IMAG1571.JPG,209423249885,601029,601029,0,329187876,0
S4/J05/J05_R1/S4_J05_R1_IMAG1572.JPG,209423850980,953589,953589,0,1016312439,0
S4/J05/J05_R1/S4_J05_R1_IMAG1573.JPG,209424804635,953220,953220,0,845777018,0
S4/J05/J05_R1/S4_J05_R1_IMAG1574.JPG,209425757921,888284,888284,0,3068582721,0
S4/J05/J05_R1/S4_J05_R1_IMAG1713.JPG,209498425963,581845,581845,0,2434680075,0
S4/J05/J05_R1/S4_J05_R1_IMAG1714.JPG,209499007874,576898,576898,0,4133422050,0
S4/J05/J05_R1/S4_J05_R1_IMAG1715.JPG,209499584838,515650,515650,0,1212190025,0
S4/J10/J10_R1/S4_J10_R1_IMAG0650.JPG,220956983246,1071484,1071484,0,2918192664,0
S4/J10/J10_R1/S4_J10_R1_IMAG0651.JPG,220958054796,1066312,1066312,0,1539694639,0
S4/J10/J10_R1/S4_J10_R1_IMAG0652.JPG,220959121174,1000351,1000351,0,1571398199,0
S4/J10/J10_R1/S4_J10_R1_IMAG0725.JPG,221037637437,1048371,1048371,0,3546175038,0
S4/J10/J10_R1/S4_J10_R1_IMAG0726.JPG,221038685874,1085275,1085275,0,2185671001,0
S4/J10/J10_R1/S4_J10_R1_IMAG0727.JPG,221039771215,1035025,1035025,0,1286992935,0
S4/J10/J10_R1/S4_J10_R1_IMAG0833.JPG,221144506879,860913,860913,0,338333206,0
S4/J10/J10_R1/S4_J10_R1_IMAG0834.JPG,221145367858,861820,861820,0,383866247,0
S4/J10/J10_R1/S4_J10_R1_IMAG0835.JPG,221146229744,792287,792287,0,937321094,0
S4/J10/J10_R1/S4_J10_R1_IMAG1328.JPG,221613475597,1057457,1057457,0,2520780861,0
S4/J10/J10_R1/S4_J10_R1_IMAG1329.JPG,221614533120,1037907,1037907,0,7231410,0
S4/J10/J10_R1/S4_J10_R1_IMAG1330.JPG,221615571093,974727,974727,0,132035112,0
S4/J11/J11_R1/S4_J11_R1_IMAG1416.JPG,224406112507,1302616,1302616,0,2243322570,0
S4/J11/J11_R1/S4_J11_R1_IMAG1417.JPG,224407415189,1299692,1299692,0,2706738819,0
S4/J11/J11_R1/S4_J11_R1_IMAG1418.JPG,224408714947,1235541,1235541,0,3261348882,0
S4/J11/J11_R1/S4_J11_R1_IMAG1590.JPG,224636444577,880045,880045,0,3755989466,0
S4/J11/J11_R1/S4_J11_R1_IMAG1591.JPG,224637324688,888252,888252,0,1313700006,0
S4/J11/J11_R1/S4_J11_R1_IMAG1592.JPG,224638213006,843371,843371,0,3144245064,0
S4/K03/K03_R2/S4_K03_R2_IMAG0235.JPG,227399266776,894079,894079,0,2899449698,0
S4/K03/K03_R2/S4_K03_R2_IMAG0236.JPG,227400160921,895399,895399,0,1707769115,0
S4/K03/K03_R2/S4_K03_R2_IMAG0237.JPG,227401056386,832828,832828,0,3656556635,0
S4/K03/K03_R2/S4_K03_R2_IMAG0378.JPG,227524398434,1012426,1012426,0,4083942696,0
S4/K03/K03_R2/S4_K03_R2_IMAG0379.JPG,227525410926,1014776,1014776,0,3802460008,0
S4/K03/K03_R2/S4_K03_R2_IMAG0380.JPG,227526425768,938094,938094,0,1846596122,0
S4/K06/K06_R1/S4_K06_R1_IMAG0096.JPG,229296090678,910054,910054,0,4031418204,0
S4/K06/K06_R1/S4_K06_R1_IMAG0097.JPG,229297000798,906884,906884,0,1762600754,0
S4/K06/K06_R1/S4_K06_R1_IMAG0098.JPG,229297907748,837227,837227,0,3292480505,0
S4/K06/K06_R1/S4_K06_R1_IMAG0147.JPG,229337178716,776958,776958,0,322287521,0
S4/K06/K06_R1/S4_K06_R1_IMAG0148.JPG,229337955740,807931,807931,0,4228246473,0
S4/K06/K06_R1/S4_K06_R1_IMAG0149.JPG,229338763737,749439,749439,0,2882593949,0
S4/K06/K06_R1/S4_K06_R1_IMAG0170.JPG,229352786582,566479,566479,0,3568025780,0
S4/K06/K06_R1/S4_K06_R1_IMAG0247.JPG,229397449933,556027,556027,0,920190286,0
S4/K06/K06_R1/S4_K06_R1_IMAG0380.JPG,229520409699,1021626,1021626,0,2843831654,0
S4/K06/K06_R1/S4_K06_R1_IMAG0381.JPG,229521431391,1028349,1028349,0,3952920593,0
S4/K06/K06_R1/S4_K06_R1_IMAG0382.JPG,229522459806,961265,961265,0,3360443241,0
S4/K07/K07_R1/S4_K07_R1_IMAG0058.JPG,229744204245,993591,993591,0,1863807782,0
S4/K07/K07_R1/S4_K07_R1_IMAG0059.JPG,229745197902,990852,990852,0,201482279,0
S4/K07/K07_R1/S4_K07_R1_IMAG0060.JPG,229746188820,927136,927136,0,2810550186,0
S4/K07/K07_R1/S4_K07_R1_IMAG0122.JPG,229800090128,562754,562754,0,2845033022,0
S4/K07/K07_R1/S4_K07_R1_IMAG0210.JPG,229890154468,1003090,1003090,0,451219882,0
S4/K07/K07_R1/S4_K07_R1_IMAG0211.JPG,229891157624,1001690,1001690,0,1596020290,0
S4/K07/K07_R1/S4_K07_R1_IMAG0212.JPG,229892159380,934815,934815,0,703674010,0
S4/K07/K07_R1/S4_K07_R1_IMAG0478.JPG,230145833019,1025655,1025655,0,3708869232,0
S4/K07/K07_R1/S4_K07_R1_IMAG0479.JPG,230146858740,1026452,1026452,0,3931091623,0
S4/K07/K07_R1/S4_K07_R1_IMAG0480.JPG,230147885258,960569,960569,0,1883309471,0
S4/K07/K07_R1/S4_K07_R1_IMAG0484.JPG,230151702192,1001284,1001284,0,4083062942,0
S4/K07/K07_R1/S4_K07_R1_IMAG0485.JPG,230152703542,1000296,1000296,0,2421898700,0
S4/K07/K07_R1/S4_K07_R1_IMAG0486.JPG,230153703904,935169,935169,0,213765011,0
S4/K07/K07_R1/S4_K07_R1_IMAG0496.JPG,230163184968,996706,996706,0,3621096501,0
S4/K07/K07_R1/S4_K07_R1_IMAG0497.JPG,230164181740,992483,992483,0,3090211462,0
S4/K07/K07_R1/S4_K07_R1_IMAG0498.JPG,230165174289,944467,944467,0,2392536701,0
S4/K07/K07_R1/S4_K07_R1_IMAG1488.JPG,230892041861,569447,569447,0,1147602758,0
S4/K07/K07_R1/S4_K07_R1_IMAG1489.JPG,230892611374,569452,569452,0,1621305242,0
S4/K07/K07_R1/S4_K07_R1_IMAG1490.JPG,230893180892,470451,470451,0,3312920599,0
S4/K07/K07_R1/S4_K07_R1_IMAG2116.JPG,231339703491,816943,816943,0,2828696589,0
S4/K07/K07_R1/S4_K07_R1_IMAG2117.JPG,231340520500,793310,793310,0,2572198193,0
S4/K07/K07_R1/S4_K07_R1_IMAG2118.JPG,231341313876,627950,627950,0,3630237362,0
S4/K07/K07_R1/S4_K07_R1_IMAG2145.JPG,231364012704,597585,597585,0,830001859,0
S4/K07/K07_R1/S4_K07_R1_IMAG2146.JPG,231364610355,437465,437465,0,2204734361,0
S4/K07/K07_R1/S4_K07_R1_IMAG2147.JPG,231365047886,580913,580913,0,2530672438,0
S4/K07/K07_R1/S4_K07_R1_IMAG2172.JPG,231384071717,592667,592667,0,3324795788,0
S4/K07/K07_R1/S4_K07_R1_IMAG2173.JPG,231384664450,586465,586465,0,3715366142,0
S4/K07/K07_R1/S4_K07_R1_IMAG2174.JPG,231385250981,518193,518193,0,25810670,0
S4/K07/K07_R2/S4_K07_R2_IMAG2488.JPG,232838220879,623777,623777,0,2406980811,0
S4/K07/K07_R2/S4_K07_R2_IMAG2489.JPG,232838844722,622067,622067,0,1099311062,0
S4/K07/K07_R2/S4_K07_R2_IMAG2490.JPG,232839466855,557807,557807,0,679068454,0
S4/L01/L01_R1/S4_L01_R1_IMAG0021.JPG,253038870825,1142790,1142790,0,3258637788,0
S4/L01/L01_R1/S4_L01_R1_IMAG0022.JPG,253040013681,1108168,1108168,0,2830713631,0
S4/L01/L01_R1/S4_L01_R1_IMAG0023.JPG,253041121915,1058955,1058955,0,3315043723,0
S4/L01/L01_R1/S4_L01_R1_IMAG0135.JPG,253146462294,1093932,1093932,0,2876760143,0
S4/L01/L01_R1/S4_L01_R1_IMAG0136.JPG,253147556292,1087081,1087081,0,1738863348,0
S4/L01/L01_R1/S4_L01_R1_IMAG0137.JPG,253148643439,1010232,1010232,0,2980246775,0
S4/L01/L01_R1/S4_L01_R1_IMAG0175.JPG,253185237614,860911,860911,0,3176305118,0
S4/L01/L01_R1/S4_L01_R1_IMAG0176.JPG,253186098591,824442,824442,0,2288883561,0
S4/L01/L01_R1/S4_L01_R1_IMAG0177.JPG,253186923099,718374,718374,0,3476338330,0
S4/L03/L03_R2/S4_L03_R2_IMAG0016.JPG,253614289122,676170,676170,0,544055219,0
S4/L03/L03_R2/S4_L03_R2_IMAG0017.JPG,253614965358,675227,675227,0,1613411935,0
S4/L03/L03_R2/S4_L03_R2_IMAG0018.JPG,253615640651,605873,605873,0,1665411639,0
S4/L06/L06_R1/S4_L06_R1_IMAG0111.JPG,264506409597,426550,426550,0,3262520943,0
S4/L06/L06_R1/S4_L06_R1_IMAG0112.JPG,264506836213,414678,414678,0,4132999006,0
S4/L06/L06_R1/S4_L06_R1_IMAG0113.JPG,264507250957,327638,327638,0,1712503130,0
S4/L06/L06_R2/S4_L06_R2_IMAG0096.JPG,264540320269,448424,448424,0,2903591535,0
S4/L06/L06_R2/S4_L06_R2_IMAG0097.JPG,264540768759,442995,442995,0,356632208,0
S4/L06/L06_R2/S4_L06_R2_IMAG0098.JPG,264541211820,376501,376501,0,881276470,0
S4/L08/L08_R1/S4_L08_R1_IMAG1261.JPG,267043319197,453176,453176,0,3459601447,0
S4/L08/L08_R1/S4_L08_R1_IMAG1262.JPG,267043772439,457539,457539,0,3319903153,0
S4/L08/L08_R1/S4_L08_R1_IMAG1263.JPG,267044230044,392846,392846,0,1370980062,0
S4/L11/L11_R2/S4_L11_R2_IMAG0024.JPG,270312809424,811411,811411,0,3373475973,0
S4/L11/L11_R2/S4_L11_R2_IMAG0025.JPG,270313620901,806527,806527,0,3614437141,0
S4/L11/L11_R2/S4_L11_R2_IMAG0026.JPG,270314427494,740558,740558,0,3119119784,0
S4/M06/M06_R1/S4_M06_R1_IMAG0102.JPG,274345940759,959162,959162,0,854243158,0
S4/M06/M06_R1/S4_M06_R1_IMAG0103.JPG,274346899987,958513,958513,0,4203958200,0
S4/M06/M06_R1/S4_M06_R1_IMAG0104.JPG,274347858566,892158,892158,0,1563024334,0
S4/M06/M06_R2/S4_M06_R2_IMAG0054.JPG,274549720731,396951,396951,0,3961969543,0
S4/M06/M06_R2/S4_M06_R2_IMAG0055.JPG,274550117748,398575,398575,0,906166932,0
S4/M06/M06_R2/S4_M06_R2_IMAG0056.JPG,274550516389,334850,334850,0,2481959098,0
S4/M08/M08_R2/S4_M08_R2_IMAG6108.JPG,275411947275,365666,365666,0,4025507039,0
S4/M08/M08_R2/S4_M08_R2_IMAG6109.JPG,275412313007,365626,365626,0,450072926,0
S4/M08/M08_R2/S4_M08_R2_IMAG6110.JPG,275412678699,300582,300582,0,1300577026,0
S4/M11/M11_R2/S4_M11_R2_IMAG0232.JPG,280211202340,710007,710007,0,1387268505,0
S4/M11/M11_R2/S4_M11_R2_IMAG0233.JPG,280211912413,709440,709440,0,3888688546,0
S4/M11/M11_R2/S4_M11_R2_IMAG0234.JPG,280212621919,646912,646912,0,732925325,0
S4/M13/M13_R2/S4_M13_R2_IMAG0868.JPG,281767361912,616640,616640,0,3923363891,0
S4/M13/M13_R2/S4_M13_R2_IMAG1171.JPG,281962235438,385338,385338,0,4257696116,0
S4/M13/M13_R2/S4_M13_R2_IMAG1172.JPG,281962620842,387039,387039,0,2763168422,0
S4/M13/M13_R2/S4_M13_R2_IMAG1173.JPG,281963007947,321355,321355,0,3449342192,0
S4/M13/M13_R2/S4_M13_R2_IMAG1290.JPG,282026900341,393026,393026,0,938033847,0
S4/M13/M13_R2/S4_M13_R2_IMAG1291.JPG,282027293433,396629,396629,0,91003051,0
S4/M13/M13_R2/S4_M13_R2_IMAG1292.JPG,282027690128,334274,334274,0,2917340631,0
S4/M13/M13_R2/S4_M13_R2_IMAG1325.JPG,282044861749,407765,407765,0,4108593855,0
S4/M13/M13_R2/S4_M13_R2_IMAG1326.JPG,282045269580,406457,406457,0,2304338003,0
S4/M13/M13_R2/S4_M13_R2_IMAG1327.JPG,282045676103,341720,341720,0,3679799731,0
S4/M13/M13_R2/S4_M13_R2_IMAG1525.JPG,282150143452,409039,409039,0,675973129,0
S4/M13/M13_R2/S4_M13_R2_IMAG1526.JPG,282150552557,409024,409024,0,191378363,0
S4/M13/M13_R2/S4_M13_R2_IMAG1527.JPG,282150961647,346146,346146,0,2587747515,0
S4/N04/N04_R2/S4_N04_R2_IMAG0403.JPG,284520874598,609641,609641,0,1732946554,0
S4/N04/N04_R2/S4_N04_R2_IMAG0404.JPG,284521484305,678681,678681,0,4199241786,0
S4/N04/N04_R2/S4_N04_R2_IMAG0405.JPG,284522163052,638772,638772,0,2826337823,0
S4/N05/N05_R1/S4_N05_R1_IMAG0023.JPG,284672042997,515998,515998,0,1963602077,0
S4/N05/N05_R1/S4_N05_R1_IMAG0024.JPG,284672559061,510916,510916,0,3667963019,0
S4/N05/N05_R1/S4_N05_R1_IMAG0025.JPG,284673070043,439283,439283,0,2917464790,0
S4/N05/N05_R1/S4_N05_R1_IMAG0041.JPG,284684873319,541425,541425,0,1402999445,0
S4/N05/N05_R1/S4_N05_R1_IMAG0042.JPG,284685414810,643774,643774,0,1264356685,0
S4/N05/N05_R1/S4_N05_R1_IMAG0043.JPG,284686058650,753027,753027,0,829867433,0
S4/N05/N05_R2/S4_N05_R2_IMAG0046.JPG,284774082679,662840,662840,0,29885849,0
S4/N05/N05_R2/S4_N05_R2_IMAG0047.JPG,284774745585,663672,663672,0,1232186970,0
S4/N05/N05_R2/S4_N05_R2_IMAG0048.JPG,284775409323,599179,599179,0,1532739431,0
S4/N06/N06_R1/S4_N06_R1_IMAG0709.JPG,289311547362,881046,881046,0,889101954,0
S4/N06/N06_R1/S4_N06_R1_IMAG0710.JPG,289312428474,878766,878766,0,1665773931,0
S4/N06/N06_R1/S4_N06_R1_IMAG0711.JPG,289313307306,814626,814626,0,205725761,0
S4/N06/N06_R1/S4_N06_R1_IMAG0730.JPG,289327941345,643698,643698,0,3559579509,0
S4/N06/N06_R1/S4_N06_R1_IMAG0731.JPG,289328585109,656684,656684,0,2074047997,0
S4/N06/N06_R1/S4_N06_R1_IMAG0732.JPG,289329241859,607838,607838,0,2761677404,0
S4/N06/N06_R1/S4_N06_R1_IMAG0754.JPG,289344291624,620738,620738,0,2373123614,0
S4/N06/N06_R1/S4_N06_R1_IMAG0755.JPG,289344912428,621254,621254,0,2171635417,0
S4/N06/N06_R1/S4_N06_R1_IMAG0756.JPG,289345533748,556739,556739,0,808416472,0
S4/N06/N06_R1/S4_N06_R1_IMAG0877.JPG,289439593909,849794,849794,0,267002951,0
S4/N06/N06_R1/S4_N06_R1_IMAG0878.JPG,289440443769,849499,849499,0,301167161,0
S4/N06/N06_R1/S4_N06_R1_IMAG0879.JPG,289441293334,783818,783818,0,3670173531,0
S4/N06/N06_R1/S4_N06_R1_IMAG1059.JPG,289580434704,892380,892380,0,2705066328,0
S4/N06/N06_R1/S4_N06_R1_IMAG1060.JPG,289581327150,893478,893478,0,1955152964,0
S4/N06/N06_R1/S4_N06_R1_IMAG1061.JPG,289582220694,828589,828589,0,3667316618,0
S4/N06/N06_R1/S4_N06_R1_IMAG1149.JPG,289651876724,815247,815247,0,12637213,0
S4/N06/N06_R1/S4_N06_R1_IMAG1150.JPG,289652692037,814311,814311,0,1015449607,0
S4/N06/N06_R1/S4_N06_R1_IMAG1151.JPG,289653506414,752192,752192,0,1145970088,0
S4/N06/N06_R1/S4_N06_R1_IMAG1474.JPG,289891848204,539907,539907,0,3593705936,0
S4/N06/N06_R1/S4_N06_R1_IMAG1570.JPG,290014403403,1417620,1417620,0,2971164512,0
S4/N06/N06_R1/S4_N06_R1_IMAG1571.JPG,290015821089,1416243,1416243,0,2166457375,0
S4/N06/N06_R1/S4_N06_R1_IMAG1572.JPG,290017237398,1349824,1349824,0,1051810760,0
S4/N06/N06_R2/S4_N06_R2_IMAG0134.JPG,290316720255,1154999,1154999,0,2599017250,0
S4/N06/N06_R2/S4_N06_R2_IMAG0135.JPG,290317875320,1050563,1050563,0,899252694,0
S4/N06/N06_R2/S4_N06_R2_IMAG0136.JPG,290318925949,769626,769626,0,1785122822,0
S4/N08/N08_R1/S4_N08_R1_IMAG0407.JPG,291828334692,668717,668717,0,1709390182,0
S4/N08/N08_R1/S4_N08_R1_IMAG0408.JPG,291829003475,668967,668967,0,1773342679,0
S4/N08/N08_R1/S4_N08_R1_IMAG0409.JPG,291829672508,609678,609678,0,549319743,0
S4/N08/N08_R2/S4_N08_R2_IMAG0374.JPG,292797910096,358805,358805,0,3940492960,0
S4/N08/N08_R2/S4_N08_R2_IMAG0375.JPG,292798268967,359533,359533,0,999175744,0
S4/N08/N08_R2/S4_N08_R2_IMAG0376.JPG,292798628566,295075,295075,0,2331134378,0
S4/N09/N09_R1/S4_N09_R1_IMAG0037.JPG,293052921017,602001,602001,0,294939171,0
S4/N09/N09_R1/S4_N09_R1_IMAG0038.JPG,293053523084,600265,600265,0,2630352850,0
S4/N09/N09_R1/S4_N09_R1_IMAG0039.JPG,293054123415,534915,534915,0,1478854473,0
S4/N09/N09_R2/S4_N09_R2_IMAG1789.JPG,294628309677,788621,788621,0,3458498484,0
S4/N09/N09_R2/S4_N09_R2_IMAG1790.JPG,294629098364,788512,788512,0,3438650700,0
S4/N09/N09_R2/S4_N09_R2_IMAG1791.JPG,294629886942,725105,725105,0,2144275139,0
S4/N11/N11_R2/S4_N11_R2_IMAG0298.JPG,299285250759,501506,501506,0,479185231,0
S4/N11/N11_R2/S4_N11_R2_IMAG0299.JPG,299285752331,484562,484562,0,2308611554,0
S4/N11/N11_R2/S4_N11_R2_IMAG0300.JPG,299286236959,418013,418013,0,2627397358,0
S4/O04/O04_R2/S4_O04_R2_IMAG0044.JPG,304056168539,253524,253524,0,2915551110,0
S4/O04/O04_R2/S4_O04_R2_IMAG0045.JPG,304056422129,250999,250999,0,2937657105,0
S4/O04/O04_R2/S4_O04_R2_IMAG0046.JPG,304056673194,184312,184312,0,3802935690,0
S4/O04/O04_R2/S4_O04_R2_IMAG0053.JPG,304058321740,289277,289277,0,1031638240,0
S4/O04/O04_R2/S4_O04_R2_IMAG0054.JPG,304058611083,289689,289689,0,795146087,0
S4/O04/O04_R2/S4_O04_R2_IMAG0055.JPG,304058900838,224953,224953,0,2456051553,0
S4/O06/O06_R2/S4_O06_R2_IMAG0101.JPG,304515031828,376562,376562,0,1331244781,0
S4/O06/O06_R2/S4_O06_R2_IMAG0102.JPG,304515408456,392576,392576,0,1591210324,0
S4/O06/O06_R2/S4_O06_R2_IMAG0103.JPG,304515801098,344275,344275,0,29329490,0
S4/O06/O06_R2/S4_O06_R2_IMAG0531.JPG,304693515096,700698,700698,0,2755198800,0
S4/O06/O06_R2/S4_O06_R2_IMAG0532.JPG,304694215860,749798,749798,0,2604099261,0
S4/O06/O06_R2/S4_O06_R2_IMAG0533.JPG,304694965724,733459,733459,0,1488595998,0
S4/O06/O06_R2/S4_O06_R2_IMAG0701.JPG,304801815685,798253,798253,0,1212230425,0
S4/O06/O06_R2/S4_O06_R2_IMAG0702.JPG,304802614004,798363,798363,0,520076648,0
S4/O06/O06_R2/S4_O06_R2_IMAG0703.JPG,304803412433,734004,734004,0,2549328277,0
S4/O06/O06_R2/S4_O06_R2_IMAG1163.JPG,305114300604,798193,798193,0,76935720,0
S4/O06/O06_R2/S4_O06_R2_IMAG1164.JPG,305115098863,797201,797201,0,200062265,0
S4/O06/O06_R2/S4_O06_R2_IMAG1165.JPG,305115896130,740180,740180,0,3293609342,0
S4/O07/O07_R1/S4_O07_R1_IMAG0670.JPG,305697302833,967267,967267,0,408910140,0
S4/O07/O07_R1/S4_O07_R1_IMAG0671.JPG,305698270166,975079,975079,0,4062906434,0
S4/O07/O07_R1/S4_O07_R1_IMAG0672.JPG,305699245311,897766,897766,0,541353518,0
S4/O07/O07_R1/S4_O07_R1_IMAG0688.JPG,305712588962,850560,850560,0,1838087712,0
S4/O07/O07_R1/S4_O07_R1_IMAG0689.JPG,305713439588,855808,855808,0,778043466,0
S4/O07/O07_R1/S4_O07_R1_IMAG0690.JPG,305714295462,785589,785589,0,675639069,0
S4/O09/O09_R2/S4_O09_R2_IMAG0038.JPG,306180018985,605876,605876,0,341923286,0
S4/O09/O09_R2/S4_O09_R2_IMAG0039.JPG,306180624927,604051,604051,0,3915399455,0
S4/O09/O09_R2/S4_O09_R2_IMAG0040.JPG,306181229044,538239,538239,0,2495730955,0
S4/O09/O09_R2/S4_O09_R2_IMAG0619.JPG,306568229751,835909,835909,0,1661192848,0
S4/O09/O09_R2/S4_O09_R2_IMAG0620.JPG,306569065726,837170,837170,0,3863181150,0
S4/O09/O09_R2/S4_O09_R2_IMAG0621.JPG,306569902962,773788,773788,0,924616498,0
S4/O09/O09_R2/S4_O09_R2_IMAG0739.JPG,306656706358,971828,971828,0,2647909150,0
S4/O09/O09_R2/S4_O09_R2_IMAG0740.JPG,306657678252,970951,970951,0,1023734860,0
S4/O09/O09_R2/S4_O09_R2_IMAG0741.JPG,306658649269,908846,908846,0,3821503343,0
S4/O10/O10_R1/S4_O10_R1_IMAG0185.JPG,310302448294,615393,615393,0,1164014111,0
S4/O10/O10_R1/S4_O10_R1_IMAG0186.JPG,310303063753,595944,595944,0,2470884409,0
S4/O10/O10_R1/S4_O10_R1_IMAG0187.JPG,310303659763,542260,542260,0,1286794381,0
S4/O10/O10_R1/S4_O10_R1_IMAG0215.JPG,310322781749,792274,792274,0,2027775276,0
S4/O10/O10_R1/S4_O10_R1_IMAG0216.JPG,310323574089,791065,791065,0,1101090814,0
S4/O10/O10_R1/S4_O10_R1_IMAG0217.JPG,310324365220,726094,726094,0,1123004673,0
S4/O10/O10_R2/S4_O10_R2_IMAG0357.JPG,310742774466,543174,543174,0,1852324128,0
S4/O10/O10_R2/S4_O10_R2_IMAG0358.JPG,310743317706,542494,542494,0,2584237838,0
S4/O10/O10_R2/S4_O10_R2_IMAG0359.JPG,310743860266,439853,439853,0,1431499867,0
S4/O10/O10_R2/S4_O10_R2_IMAG0375.JPG,310752571253,596195,596195,0,4280803983,0
S4/O10/O10_R2/S4_O10_R2_IMAG0376.JPG,310753167514,595908,595908,0,1358736559,0
S4/O10/O10_R2/S4_O10_R2_IMAG0377.JPG,310753763488,529008,529008,0,3065981664,0
S4/P04/P04_R2/S4_P04_R2_IMAG0080.JPG,316226914252,848126,848126,0,3102943766,0
S4/P04/P04_R2/S4_P04_R2_IMAG0081.JPG,316227762444,857498,857498,0,1207442310,0
S4/P04/P04_R2/S4_P04_R2_IMAG0082.JPG,316228620008,790395,790395,0,1767388553,0
S4/P09/P09_R2/S4_P09_R2_IMAG4605.JPG,322451968770,867245,867245,0,2562711920,0
S4/P09/P09_R2/S4_P09_R2_IMAG4606.JPG,322452836081,866430,866430,0,2953992572,0
S4/P09/P09_R2/S4_P09_R2_IMAG4607.JPG,322453702577,801450,801450,0,2721267885,0
S4/P09/P09_R2/S4_P09_R2_IMAG4767.JPG,322582512811,821555,821555,0,2013587851,0
S4/P09/P09_R2/S4_P09_R2_IMAG4768.JPG,322583334432,822066,822066,0,3029120530,0
S4/P09/P09_R2/S4_P09_R2_IMAG4769.JPG,322584156564,755806,755806,0,4015216245,0
S4/P12/P12_R2/S4_P12_R2_IMAG1568.JPG,325990440843,1230484,1230484,0,214572327,0
S4/P12/P12_R2/S4_P12_R2_IMAG1569.JPG,325991671393,1231027,1231027,0,4165299184,0
S4/P12/P12_R2/S4_P12_R2_IMAG1570.JPG,325992902486,1166500,1166500,0,2989646454,0
S4/Q05/Q05_R1/S4_Q05_R1_IMAG0214.JPG,326909247809,705621,705621,0,1212459517,0
S4/Q05/Q05_R2/S4_Q05_R2_IMAG0014.JPG,327158168130,627156,627156,0,4244341026,0
S4/Q05/Q05_R2/S4_Q05_R2_IMAG0015.JPG,327158795352,627804,627804,0,3078939652,0
S4/Q05/Q05_R2/S4_Q05_R2_IMAG0016.JPG,327159423222,562541,562541,0,2745627486,0
S4/Q05/Q05_R2/S4_Q05_R2_IMAG0949.JPG,327734036436,642516,642516,0,3833990231,0
S4/Q05/Q05_R2/S4_Q05_R2_IMAG0950.JPG,327734679018,523702,523702,0,1382588079,0
S4/Q05/Q05_R2/S4_Q05_R2_IMAG0951.JPG,327735202786,374103,374103,0,2951739936,0
S4/Q06/Q06_R1/S4_Q06_R1_IMAG0344.JPG,328229109565,586388,586388,0,358909468,0
S4/Q06/Q06_R1/S4_Q06_R1_IMAG0692.JPG,328453780182,874071,874071,0,3834895308,0
S4/Q06/Q06_R1/S4_Q06_R1_IMAG0693.JPG,328454654319,873519,873519,0,3504622436,0
S4/Q06/Q06_R1/S4_Q06_R1_IMAG0694.JPG,328455527904,806063,806063,0,2947067043,0
S4/Q07/Q07_R1/S4_Q07_R1_IMAG0089.JPG,328598408316,629026,629026,0,342802557,0
S4/Q07/Q07_R1/S4_Q07_R1_IMAG0090.JPG,328599037408,629057,629057,0,3610330113,0
S4/Q07/Q07_R1/S4_Q07_R1_IMAG0091.JPG,328599666531,566191,566191,0,1502217085,0
S4/Q07/Q07_R2/S4_Q07_R2_IMAG0062.JPG,328795482774,743266,743266,0,3290487295,0
S4/Q07/Q07_R2/S4_Q07_R2_IMAG0063.JPG,328796226106,744262,744262,0,2873126959,0
S4/Q07/Q07_R2/S4_Q07_R2_IMAG0064.JPG,328796970434,679970,679970,0,1064392328,0
S4/Q08/Q08_R2/S4_Q08_R2_IMAG0270.JPG,329420897144,815396,815396,0,510056956,0
S4/Q08/Q08_R2/S4_Q08_R2_IMAG0271.JPG,329421712606,815190,815190,0,2849181099,0
S4/Q08/Q08_R2/S4_Q08_R2_IMAG0272.JPG,329422527862,747759,747759,0,2589823743,0
S4/Q08/Q08_R2/S4_Q08_R2_IMAG1350.JPG,330174656253,421062,421062,0,3364511805,0
S4/Q08/Q08_R2/S4_Q08_R2_IMAG1351.JPG,330175077381,420323,420323,0,2813664541,0
S4/Q08/Q08_R2/S4_Q08_R2_IMAG1352.JPG,330175497770,355312,355312,0,2052284449,0
S4/Q10/Q10_R2/S4_Q10_R2_IMAG0817.JPG,331104006499,980644,980644,0,822000368,0
S4/Q10/Q10_R2/S4_Q10_R2_IMAG0818.JPG,331104987209,976390,976390,0,2734655880,0
S4/Q10/Q10_R2/S4_Q10_R2_IMAG0819.JPG,331105963665,912205,912205,0,199012450,0
S4/Q11/Q11_R2/S4_Q11_R2_IMAG0038.JPG,332831938334,979115,979115,0,1724192302,0
S4/Q11/Q11_R2/S4_Q11_R2_IMAG0039.JPG,332832917515,975354,975354,0,1088533888,0
S4/Q11/Q11_R2/S4_Q11_R2_IMAG0040.JPG,332833892935,908281,908281,0,1679946904,0
S4/Q11/Q11_R2/S4_Q11_R2_IMAG0517.JPG,333195137601,972553,972553,0,458074875,0
S4/Q11/Q11_R2/S4_Q11_R2_IMAG0518.JPG,333196110220,971592,971592,0,1811245564,0
S4/Q11/Q11_R2/S4_Q11_R2_IMAG0519.JPG,333197081878,904184,904184,0,2980321762,0
S4/Q12/Q12_R2/S4_Q12_R2_IMAG0072.JPG,334754965679,299558,299558,0,530184920,0
S4/Q12/Q12_R2/S4_Q12_R2_IMAG0073.JPG,334755265303,299551,299551,0,4099272951,0
S4/Q12/Q12_R2/S4_Q12_R2_IMAG0074.JPG,334755564920,234033,234033,0,4087442195,0
S4/R06/R06_R1/S4_R06_R1_IMAG0495.JPG,335323210951,845634,845634,0,2360311386,0
S4/R06/R06_R1/S4_R06_R1_IMAG0496.JPG,335324056651,851529,851529,0,4027479929,0
S4/R06/R06_R1/S4_R06_R1_IMAG0497.JPG,335324908246,778276,778276,0,3540686370,0
S4/R06/R06_R2/S4_R06_R2_IMAG0098.JPG,335452349366,1130354,1130354,0,2975365013,0
S4/R06/R06_R2/S4_R06_R2_IMAG0099.JPG,335453479786,1127709,1127709,0,3582496663,0
S4/R06/R06_R2/S4_R06_R2_IMAG0100.JPG,335454607561,1062750,1062750,0,4278239625,0
S4/R07/R07_R2/S4_R07_R2_IMAG0456.JPG,336891492524,542777,542777,0,2449042144,0
S4/R07/R07_R2/S4_R07_R2_IMAG0457.JPG,336892035367,546555,546555,0,2299316415,0
S4/R07/R07_R2/S4_R07_R2_IMAG0458.JPG,336892581988,477561,477561,0,3223466919,0
S4/R09/R09_R2/S4_R09_R2_IMAG0689.JPG,342209825433,1023988,1023988,0,3290012826,0
S4/R09/R09_R2/S4_R09_R2_IMAG0690.JPG,342210849487,1023549,1023549,0,710788380,0
S4/R09/R09_R2/S4_R09_R2_IMAG0691.JPG,342211873102,957786,957786,0,349565328,0
S4/R09/R09_R2/S4_R09_R2_IMAG0692.JPG,342212830954,1021895,1021895,0,4094200218,0
S4/R09/R09_R2/S4_R09_R2_IMAG0693.JPG,342213852915,1023079,1023079,0,644391358,0
S4/R09/R09_R2/S4_R09_R2_IMAG0694.JPG,342214876060,957439,957439,0,2581521379,0
S4/R10/R10_R2/S4_R10_R2_IMAG0153.JPG,345500796646,619367,619367,0,3716096486,0
S4/R10/R10_R2/S4_R10_R2_IMAG1510.JPG,346573224967,968668,968668,0,1251829484,0
S4/R10/R10_R2/S4_R10_R2_IMAG1511.JPG,346574193701,1016722,1016722,0,858494334,0
S4/R10/R10_R2/S4_R10_R2_IMAG1512.JPG,346575210489,970161,970161,0,2143209493,0
S4/R10/R10_R2/S4_R10_R2_IMAG4698.JPG,349039723184,552222,552222,0,1848543834,0
S4/R10/R10_R2/S4_R10_R2_IMAG4699.JPG,349040275472,552158,552158,0,3388819401,0
S4/R10/R10_R2/S4_R10_R2_IMAG4700.JPG,349040827696,486616,486616,0,3770536381,0
S4/R11/R11_R2/S4_R11_R2_IMAG0139.JPG,349503781753,935164,935164,0,423888595,0
S4/R11/R11_R2/S4_R11_R2_IMAG0618.JPG,349958079067,1079419,1079419,0,3847928065,0
S4/R11/R11_R2/S4_R11_R2_IMAG2548.JPG,351642189355,1109792,1109792,0,873241907,0
S4/S07/S07_R2/S4_S07_R2_IMAG0452.JPG,357651258044,688580,688580,0,429626074,0
S4/S07/S07_R2/S4_S07_R2_IMAG0453.JPG,357651946690,644075,644075,0,2982585713,0
S4/S07/S07_R2/S4_S07_R2_IMAG0454.JPG,357652590831,685568,685568,0,42420970,0
S4/S10/S10_R1/S4_S10_R1_IMAG0026.JPG,359671259236,314663,314663,0,3608510010,0
S4/S10/S10_R1/S4_S10_R1_IMAG0051.JPG,359685575015,712659,712659,0,563833733,0
S4/S10/S10_R1/S4_S10_R1_IMAG0052.JPG,359686287740,712260,712260,0,2046651602,0
S4/S10/S10_R1/S4_S10_R1_IMAG0053.JPG,359687000066,647029,647029,0,1675839558,0
S4/S10/S10_R2/S4_S10_R2_IMAG0469.JPG,359913672089,407301,407301,0,531145105,0
S4/S10/S10_R2/S4_S10_R2_IMAG0470.JPG,359914079456,406251,406251,0,659540731,0
S4/S10/S10_R2/S4_S10_R2_IMAG0471.JPG,359914485773,341258,341258,0,3591506638,0
S4/S10/S10_R2/S4_S10_R2_IMAG1813.JPG,360500253741,496586,496586,0,700530014,0
S4/S10/S10_R2/S4_S10_R2_IMAG2165.JPG,360641351417,346965,346965,0,2327576322,0
S4/S10/S10_R2/S4_S10_R2_IMAG2166.JPG,360641698448,346862,346862,0,3812316957,0
S4/S10/S10_R2/S4_S10_R2_IMAG2167.JPG,360642045376,281683,281683,0,1837366564,0
S4/S11/S11_R1/S4_S11_R1_IMAG0020.JPG,360864681901,745428,745428,0,741009783,0
S4/S11/S11_R1/S4_S11_R1_IMAG0021.JPG,360865427395,744920,744920,0,4250054061,0
S4/S11/S11_R1/S4_S11_R1_IMAG0022.JPG,360866172381,679638,679638,0,1798086891,0
S4/S11/S11_R1/S4_S11_R1_IMAG0185.JPG,360964676320,635127,635127,0,2548830807,0
S4/S11/S11_R1/S4_S11_R1_IMAG0186.JPG,360965311513,651683,651683,0,2230876677,0
S4/S11/S11_R1/S4_S11_R1_IMAG0187.JPG,360965963262,589090,589090,0,2446043540,0
S4/S11/S11_R1/S4_S11_R1_IMAG0266.JPG,361017551531,704130,704130,0,2678795815,0
S4/S11/S11_R1/S4_S11_R1_IMAG0267.JPG,361018255727,703617,703617,0,390037986,0
S4/S11/S11_R1/S4_S11_R1_IMAG0268.JPG,361018959410,636822,636822,0,1573461295,0
S4/S11/S11_R1/S4_S11_R1_IMAG0681.JPG,361266013426,731827,731827,0,1258614241,0
S4/S11/S11_R1/S4_S11_R1_IMAG0682.JPG,361266745319,731192,731192,0,1382625733,0
S4/S11/S11_R1/S4_S11_R1_IMAG0683.JPG,361267476577,666602,666602,0,1906671165,0
S4/S11/S11_R1/S4_S11_R1_IMAG1222.JPG,361587274449,615117,615117,0,2255713189,0
S4/S11/S11_R1/S4_S11_R1_IMAG1223.JPG,361587889632,615354,615354,0,617097301,0
S4/S11/S11_R1/S4_S11_R1_IMAG1224.JPG,361588505052,550421,550421,0,3520515852,0
S4/S11/S11_R2/S4_S11_R2_IMAG0081.JPG,361791967190,455843,455843,0,3432262046,0
S4/S11/S11_R2/S4_S11_R2_IMAG0082.JPG,361792423099,448504,448504,0,1534390496,0
S4/S11/S11_R2/S4_S11_R2_IMAG0083.JPG,361792871669,393556,393556,0,2391842779,0
S4/S11/S11_R2/S4_S11_R2_IMAG0339.JPG,361936088205,723560,723560,0,422203984,0
S4/S11/S11_R2/S4_S11_R2_IMAG0340.JPG,361936811831,722770,722770,0,386952196,0
S4/S11/S11_R2/S4_S11_R2_IMAG0341.JPG,361937534667,658083,658083,0,3296031071,0
S4/S11/S11_R2/S4_S11_R2_IMAG0404.JPG,361974070740,531926,531926,0,501239457,0
S4/S11/S11_R2/S4_S11_R2_IMAG0405.JPG,361974602732,531197,531197,0,4023001537,0
S4/S11/S11_R2/S4_S11_R2_IMAG0406.JPG,361975133995,465375,465375,0,934777109,0
S4/S11/S11_R2/S4_S11_R2_IMAG1004.JPG,362301122984,672724,672724,0,1050923499,0
S4/S11/S11_R2/S4_S11_R2_IMAG1005.JPG,362301795774,664449,664449,0,1975252690,0
S4/S11/S11_R2/S4_S11_R2_IMAG1006.JPG,362302460289,597787,597787,0,2457043761,0
S4/S11/S11_R2/S4_S11_R2_IMAG2799.JPG,363166485746,324479,324479,0,773815472,0
S4/S11/S11_R2/S4_S11_R2_IMAG2800.JPG,363166810291,292691,292691,0,1964161712,0
S4/S11/S11_R2/S4_S11_R2_IMAG2801.JPG,363167103048,227112,227112,0,3066207135,0
S4/S11/S11_R2/S4_S11_R2_IMAG3307.JPG,363426676880,621011,621011,0,4128707302,0
S4/S11/S11_R2/S4_S11_R2_IMAG3308.JPG,363427297957,621325,621325,0,3888048234,0
S4/S11/S11_R2/S4_S11_R2_IMAG3309.JPG,363427919348,554878,554878,0,2830570306,0
S4/S11/S11_R2/S4_S11_R2_IMAG3352.JPG,363450354770,544112,544112,0,2324879959,0
S4/S11/S11_R2/S4_S11_R2_IMAG3353.JPG,363450898948,547979,547979,0,2799801103,0
S4/S11/S11_R2/S4_S11_R2_IMAG3354.JPG,363451446993,485311,485311,0,1311941039,0
S4/S11/S11_R2/S4_S11_R2_IMAG3370.JPG,363460902539,604150,604150,0,2760609189,0
S4/S11/S11_R2/S4_S11_R2_IMAG3371.JPG,363461506755,608562,608562,0,3804046270,0
S4/S11/S11_R2/S4_S11_R2_IMAG3372.JPG,363462115383,553187,553187,0,871173312,0
S4/S12/S12_R2/S4_S12_R2_IMAG0339.JPG,366031041241,906124,906124,0,1565983680,0
S4/S12/S12_R2/S4_S12_R2_IMAG0340.JPG,366031947431,906571,906571,0,2919507336,0
S4/S12/S12_R2/S4_S12_R2_IMAG0341.JPG,366032854068,836620,836620,0,2010839616,0
S4/S12/S12_R2/S4_S12_R2_IMAG0351.JPG,366041730392,933837,933837,0,2378564835,0
S4/S12/S12_R2/S4_S12_R2_IMAG0352.JPG,366042664295,930142,930142,0,2964180449,0
S4/S12/S12_R2/S4_S12_R2_IMAG0353.JPG,366043594503,860478,860478,0,3269848077,0
S4/S12/S12_R2/S4_S12_R2_IMAG0406.JPG,366085710490,801562,801562,0,859109022,0
S4/S12/S12_R2/S4_S12_R2_IMAG0407.JPG,366086512118,806051,806051,0,1191767978,0
S4/S12/S12_R2/S4_S12_R2_IMAG0408.JPG,366087318235,746963,746963,0,769842674,0
S4/S12/S12_R2/S4_S12_R2_IMAG0781.JPG,366406755836,685715,685715,0,3494809337,0
S4/S12/S12_R2/S4_S12_R2_IMAG0782.JPG,366407441617,686185,686185,0,2759409740,0
S4/S12/S12_R2/S4_S12_R2_IMAG0783.JPG,366408127868,614339,614339,0,1152165810,0
S4/S12/S12_R2/S4_S12_R2_IMAG0910.JPG,366507386575,835822,835822,0,2102285766,0
S4/S12/S12_R2/S4_S12_R2_IMAG0911.JPG,366508222463,839110,839110,0,1883689468,0
S4/S12/S12_R2/S4_S12_R2_IMAG0912.JPG,366509061639,770124,770124,0,155445543,0
S4/S12/S12_R2/S4_S12_R2_IMAG1186.JPG,366749453540,758616,758616,0,54624427,0
S4/S12/S12_R2/S4_S12_R2_IMAG1187.JPG,366750212222,764770,764770,0,3014202020,0
S4/S12/S12_R2/S4_S12_R2_IMAG1188.JPG,366750977058,702358,702358,0,2198380508,0
S4/S12/S12_R2/S4_S12_R2_IMAG1207.JPG,366767714935,571042,571042,0,3579983562,0
S4/S12/S12_R2/S4_S12_R2_IMAG1208.JPG,366768286043,563235,563235,0,364736680,0
S4/S12/S12_R2/S4_S12_R2_IMAG1209.JPG,366768849344,490517,490517,0,1963650458,0
S4/S12/S12_R2/S4_S12_R2_IMAG1276.JPG,366829397074,915282,915282,0,3455621167,0
S4/S12/S12_R2/S4_S12_R2_IMAG1277.JPG,366830312422,916436,916436,0,1032573143,0
S4/S12/S12_R2/S4_S12_R2_IMAG1278.JPG,366831228924,851380,851380,0,272131095,0
S4/S12/S12_R2/S4_S12_R2_IMAG1483.JPG,366998797418,732713,732713,0,2720067769,0
S4/S12/S12_R2/S4_S12_R2_IMAG1484.JPG,366999530197,792417,792417,0,2597855632,0
S4/S12/S12_R2/S4_S12_R2_IMAG1485.JPG,367000322680,728678,728678,0,3811875989,0
S4/S12/S12_R2/S4_S12_R2_IMAG1684.JPG,367161093380,748101,748101,0,105706400,0
S4/S12/S12_R2/S4_S12_R2_IMAG1685.JPG,367161841547,748549,748549,0,3888203630,0
S4/S12/S12_R2/S4_S12_R2_IMAG1686.JPG,367162590162,684098,684098,0,3349035859,0
S4/S12/S12_R2/S4_S12_R2_IMAG1687.JPG,367163274326,890829,890829,0,936552308,0
S4/S12/S12_R2/S4_S12_R2_IMAG1688.JPG,367164165221,892491,892491,0,4127577815,0
S4/S12/S12_R2/S4_S12_R2_IMAG1689.JPG,367165057778,826256,826256,0,2276693047,0
S4/S12/S12_R2/S4_S12_R2_IMAG2079.JPG,367503955148,960758,960758,0,2256918852,0
S4/S12/S12_R2/S4_S12_R2_IMAG2080.JPG,367504915972,960854,960854,0,2806882117,0
S4/S12/S12_R2/S4_S12_R2_IMAG2081.JPG,367505876892,891844,891844,0,286164485,0
S4/S12/S12_R2/S4_S12_R2_IMAG2421.JPG,367814310045,928879,928879,0,3412985509,0
S4/S12/S12_R2/S4_S12_R2_IMAG2422.JPG,367815238990,929905,929905,0,938148204,0
S4/S12/S12_R2/S4_S12_R2_IMAG2423.JPG,367816168961,863747,863747,0,2058044023,0
S4/S12/S12_R2/S4_S12_R2_IMAG2490.JPG,367870253719,865017,865017,0,1327390613,0
S4/S12/S12_R2/S4_S12_R2_IMAG2491.JPG,367871118802,860107,860107,0,883732405,0
S4/S12/S12_R2/S4_S12_R2_IMAG2492.JPG,367871978975,793783,793783,0,1200525182,0
S4/S13/S13_R2/S4_S13_R2_IMAG0052.JPG,369794255567,1048380,1048380,0,888238477,0
S4/S13/S13_R2/S4_S13_R2_IMAG0053.JPG,369795304013,1045601,1045601,0,1660846351,0
S4/S13/S13_R2/S4_S13_R2_IMAG0054.JPG,369796349680,979709,979709,0,2187082466,0
S4/S13/S13_R2/S4_S13_R2_IMAG0126.JPG,369867904796,1037381,1037381,0,3346853194,0
S4/S13/S13_R2/S4_S13_R2_IMAG0127.JPG,369868942243,1037136,1037136,0,2925937054,0
S4/S13/S13_R2/S4_S13_R2_IMAG0128.JPG,369869979445,971198,971198,0,985858433,0
S4/S13/S13_R2/S4_S13_R2_IMAG0518.JPG,370200446292,759509,759509,0,3986585459,0
S4/S13/S13_R2/S4_S13_R2_IMAG0519.JPG,370201205867,762127,762127,0,506548239,0
S4/S13/S13_R2/S4_S13_R2_IMAG0520.JPG,370201968060,699979,699979,0,2349410200,0
S4/T10/T10_R2/S4_T10_R2_IMAG0845.JPG,372777220455,534456,534456,0,3278775655,0
S4/T10/T10_R2/S4_T10_R2_IMAG0885.JPG,372806362381,714509,714509,0,1087542134,0
S4/T10/T10_R2/S4_T10_R2_IMAG0886.JPG,372807076956,715828,715828,0,1180694557,0
S4/T10/T10_R2/S4_T10_R2_IMAG0887.JPG,372807792850,650706,650706,0,3138661815,0
S4/T10/T10_R2/S4_T10_R2_IMAG0921.JPG,372836214678,868010,868010,0,1646351222,0
S4/T10/T10_R2/S4_T10_R2_IMAG0922.JPG,372837082754,868962,868962,0,1539927856,0
S4/T10/T10_R2/S4_T10_R2_IMAG0923.JPG,372837951782,808931,808931,0,3702426484,0
S4/T11/T11_R2/S4_T11_R2_IMAG0153.JPG,373241462344,472855,472855,0,4002767854,0
S4/T11/T11_R2/S4_T11_R2_IMAG0154.JPG,373241935265,473375,473375,0,3889638832,0
S4/T11/T11_R2/S4_T11_R2_IMAG0155.JPG,373242408706,407575,407575,0,1354218714,0
S4/T11/T11_R2/S4_T11_R2_IMAG0195.JPG,373263727351,427795,427795,0,3000325204,0
S4/T11/T11_R2/S4_T11_R2_IMAG0196.JPG,373264155212,427716,427716,0,3486837265,0
S4/T11/T11_R2/S4_T11_R2_IMAG0197.JPG,373264582994,363055,363055,0,3722428954,0
S4/T11/T11_R2/S4_T11_R2_IMAG1715.JPG,374063074264,627244,627244,0,2037918941,0
S4/T11/T11_R2/S4_T11_R2_IMAG1716.JPG,374063701574,627768,627768,0,3633417179,0
S4/T11/T11_R2/S4_T11_R2_IMAG1717.JPG,374064329408,553584,553584,0,2884305386,0
S4/T11/T11_R2/S4_T11_R2_IMAG1817.JPG,374131055250,703834,703834,0,4246316617,0
S4/T11/T11_R2/S4_T11_R2_IMAG1818.JPG,374131759150,702968,702968,0,2527318456,0
S4/T11/T11_R2/S4_T11_R2_IMAG1819.JPG,374132462184,636383,636383,0,1343528667,0
S4/T12/T12_R2/S4_T12_R2_IMAG0229.JPG,374533912659,604599,604599,0,694868364,0
S4/T12/T12_R2/S4_T12_R2_IMAG0230.JPG,374534517324,607292,607292,0,84918114,0
S4/T12/T12_R2/S4_T12_R2_IMAG0231.JPG,374535124682,542335,542335,0,2938379030,0
S4/T12/T12_R2/S4_T12_R2_IMAG0313.JPG,374595611270,631963,631963,0,2139900026,0
S4/T12/T12_R2/S4_T12_R2_IMAG0755.JPG,374972867022,808239,808239,0,783593522,0
S4/T12/T12_R2/S4_T12_R2_IMAG0756.JPG,374973675327,807894,807894,0,324975458,0
S4/T12/T12_R2/S4_T12_R2_IMAG0757.JPG,374974483287,742425,742425,0,335436865,0
S4/T12/T12_R2/S4_T12_R2_IMAG0767.JPG,374982775049,898727,898727,0,268279084,0
S4/T12/T12_R2/S4_T12_R2_IMAG0768.JPG,374983673842,898318,898318,0,2170637547,0
S4/T12/T12_R2/S4_T12_R2_IMAG0769.JPG,374984572226,832415,832415,0,3132403875,0
S4/T12/T12_R2/S4_T12_R2_IMAG1009.JPG,375152341662,576536,576536,0,1842954001,0
S4/T12/T12_R2/S4_T12_R2_IMAG1010.JPG,375152918264,574434,574434,0,1081283527,0
S4/T12/T12_R2/S4_T12_R2_IMAG1011.JPG,375153492764,509097,509097,0,1433935557,0
S4/T12/T12_R2/S4_T12_R2_IMAG1258.JPG,375312885661,855349,855349,0,12202552,0
S4/T12/T12_R2/S4_T12_R2_IMAG1259.JPG,375313741076,854561,854561,0,2617985034,0
S4/T12/T12_R2/S4_T12_R2_IMAG1260.JPG,375314595703,789198,789198,0,4282636229,0
S4/T12/T12_R2/S4_T12_R2_IMAG1391.JPG,375383540053,855807,855807,0,3680910351,0
S4/T12/T12_R2/S4_T12_R2_IMAG1392.JPG,375384395926,851313,851313,0,1631864639,0
S4/T12/T12_R2/S4_T12_R2_IMAG1393.JPG,375385247305,786725,786725,0,755605206,0
S4/T12/T12_R2/S4_T12_R2_IMAG1461.JPG,375416045520,471771,471771,0,800145679,0
S4/T12/T12_R2/S4_T12_R2_IMAG1462.JPG,375416517357,465127,465127,0,45474603,0
S4/T12/T12_R2/S4_T12_R2_IMAG1463.JPG,375416982550,398660,398660,0,890114626,0
S4/T13/T13_R2/S4_T13_R2_IMAG0739.JPG,376094656718,596496,596496,0,1607688241,0
S4/T13/T13_R2/S4_T13_R2_IMAG0740.JPG,376095253280,597344,597344,0,619161227,0
S4/T13/T13_R2/S4_T13_R2_IMAG0741.JPG,376095850690,532608,532608,0,424836524,0
S4/T13/T13_R2/S4_T13_R2_IMAG0839.JPG,376163235761,943233,943233,0,3090957517,0
S4/T13/T13_R2/S4_T13_R2_IMAG0840.JPG,376164179060,941579,941579,0,2827856996,0
S4/T13/T13_R2/S4_T13_R2_IMAG0841.JPG,376165120705,876128,876128,0,3862494099,0
S4/T13/T13_R2/S4_T13_R2_IMAG0938.JPG,376247479739,952084,952084,0,3519297411,0
S4/T13/T13_R2/S4_T13_R2_IMAG0939.JPG,376248431889,952435,952435,0,2502219345,0
S4/T13/T13_R2/S4_T13_R2_IMAG0940.JPG,376249384390,886423,886423,0,3546545799,0
S4/T13/T13_R2/S4_T13_R2_IMAG1063.JPG,376335431033,938344,938344,0,3462274794,0
S4/T13/T13_R2/S4_T13_R2_IMAG1064.JPG,376336369443,937274,937274,0,1126478739,0
S4/T13/T13_R2/S4_T13_R2_IMAG1065.JPG,376337306783,871068,871068,0,2541856936,0
S4/T13/T13_R2/S4_T13_R2_IMAG1117.JPG,376378631648,629761,629761,0,253049593,0
S4/T13/T13_R2/S4_T13_R2_IMAG1118.JPG,376379261475,629734,629734,0,3550211540,0
S4/T13/T13_R2/S4_T13_R2_IMAG1119.JPG,376379891275,564922,564922,0,3092342265,0
S4/T13/T13_R2/S4_T13_R2_IMAG1253.JPG,376477634803,942598,942598,0,429903680,0
S4/T13/T13_R2/S4_T13_R2_IMAG1254.JPG,376478577467,941490,941490,0,2352755543,0
S4/T13/T13_R2/S4_T13_R2_IMAG1255.JPG,376479519023,876206,876206,0,1842067643,0
S4/T13/T13_R2/S4_T13_R2_IMAG1313.JPG,376530846151,963142,963142,0,4077264852,0
S4/T13/T13_R2/S4_T13_R2_IMAG1314.JPG,376531809359,965981,965981,0,312497937,0
S4/T13/T13_R2/S4_T13_R2_IMAG1315.JPG,376532775406,902581,902581,0,3688849745,0
S4/T13/T13_R2/S4_T13_R2_IMAG1516.JPG,376706875819,940115,940115,0,1129642889,0
S4/T13/T13_R2/S4_T13_R2_IMAG1517.JPG,376707816000,942745,942745,0,2098248041,0
S4/T13/T13_R2/S4_T13_R2_IMAG1518.JPG,376708758811,878639,878639,0,3351422150,0
S4/T13/T13_R2/S4_T13_R2_IMAG3806.JPG,378351383115,521828,521828,0,1202081430,0
S4/T13/T13_R2/S4_T13_R2_IMAG3807.JPG,378351905009,509946,509946,0,1804250660,0
S4/T13/T13_R2/S4_T13_R2_IMAG3808.JPG,378352415021,406938,406938,0,4118934009,0
S4/T13/T13_R2/S4_T13_R2_IMAG5764.JPG,379151319976,548755,548755,0,3544969185,0
S4/T13/T13_R2/S4_T13_R2_IMAG6164.JPG,379398628857,522858,522858,0,1772097456,0
S4/T13/T13_R2/S4_T13_R2_IMAG6165.JPG,379399151781,521985,521985,0,1134657309,0
S4/T13/T13_R2/S4_T13_R2_IMAG6166.JPG,379399673832,456985,456985,0,2284203597,0
S4/T13/T13_R2/S4_T13_R2_IMAG6209.JPG,379420467046,545139,545139,0,1365110923,0
S4/T13/T13_R2/S4_T13_R2_IMAG6210.JPG,379421012251,544071,544071,0,997651456,0
S4/T13/T13_R2/S4_T13_R2_IMAG6211.JPG,379421556388,478589,478589,0,4051083426,0
S4/U09/U09_R2/S4_U09_R2_IMAG0459.JPG,379957476425,504614,504614,0,660182021,0
S4/U09/U09_R2/S4_U09_R2_IMAG0460.JPG,379957981105,505144,505144,0,1978242620,0
S4/U09/U09_R2/S4_U09_R2_IMAG0461.JPG,379958486315,439031,439031,0,3360488096,0
S4/U09/U09_R2/S4_U09_R2_IMAG1272.JPG,380653132658,1112715,1112715,0,3749336338,0
S4/U09/U09_R2/S4_U09_R2_IMAG1273.JPG,380654245439,1121183,1121183,0,692568128,0
S4/U09/U09_R2/S4_U09_R2_IMAG1274.JPG,380655366688,1069596,1069596,0,554920213,0
S4/U09/U09_R2/S4_U09_R2_IMAG2126.JPG,381328715500,1149701,1149701,0,1504705743,0
S4/U09/U09_R2/S4_U09_R2_IMAG2127.JPG,381329865267,1152537,1152537,0,1321157476,0
S4/U09/U09_R2/S4_U09_R2_IMAG2128.JPG,381331017870,1087478,1087478,0,2807256368,0
S4/U10/U10_R1/S4_U10_R1_IMAG0135.JPG,382024016846,551787,551787,0,578794580,0
S4/U10/U10_R1/S4_U10_R1_IMAG0598.JPG,382418266960,544951,544951,0,4171222434,0
S4/U10/U10_R1/S4_U10_R1_IMAG0599.JPG,382418811977,547569,547569,0,252988123,0
S4/U10/U10_R1/S4_U10_R1_IMAG0600.JPG,382419359612,467220,467220,0,1892596083,0
S4/U10/U10_R3/S4_U10_R3_IMAG0215.JPG,383057133745,608399,608399,0,2371905327,0
S4/U10/U10_R3/S4_U10_R3_IMAG0216.JPG,383057742210,610364,610364,0,3449039975,0
S4/U10/U10_R3/S4_U10_R3_IMAG0217.JPG,383058352640,546939,546939,0,832189618,0
S4/U12/U12_R2/S4_U12_R2_IMAG0126.JPG,391447165421,571224,571224,0,1644410928,0
S4/U12/U12_R2/S4_U12_R2_IMAG0127.JPG,391447736711,571800,571800,0,1684917047,0
S4/U12/U12_R2/S4_U12_R2_IMAG0128.JPG,391448308577,506770,506770,0,638400081,0
S4/U12/U12_R2/S4_U12_R2_IMAG0429.JPG,391634366297,602964,602964,0,3175490800,0
S4/U12/U12_R2/S4_U12_R2_IMAG0430.JPG,391634969327,610639,610639,0,95554402,0
S4/U12/U12_R2/S4_U12_R2_IMAG0431.JPG,391635580032,522450,522450,0,3067253763,0
S4/U12/U12_R2/S4_U12_R2_IMAG0489.JPG,391668653435,649574,649574,0,470557870,0
S4/U12/U12_R2/S4_U12_R2_IMAG0490.JPG,391669303075,651885,651885,0,623347207,0
S4/U12/U12_R2/S4_U12_R2_IMAG0491.JPG,391669955026,584992,584992,0,300493909,0
S4/U13/U13_R2/S4_U13_R2_IMAG0908.JPG,392545348618,940958,940958,0,2935576583,0
S4/U13/U13_R2/S4_U13_R2_IMAG0909.JPG,392546289642,940455,940455,0,3894211410,0
S4/U13/U13_R2/S4_U13_R2_IMAG0910.JPG,392547230163,874469,874469,0,2889338689,0
S4/U13/U13_R2/S4_U13_R2_IMAG1294.JPG,392864970255,992537,992537,0,2322505735,0
S4/U13/U13_R2/S4_U13_R2_IMAG1295.JPG,392865962858,992570,992570,0,3245960664,0
S4/U13/U13_R2/S4_U13_R2_IMAG1296.JPG,392866955494,929113,929113,0,186959376,0
S4/U13/U13_R2/S4_U13_R2_IMAG2866.JPG,394315380954,722544,722544,0,3091965956,0
S4/U13/U13_R2/S4_U13_R2_IMAG2867.JPG,394316103564,725354,725354,0,899584288,0
S4/U13/U13_R2/S4_U13_R2_IMAG2868.JPG,394316828984,658175,658175,0,3202760418,0
S4/U13/U13_R2/S4_U13_R2_IMAG3436.JPG,394748116591,1090475,1090475,0,1397160268,0
S4/U13/U13_R2/S4_U13_R2_IMAG3437.JPG,394749207132,1089302,1089302,0,1425108778,0
S4/U13/U13_R2/S4_U13_R2_IMAG3438.JPG,394750296500,1024606,1024606,0,1087335280,0
S4/U13/U13_R2/S4_U13_R2_IMAG3439.JPG,394751321172,1057848,1057848,0,1441740726,0
S4/U13/U13_R2/S4_U13_R2_IMAG3440.JPG,394752379086,1056778,1056778,0,1595674015,0
S4/U13/U13_R2/S4_U13_R2_IMAG3441.JPG,394753435930,992547,992547,0,1796182416,0
